Vin,Vo,IL,Io,Duty,Power,Efficiency,Fault_Type
23.49816047538945,10.749332392333935,1.3104612277000478,0.8602870134317063,0.4574542081109768,20.215162296511757,0.45745420811097676,Core_Saturation
25.802857225639663,25.802857225639663,1.6658241924628066,0.7794023294568032,0.48937426375000853,20.11080702830486,1.0,Switch_Short
24.92797576724562,14.39932267265079,0.67615391250286,1.1904200430522824,0.6418189572808721,29.674761986050783,0.5776370615527849,Cap_Degrade
24.394633936788146,10.636103194969829,1.107266670101488,3.403804224951911,0.43600175442395683,83.03455806019475,0.43600175442395683,Overcurrent
22.624074561769746,14.65723009325497,1.4649362407629434,1.8830663315733975,0.6478598739248684,42.60263309027478,0.6478598739248684,Core_Saturation
22.62397808134481,7.584773998254829,1.3657009923240038,0.9149390431510477,0.3352537723906766,20.699560858015897,0.3352537723906766,No_Fault
22.2323344486728,13.577717396693293,0.5321095804820583,3.062195041783769,0.6107193748834523,68.07974431600432,0.6107193748834523,Overcurrent
25.464704583099742,1.6272431413267634,0.05719339637775631,1.2070595652379732,0.6390190532218945,30.737415242989798,0.06390190532218945,Switch_Open
24.404460046972837,9.096202671893135,1.8944233177673415,0.7242495566152408,0.3727270611349355,17.674919368454436,0.3727270611349355,Core_Saturation
24.83229031118418,11.138068948673093,1.3854352261071379,1.4569031321261987,0.47213861294888015,36.17824153223129,0.4485316823014361,Cap_ESR_Increase
22.082337977183208,0.0,1.386073967095525,0.0,0.36619990986546225,0.0,0.0,Short_Circuit
25.87963940864798,1.507855584780725,0.06145168714147471,1.9914930422661847,0.5826416515976871,51.53912181868021,0.05826416515976871,Switch_Open
25.329770563201688,25.329770563201688,2.8556201232953926,0.6588692862336687,0.5141391072246627,16.68900785143929,1.0,Switch_Short
22.849356442713106,12.028423836193248,0.9159222598029807,1.0526507960016445,0.5541293386833284,24.052393247547254,0.5264228717491619,Cap_ESR_Increase
22.727299868828403,8.174215385581642,1.1035303584266976,0.4777540268836186,0.3785947867824844,10.858059032524308,0.3596650474433602,Cap_ESR_Increase
22.733618039413734,8.745585231554557,0.5140796632828907,0.9864580311105959,0.38469834482096776,22.425760091180397,0.3846983448209677,Overcurrent
23.21696897183815,0.0,0.5069575873032912,0.0,0.3165989302039625,0.0,0.0,Short_Circuit
24.09902572652895,10.334313244503349,0.7401266204515199,0.662442574346268,0.4288270140782919,15.964220641518779,0.42882701407829193,No_Fault
23.727780074568464,12.430933311186237,0.6008071971390853,3.150549230325883,0.52389786453347,74.7555392512735,0.52389786453347,Overcurrent
23.164916560792168,0.0,0.7602113679357536,0.0,0.6431739655989315,0.0,0.0,Short_Circuit
24.44741157888952,13.856083394179088,1.015564941792596,1.5250314935963192,0.5667709789834723,37.28307259471783,0.5667709789834723,Core_Saturation
22.557975442608168,22.557975442608168,1.0570400496772965,0.6118699390243822,0.47415852935990055,13.802547058582173,1.0,Switch_Short
23.16857859414087,1.578354889024111,0.07046520732030247,2.523001450277263,0.6812480457576551,58.454357393880166,0.06812480457576552,Switch_Open
23.46544737317477,13.101068454312678,0.5590454445277807,0.8309050926701915,0.5876980802303327,19.497559724155284,0.558313176218816,Cap_ESR_Increase
23.824279936868145,16.0114904532729,1.2360821443370855,2.4636649337522356,0.67206608114502,58.695043052358976,0.67206608114502,No_Fault
25.140703845572055,12.847784349080058,0.6521478869195165,1.410461983336871,0.5110351893088663,35.46000700851046,0.5110351893088663,Overcurrent
22.79869512863344,22.79869512863344,2.8244592439992,0.9621055302889697,0.4035617099172558,21.93475066663043,1.0,Switch_Short
24.056937753654445,0.7725420648339512,0.0696397969794943,0.521427682556342,0.3211306745458888,12.543953302290209,0.03211306745458888,Switch_Open
24.36965827544817,24.36965827544817,2.307802292738515,1.16861997351255,0.5904339405935402,28.478869408364137,1.0,Switch_Short
22.18580165087999,7.345611086795788,1.2894575647806659,0.7367847382827012,0.34852119920221364,16.346160062935535,0.33109513924210293,Cap_ESR_Increase
24.430179407605753,10.287794103819726,0.7580087129545328,0.7007257271303637,0.42111005130878687,17.11885522931978,0.4211100513087868,Core_Saturation
22.682096494749167,11.635651553732451,1.484871566113602,0.605618362632414,0.5129883631535589,13.736694140220408,0.5129883631535589,No_Fault
22.260206371941116,0.0,1.3778326035758144,0.0,0.525766635111899,0.0,0.0,Short_Circuit
25.795542149013333,13.935610313452337,1.3951062257300921,0.7419349419153404,0.5402332787948544,19.138614066002923,0.5402332787948544,No_Fault
25.862528132298237,0.0,1.159244537050872,0.0,0.36650213213988025,0.0,0.0,Short_Circuit
25.233589392465845,11.40293191783178,0.8447869286545365,1.3329190162867588,0.45189496192865947,33.63433115038956,0.4518949619286595,Overcurrent
23.218455076693484,12.697655097371982,2.090472973635721,1.1802852190120947,0.5468776908467866,27.404399335317652,0.5468776908467866,Core_Saturation
22.390688456025536,0.0,0.7915169281511923,0.0,0.6879275458535139,0.0,0.0,Short_Circuit
24.736932106048627,14.620824452424236,1.5940673150133045,0.8107923255801264,0.5910524550798755,20.05651470998086,0.5910524550798755,Core_Saturation
23.760609974958406,23.760609974958406,1.1994619446877648,1.4164868095652081,0.6690415028375831,33.65659061675209,1.0,Switch_Short
22.488152939379116,13.602742417657,1.42195563013275,1.044766027952946,0.6048848233256707,23.494858222473486,0.6048848233256707,No_Fault
23.980707640445083,12.870128946893121,0.6407704577712133,2.4269873224670073,0.5366867875569602,58.20087342714792,0.5366867875569602,No_Fault
22.137554084460874,7.924555447571112,0.7973864863034481,1.1304609199166782,0.3768093476545378,25.025639755024855,0.3579688802718109,Cap_ESR_Increase
25.637281608315128,14.527987603211141,1.0581341581282149,0.9933464590641697,0.5666742607570052,25.466702905650795,0.5666742607570052,No_Fault
23.035119926400068,23.035119926400068,2.528186000425963,0.803215709550429,0.5493518263839628,18.502170196262657,1.0,Switch_Short
24.65008913741593,12.668624530803864,1.231286436529929,0.9706223599964855,0.5409876681829066,23.92592769268238,0.5139382847737611,Cap_ESR_Increase
23.246844304357644,11.528443617546213,1.0982008692002343,1.6124485450557549,0.49591434719529626,37.48434027569915,0.49591434719529626,Core_Saturation
24.080272084711243,11.084543613710867,0.5009430425274903,1.0543680947693534,0.5114626415957102,25.38947059948464,0.4603163774361392,Cap_Degrade
24.18684111737312,0.0,1.2571505803074392,0.0,0.43377701084724163,0.0,0.0,Short_Circuit
22.73941782210211,1.1545372665956322,0.07426036629555469,0.9284637550473543,0.5077250770569213,21.112725258699655,0.050772507705692124,Switch_Open
25.878338511058235,9.80846899412001,1.9648696804591355,0.5432569384793542,0.3790223622713913,14.058586952449867,0.3790223622713913,Core_Saturation
25.100531293444458,25.100531293444458,1.9204132363132307,0.9384754806132419,0.6220697589441506,23.556233169263006,1.0,Switch_Short
25.757995766256755,9.64149553491598,2.1056508920986596,1.5402137518351227,0.3743107818794831,39.67281929889952,0.3743107818794831,Core_Saturation
25.579309401710596,0.8543144427632416,0.045492383655917505,0.4654488115303506,0.33398651595578654,11.905859160793321,0.03339865159557865,Switch_Open
24.391599915244342,24.391599915244342,2.049868168486935,0.9583710864622306,0.4744984105428629,23.37620411132477,1.0,Switch_Short
25.687496940092466,14.470357217208567,0.9771297673956832,0.8955574922593703,0.5633229758024247,23.004630342089456,0.5633229758024247,No_Fault
22.35397000820768,10.620074513123212,1.4214358089982875,1.4956611778785147,0.4750867299734165,33.433965112736885,0.4750867299734165,Core_Saturation
22.78393144967658,0.0,1.2751907692939057,0.0,0.4107016527805234,0.0,0.0,Short_Circuit
22.18090915564215,11.606570475961082,1.026768907269492,2.716610773731612,0.5232684735561762,60.25689678337962,0.5232684735561762,Overcurrent
23.301321323053056,10.224641563831717,0.8167171220252161,0.8832839204004362,0.43880093416488,20.581682448736583,0.43880093416488,No_Fault
23.554709158757927,15.85578359744144,0.7581581676584783,3.0184571663543944,0.6731470760506532,71.09888066164635,0.6731470760506532,No_Fault
23.085396127095585,13.90092322601144,0.5377473169674334,2.123333988580369,0.6690580558414287,49.018006236503666,0.6021522502572859,Cap_Degrade
25.31495003660772,12.681492019939629,1.083195161883046,3.974637159165566,0.5009487279888382,100.61774109792074,0.5009487279888382,Overcurrent
23.427013306774356,10.100641068409931,1.4599228308020684,1.1750174520166976,0.4311535976073034,27.52714948408727,0.4311535976073033,Inductor_Short
23.123738038749522,13.755224147706612,0.6481339220163831,4.23219998252368,0.5948529655826555,97.86428372347788,0.5948529655826555,Overcurrent
24.170784332632994,6.8455687999032335,1.1538299638276777,0.49459395707425036,0.31468517739322666,11.954723868665246,0.28321665965390397,Cap_Degrade
22.56369689989905,1.1054126649903828,0.05906046289107745,2.0336539909104787,0.48990760241746045,45.8867522501741,0.04899076024174604,Switch_Open
25.20878792301616,9.858562582309887,1.252154892257666,0.7678309179704675,0.4345293577081334,19.356086771852333,0.39107642193732006,Cap_Degrade
22.298202574719085,14.154980078254674,1.1039345859724508,2.095455016187442,0.6682143540410218,46.72488043715884,0.6348036363389707,Cap_ESR_Increase
25.94754774640207,7.908843973224339,1.3940546052038867,0.41240392123208364,0.30480121090907303,10.700870436972929,0.30480121090907303,No_Fault
25.08897907718663,13.074518063338063,2.8726855067964556,0.6882625353188554,0.5211259502873397,17.267804348226186,0.5211259502873397,Inductor_Short
22.79486272613669,12.232609812455424,1.3073709397924893,1.621439096006472,0.5962654324266503,36.9604816122587,0.5366388891839853,Cap_Degrade
22.02208846849441,0.0,1.1355934820081872,0.0,0.4940071950096165,0.0,0.0,Short_Circuit
25.261845713819337,8.441528982731134,1.6074419071823773,1.557454743573234,0.33416121206508864,39.3441814384031,0.33416121206508864,Inductor_Short
24.82742937539047,16.25042963484676,1.6312394137822435,0.901400132504068,0.6889845560111608,22.37944812871236,0.6545353282106028,Cap_ESR_Increase
24.91602867216395,24.91602867216395,1.5482723343838767,0.9838615033578595,0.5072041725504391,24.513921427102755,1.0,Switch_Short
25.085081386743784,0.0,0.7026569219904311,0.0,0.5456744977276046,0.0,0.0,Short_Circuit
22.296178606936362,22.296178606936362,1.8843082275731655,0.8679705315186056,0.3946439130830029,19.35242599629632,1.0,Switch_Short
23.43386291417709,0.0,0.5568405707123885,0.0,0.4933992340427215,0.0,0.0,Short_Circuit
22.46347623810052,10.595118637509623,2.9569889293435816,0.9725497172634758,0.4716597967833287,21.846847464119467,0.47165979678332864,Inductor_Short
25.452413703502373,0.0,1.0884335564164247,0.0,0.3299583368007935,0.0,0.0,Short_Circuit
24.493192507310233,8.388040142625963,2.1139041833283505,0.6961983261564364,0.3424641414189869,17.052119625816754,0.3424641414189869,Inductor_Short
23.323592099410597,1.4810224606644753,0.057789813994986,1.3769482223082847,0.6349890078475098,32.11537867912698,0.06349890078475098,Switch_Open
22.254233401144095,22.254233401144095,1.9940472955544133,1.2981600063388095,0.3959279808826361,28.889555773094564,1.0,Switch_Short
23.24392928686265,8.78581729670005,0.7980952756418124,1.0128810822659045,0.3779833085994522,23.543336252189594,0.3779833085994522,Core_Saturation
23.30073328810699,11.111335669792892,1.2235424177244365,1.7988117838807436,0.5019645805000557,41.91363361170916,0.47686635147505285,Cap_ESR_Increase
24.918424713352255,0.0,1.2161738769564305,0.0,0.6074988525450051,0.0,0.0,Short_Circuit
24.55022988542085,7.973389474312514,1.8334981212481063,1.1344211366956454,0.32477860743159515,27.850299692758526,0.32477860743159515,Inductor_Short
25.548850970305306,12.881398765922272,1.3830251292783122,0.9733512294565453,0.5307231678553023,24.86800550314872,0.5041870094625371,Cap_ESR_Increase
23.888859700647796,8.305778527742559,0.7270012993384206,1.638041917873517,0.34768417713622934,39.13095355986049,0.34768417713622934,Overcurrent
22.478376983753208,0.0,0.721276591066184,0.0,0.31458442033024736,0.0,0.0,Short_Circuit
24.85297914889198,7.182208333795222,0.661416987687574,0.5468898669744161,0.32109758086488693,13.59184246065547,0.28898782277839824,Cap_Degrade
25.04314019446759,15.868977541163087,0.8719947597891619,1.3385855058359835,0.6336656432833765,33.52238448493285,0.6336656432833765,No_Fault
24.245108790277985,8.417634917012052,2.0205180530836255,0.765087771673012,0.3471889934512246,18.549636258323538,0.3471889934512246,Core_Saturation
25.083868719818245,0.7978188974920916,0.06639560310745322,0.5742687160366153,0.31806054576491677,14.404881082961042,0.03180605457649168,Switch_Open
23.975182385457565,11.392046579966312,1.7656484159270076,0.9210148995199281,0.4751599548571649,22.08150019571415,0.47515995485716495,Inductor_Short
24.090931317527975,15.360314901257308,2.178237471960473,1.6080288717961344,0.6375973887768098,38.73891310704267,0.6375973887768098,Inductor_Short
23.7101640734342,9.601747486352195,1.2208163164749157,1.4346041178556839,0.40496335059572075,34.0146990147826,0.4049633505957207,Overcurrent
22.101676506976382,10.35872529268014,0.741206774628023,1.3772630874072167,0.4686850470103665,30.43982322287384,0.46868504701036656,Overcurrent
22.431565707973217,7.087679677364958,1.0022116288421206,1.3124366931190885,0.31596901302550046,29.440009919255914,0.31596901302550046,Core_Saturation
22.12571674274694,0.0,1.472095993212311,0.0,0.47963140565395035,0.0,0.0,Short_Circuit
24.54564164505512,24.54564164505512,2.2351146264192367,2.222385677226923,0.5310452322548534,54.549882430315186,1.0,Switch_Short
23.257423924305307,12.288358125487507,1.4814157218336639,3.1524448740002633,0.5283628215008579,73.31774683262735,0.5283628215008579,Overcurrent
24.034282764658812,10.406139676693197,0.8377559871322291,1.5522711906412217,0.43297067686974605,37.30772472330472,0.43297067686974605,Overcurrent
25.630265895704373,9.831563546793037,1.2030316999741315,0.6071283523750833,0.4262132722652542,15.560861104194284,0.3835919450387288,Cap_Degrade
22.9971689165955,22.9971689165955,1.4452072730824754,0.43196636480517697,0.34264944757463917,9.934003457712368,1.0,Switch_Short
23.641531692142518,9.505016240864506,0.7612001712739129,1.7458835426742019,0.44671932825850735,41.2753611049222,0.4020473954326566,Cap_Degrade
25.022204554172195,7.652242573998514,1.011902121269624,0.7533278052779171,0.33979786754918584,18.849922440009642,0.30581808079426726,Cap_Degrade
22.91519266196649,13.901235305373495,1.2294271882621068,1.011359545699922,0.6066383778848206,23.175498840232617,0.6066383778848206,Core_Saturation
22.307919639315173,15.314603645275444,0.6676215638405845,4.250485824572695,0.6865097190992743,94.81949620261597,0.6865097190992743,Overcurrent
23.15900581165507,15.137381448601007,0.8391687721882587,0.9667871205849642,0.6880297826666827,22.389828544260457,0.6536282935333486,Cap_ESR_Increase
22.64488514901602,1.4629239821140332,0.026787419723293234,0.9050770987489385,0.6460284397501574,20.495366952174344,0.06460284397501576,Switch_Open
25.71879060937029,13.201481369345824,1.3248659836252354,0.7491218261578366,0.5403168597358476,19.266507387862493,0.5133010167490553,Cap_ESR_Increase
25.232481518257668,14.64357675647209,0.9921166570858616,2.8560070210220445,0.580346278897552,72.06414437395287,0.580346278897552,No_Fault
24.533615026041694,1.0158936254274304,0.02971215332022628,1.2313468603108166,0.4140823210721656,30.209389834390713,0.041408232107216565,Switch_Open
25.485842360750873,0.0,0.6716939931284912,0.0,0.5523081680690483,0.0,0.0,Short_Circuit
25.214688307596457,25.214688307596457,1.205069076225288,0.8075086443903126,0.48225981977595095,20.36107877399148,1.0,Switch_Short
22.746280235544145,11.209524666246285,1.6688892124138146,0.6086890369995496,0.49280693591077296,13.845411411895252,0.49280693591077296,Core_Saturation
25.570235993959912,14.650596940482494,0.6536313999737432,2.6327218247549684,0.6031106241500631,67.31931836543332,0.57295509294256,Cap_ESR_Increase
24.157368967662602,9.971372984266587,1.2542823330352162,1.429130665283244,0.41276734223890066,34.52403678424845,0.4127673422389006,Overcurrent
25.22976062065625,25.22976062065625,1.0410218386407823,0.7963056650755309,0.42721584467780793,20.090601310728115,1.0,Switch_Short
25.584365199693973,15.424072978645684,0.7493757879958921,3.096205771537263,0.6698567164514546,79.21445919240958,0.6028710448063093,Cap_Degrade
23.272013899887455,7.504985198479515,1.3906666758919073,0.5908120093606882,0.3224897179403889,13.749385294062373,0.3224897179403889,No_Fault
22.440207698110708,11.091156118121866,1.8277969771833689,0.7842260695238207,0.49425371936533613,17.598195882387543,0.49425371936533613,Core_Saturation
22.911740650167765,13.715157849061066,0.5729683329256877,1.9364969246818649,0.6651203201631446,44.36851530815835,0.5986082881468301,Cap_Degrade
23.708431154505025,23.708431154505025,2.6422522089703593,1.4176822896113273,0.5441452031272628,33.61102296221121,1.0,Switch_Short
25.272059063689973,13.105150460029803,0.9930351215402048,0.8972928349223876,0.5185628296848528,22.676437521584397,0.5185628296848528,No_Fault
25.442922333025372,9.157108861809606,1.3467830271688292,0.846151887796438,0.39989767169174206,21.528576763147573,0.3599079045225679,Cap_Degrade
22.02780852212476,9.632985254017587,1.1007397744503935,0.5390528719499794,0.4373101956257793,11.874153446615585,0.4373101956257793,No_Fault
24.042989210310264,24.042989210310264,2.3636660640657174,1.52008966749706,0.6408193663218771,36.54749947433593,1.0,Switch_Short
23.669644012595114,12.395490845517699,1.4935015603957082,2.754585696065514,0.5236872527073833,65.20006282805724,0.5236872527073833,Overcurrent
22.88843124188292,11.57918589620409,1.4646710918480363,0.5856062446913987,0.505896877502712,13.403608266436343,0.505896877502712,Inductor_Short
22.47946146933473,0.0,1.1239455747613882,0.0,0.33983188541601156,0.0,0.0,Short_Circuit
23.35046068561451,0.0,0.9603213900573984,0.0,0.30641126258204926,0.0,0.0,Short_Circuit
25.77163881565008,15.899211261565842,0.5394519529226914,1.066714919538184,0.6854740754748196,27.490991625603314,0.6169266679273376,Cap_Degrade
23.29281172808302,9.45024358131586,0.514470641502865,1.577796627176305,0.4507944669147366,36.75131978202207,0.405715020223263,Cap_Degrade
24.075162486973465,0.0,0.6192285778178587,0.0,0.5412852248398017,0.0,0.0,Short_Circuit
24.81207583558071,7.823042260781979,1.264000914592403,0.9043811055151924,0.331886029274914,22.439572574309274,0.31529172781116827,Cap_ESR_Increase
23.454518409517178,13.4452021589733,1.0671630879133922,2.9745403264766486,0.5732457142892186,69.76641084719779,0.5732457142892186,Overcurrent
25.887128330883844,0.0,1.0534295611637274,0.0,0.6730266834823844,0.0,0.0,Short_Circuit
25.849789179768443,0.0,0.5318567625282601,0.0,0.5302661011989679,0.0,0.0,Short_Circuit
23.00712918330146,7.256483424489914,0.969302996360007,0.4087761891863478,0.3504461289501642,9.40476659166798,0.31540151605514777,Cap_Degrade
23.988994023569543,12.778663905448054,1.4246228178425286,0.81534574140906,0.5326886109893907,19.55932411780482,0.5326886109893907,No_Fault
23.203513239267078,12.666449748455834,0.8975918693106466,1.2483627068786813,0.606538885241861,28.96640059646677,0.5458849967176749,Cap_Degrade
23.13936197750987,0.0,1.1249224697884563,0.0,0.46256661462960746,0.0,0.0,Short_Circuit
22.14754778941813,14.438763764612512,1.9197280134347152,0.7222311971457807,0.6519350991765871,15.995649953794844,0.6519350991765871,Core_Saturation
24.438257335919587,13.672549578204514,2.567850558283775,0.8735265498673829,0.5594731813429458,21.347466615417098,0.5594731813429458,Inductor_Short
24.010716092915445,14.255873115692378,1.0192800823952712,0.9643620414117792,0.6596995673156809,23.155023187122598,0.5937296105841128,Cap_Degrade
22.20591500499996,12.199976880189753,2.7159038908046726,0.6395634569761819,0.5494021244989349,14.202091765917043,0.5494021244989349,Inductor_Short
23.114585856946444,0.814824259743989,0.04456890466818735,1.2152905931670133,0.35251518880192967,28.0909387568983,0.03525151888019297,Switch_Open
25.633063543866616,10.865257987067222,1.3886932147847983,1.3955076260812094,0.4238766844420756,35.771135655290095,0.42387668444207566,Overcurrent
22.95824756266789,0.0,0.7402271663955453,0.0,0.3807179793009827,0.0,0.0,Short_Circuit
22.579579488364892,14.982241905041532,0.780216406990571,0.7756518371666609,0.6635305990867448,17.51389231260088,0.6635305990867448,No_Fault
23.95781104111025,13.750634175250411,0.6084326866189013,1.7728314054960261,0.604160026914993,42.4731598206197,0.5739520255692434,Cap_ESR_Increase
25.9426018164424,14.80179396650208,1.2955818365422829,1.178586705795253,0.5705593475640024,30.575605614598796,0.5705593475640024,No_Fault
22.968221086046,9.65553071331487,1.8341104724654111,0.6348846545715966,0.42038652785264863,14.582171110338376,0.4203865278526487,Inductor_Short
24.688542189623515,9.22408150470359,1.0936749208670986,1.0587769312593116,0.3736179088200854,26.13965893679563,0.3736179088200854,Core_Saturation
25.04647846131487,1.5092517891335453,0.03658951388082898,1.0774910930164054,0.6025804351955647,26.987357453494017,0.06025804351955647,Switch_Open
22.9505501759696,11.238039344083878,1.4013999412292333,1.2678748715194295,0.48966317835163187,29.098425855657677,0.48966317835163187,No_Fault
24.912865394447437,9.723885506414709,1.3339166004610368,0.9722081760832544,0.3903158208602516,24.22049142614337,0.3903158208602517,No_Fault
23.471132530877014,12.830466227650593,1.5802963280357751,1.1039067876594408,0.54664879126611,25.909942514889448,0.54664879126611,Core_Saturation
24.529223322374317,0.0,1.1161108004157212,0.0,0.31613354085538076,0.0,0.0,Short_Circuit
24.53411884304358,9.505040007647153,0.974325570550291,0.8995499588387068,0.4304681016513014,22.069665595403794,0.38742129148617127,Cap_Degrade
24.143098736299034,11.767896734488628,1.7833330857576177,0.9491821682972854,0.4874227978364538,22.916198807935768,0.48742279783645387,Inductor_Short
22.361159080217632,8.031755662571054,2.830953762436663,0.8473360661048374,0.3591833336437623,18.94741656857607,0.35918333364376226,Inductor_Short
25.34120998235695,17.583297345386065,0.6256127035203021,4.762232653561358,0.6938617910363358,120.68073765873531,0.6938617910363358,Overcurrent
23.283120259886942,8.932311712272249,0.918446789716228,3.1285188018993275,0.3836389458358457,72.84167949993946,0.38363894583584573,Overcurrent
22.746074041599417,8.009830991487167,0.8445619079878753,2.0176707743167532,0.3521412520173062,45.894088824180095,0.3521412520173062,Overcurrent
22.163100566219057,8.453315721340916,1.9963014405022967,0.6157200464064847,0.38141394955475855,13.646265309143985,0.38141394955475855,Inductor_Short
24.363571772752966,13.323511780177101,0.9576318745451751,0.8816185386612398,0.6076244532638897,21.479376542862703,0.5468620079375007,Cap_Degrade
24.71025744736913,0.0,1.0188895316510815,0.0,0.4702022637087371,0.0,0.0,Short_Circuit
22.066351315711426,1.1610572101146481,0.0319959488613497,1.751658631813205,0.5261663759010152,38.65271475478859,0.05261663759010153,Switch_Open
24.048372233197124,0.7416606080964608,0.05065707507566386,0.4567056939465665,0.3084036627945443,10.983028529047635,0.03084036627945443,Switch_Open
22.90598310079175,7.187268119164921,1.1136282208308164,0.7504423864199706,0.3137725234293258,17.18962062145368,0.3137725234293258,Core_Saturation
24.580691161637798,24.580691161637798,1.3686626979763825,0.6100761468988288,0.47833021993080643,14.996093352002084,1.0,Switch_Short
22.697465716019966,13.512459395128873,0.6213176406648104,0.9051129521826085,0.6266620972806494,20.543770201290375,0.595328992416617,Cap_ESR_Increase
24.763750952409865,14.578073402404355,1.262652558756141,1.6359258622280821,0.654095551483026,40.5116606288226,0.5886859963347233,Cap_Degrade
23.54694138520215,23.54694138520215,1.85488384171312,0.8434799409063598,0.3346826270382561,19.86137272811583,1.0,Switch_Short
25.74691995494694,13.268552665080867,1.1266436833117583,2.0642647347524528,0.5153452408404091,53.148458891491174,0.5153452408404091,Overcurrent
22.550083776583975,1.5002387506119612,0.06137966716523718,2.424757594749393,0.6652918745117081,54.678486899507064,0.06652918745117081,Switch_Open
23.364265404201035,10.10340103347072,1.297248331844909,1.572051264871148,0.4551891017591545,36.72982298145944,0.43242964667119677,Cap_ESR_Increase
22.453894084962357,22.453894084962357,1.9410014381793645,1.8574504224851378,0.6318263325713473,41.706995054549864,1.0,Switch_Short
25.698774473114252,9.08395813011289,0.8878985289517298,0.5465397978348618,0.3534782617597745,14.04540300513957,0.3534782617597745,No_Fault
25.509357413523922,0.0,0.8759599096406637,0.0,0.6741577958671194,0.0,0.0,Short_Circuit
23.03176651086062,13.140563887670227,1.254053676623062,2.6814295178878087,0.600569327012521,61.75805857132157,0.5705408606618949,Cap_ESR_Increase
24.639936184136715,16.66974860172195,1.9895887098837468,1.1037559984952654,0.6765337571147606,27.19647736578144,0.6765337571147606,Inductor_Short
25.268888800804863,13.698632249661053,1.4840454727873618,1.2698516110287448,0.5706468934210025,32.087739152608265,0.5421145487499524,Cap_ESR_Increase
24.22080324639785,10.78701502828954,2.062052976490068,0.8518674702377937,0.4453615727997708,20.63291438863628,0.44536157279977073,Core_Saturation
24.118602313424027,16.286628133253462,1.341120756013037,1.9833337260698942,0.6752724690098889,47.83523739388124,0.6752724690098889,Inductor_Short
22.967409163601808,22.967409163601808,1.2724673030914513,0.7096508160695191,0.4102267105236714,16.298840655952574,1.0,Switch_Short
22.372411071223596,0.0,1.1304009260359995,0.0,0.432869008824693,0.0,0.0,Short_Circuit
25.588863031813307,14.849815157459313,1.2018386220934192,2.433729498471356,0.5803233672006961,62.27637079286722,0.5803233672006961,Core_Saturation
25.60167222865332,14.741959864810221,0.5704277906416088,1.6760182596472921,0.6061265198101544,42.90887013272795,0.5758201938196467,Cap_ESR_Increase
24.532405829093072,1.6479923126632077,0.06943213346814776,1.9063032918093623,0.6717613935396615,46.766205988003314,0.06717613935396614,Switch_Open
23.3561191641948,8.920191537670838,1.4538015344876165,1.0219920492393155,0.3819209636224838,23.869768086893096,0.38192096362248373,Inductor_Short
23.396838298450643,23.396838298450643,2.8585613033716184,1.356413513807734,0.6191992140876895,31.7357876483928,1.0,Switch_Short
24.903822715480956,24.903822715480956,2.4348689017565075,0.8585281417292834,0.5954184213587853,21.38063263787738,1.0,Switch_Short
25.58844103981031,8.329493608485512,1.2626534899114843,0.4455971178740009,0.3255178225014391,11.402135578228277,0.3255178225014391,No_Fault
25.54834569706047,11.621667978534152,0.7014614957931604,2.893399868827473,0.45488925648408274,73.9215800886337,0.45488925648408274,Overcurrent
25.119502183430495,10.377021661437096,1.1012916384252194,0.7894723849790491,0.41310618282403944,19.831153298239304,0.41310618282403944,Core_Saturation
24.56812658461715,1.036274169111859,0.05106338769120329,0.7120453958904148,0.42179616974161216,17.493621420229545,0.04217961697416122,Switch_Open
22.336559859980195,22.336559859980195,1.3441997052997243,1.2070422735602078,0.6931787518218803,26.96117199690417,1.0,Switch_Short
22.646514856378456,12.616621754400619,0.8054316926830323,2.19207051145148,0.5571109653919711,49.64275740381506,0.5571109653919711,Overcurrent
25.594216754108317,14.274328248813406,0.903608725742585,1.9068920429179244,0.5870704631173997,48.80540827312578,0.5577169399615297,Cap_ESR_Increase
24.42571623863836,24.42571623863836,1.3192598665055282,1.3689159675338392,0.6906470549260036,33.43675297752264,1.0,Switch_Short
22.036788206466518,9.93596277838821,1.0577742500927412,0.90177547734537,0.45088071298305543,19.872235204045165,0.45088071298305543,Core_Saturation
22.40588617146413,0.0,1.2885518420082565,0.0,0.6207360673811223,0.0,0.0,Short_Circuit
24.654007076432222,0.0,0.6671958545472684,0.0,0.47381238532179815,0.0,0.0,Short_Circuit
22.020246335384876,22.020246335384876,1.056914783687845,2.0349575486567217,0.6478134687259919,44.810266503471965,1.0,Switch_Short
22.643232205669996,8.429237924747902,1.6940324139434075,1.3320991270183256,0.37226301652452126,30.163029854046236,0.37226301652452126,Core_Saturation
24.194935157466343,16.430162788718867,2.9519662387849,0.8822838595244487,0.6790744708257118,21.34680077167318,0.6790744708257118,Inductor_Short
24.767580790770772,9.597652622351795,0.8312138146231214,1.4728655213853872,0.38750868336435185,36.47931579485329,0.3875086833643519,Overcurrent
24.607845038010403,9.534048286505673,0.6186557031962523,0.5929019224971487,0.4304882027923726,14.590038631548289,0.38743938251313537,Cap_Degrade
22.89707723784224,22.89707723784224,2.140774650735062,2.349171183399543,0.6024768936427122,53.78915403121259,1.0,Switch_Short
24.848716885390143,10.799922125607884,1.546989632205211,0.8814214079116119,0.45750205662616267,21.902191021917623,0.43462695379485455,Cap_ESR_Increase
22.9489963499872,12.46783517116971,1.2840617798284788,0.9523685277252087,0.5432845507065787,21.8559018666085,0.5432845507065787,No_Fault
23.301598792637073,0.0,1.122515868412716,0.0,0.4778294004277714,0.0,0.0,Short_Circuit
24.985965620472097,14.915321576460556,0.8150564966075994,2.3073910162561067,0.5969479748359127,57.65239260516125,0.5969479748359127,No_Fault
24.59853159618886,9.626204889171316,2.08376034655244,1.1184569456221802,0.3913325009474443,27.512398515864085,0.3913325009474443,Inductor_Short
25.39689364197671,8.212928606344612,1.1824896826085107,0.7400318363507232,0.3233831948947508,18.79450983947603,0.3233831948947508,Inductor_Short
24.630451569201373,10.344094070216453,1.1789454242806698,1.1501346864761344,0.41997175898922645,28.328336693309033,0.41997175898922645,Overcurrent
24.273234413341886,11.887172486654816,1.2250960188976507,1.2458226619989863,0.4897234659473721,30.24014551215499,0.4897234659473721,Overcurrent
22.37469907131237,0.8216168963696664,0.07325158114549594,0.41306233741199627,0.3672080208770714,9.24214549728631,0.036720802087707144,Switch_Open
23.470863212237735,10.372218425110436,1.5207947174901433,0.5349840465608675,0.44191891586255544,12.556537377559545,0.4419189158625555,Inductor_Short
23.060809470726902,0.0,0.5184564190430226,0.0,0.4599932073174274,0.0,0.0,Short_Circuit
22.975958573516333,7.420240621270699,1.0456084644271506,2.596475613125369,0.3229567374753094,59.6565161243139,0.3229567374753094,Overcurrent
25.89204221900978,25.89204221900978,2.4135810087936287,1.9141423942028517,0.5333228992736818,49.5610556838967,1.0,Switch_Short
23.57239089866704,0.0,1.290407475882988,0.0,0.6537373711885149,0.0,0.0,Short_Circuit
25.568186220708455,25.568186220708455,1.3874778660496212,0.5285399511236272,0.36069716518122097,13.513807895413045,1.0,Switch_Short
24.52455450398905,1.3221756434231455,0.038087643451851186,0.7189706015726312,0.5391232053606055,17.63243370503379,0.053912320536060564,Switch_Open
25.179245214166592,13.536384834727203,1.1138500177940263,1.8261834989370291,0.5658956819643385,45.98192212580019,0.5376008978661215,Cap_ESR_Increase
24.010548372420768,10.669019424947471,0.9136608909670021,0.7856296888097927,0.46773387216771534,18.863399645977402,0.4443471785593296,Cap_ESR_Increase
24.307615538505438,14.109088905001391,2.0407672298811677,0.7520664011155367,0.5804390349457079,18.280940937743882,0.5804390349457079,Core_Saturation
23.970070775275456,10.572670554458226,1.0711361691125925,0.9308421883044067,0.4642926173964048,22.31235313426891,0.44107798652658453,Cap_ESR_Increase
22.78097195119218,11.432742746533506,1.299578644102003,3.489233880512568,0.5018549151909739,79.48813916310625,0.5018549151909739,Overcurrent
24.889808461046023,0.0,1.0806197604823538,0.0,0.3029412178217708,0.0,0.0,Short_Circuit
23.123089449763423,12.668068801050623,1.4003991557788233,1.2536340250297013,0.5766880456538754,28.987891698028744,0.5478536433711816,Cap_ESR_Increase
22.097263865725814,12.474724632640772,0.8326729865303238,0.9129047467345964,0.5645370715778898,20.172697072867972,0.5645370715778898,No_Fault
24.58188918362867,0.775215319948473,0.06657083109651556,0.6694502033993135,0.3153603509305378,16.456350713919598,0.031536035093053784,Switch_Open
22.708442717628195,9.649613032950302,0.8520295471061238,1.931011906756354,0.4473000429580532,43.85027327163466,0.42493504081015054,Cap_ESR_Increase
25.761834337411656,16.926352101702243,1.1507086888036198,0.894889159406678,0.6916127363166669,23.05398627498041,0.6570320995008334,Cap_ESR_Increase
25.81571430801035,12.089360251685397,0.7140071131738742,1.838252119138447,0.4682946250274467,47.455791533772754,0.4682946250274467,Overcurrent
25.659457560881794,12.849695996608581,1.9510530432523867,1.061566941632729,0.5007781620527366,27.23923188686009,0.5007781620527366,Inductor_Short
23.48063480102178,14.03143698202224,0.8181752095087031,0.8069918347560087,0.6639720632638874,18.948680559312354,0.5975748569374986,Cap_Degrade
22.06182646611547,22.06182646611547,1.5334068612744285,1.7645622078285317,0.5869047503463025,38.92946521777865,1.0,Switch_Short
25.713274250350903,13.70075384091922,1.4669850180280375,3.495730537937294,0.5328280524496894,89.88667802730832,0.5328280524496894,Overcurrent
23.712736593269256,13.947020188458563,0.7260815160354037,0.8575282807541583,0.6191218725364289,20.334342242802403,0.5881657789096074,Cap_ESR_Increase
25.866619276174678,16.70327903468649,1.2873258374573953,3.748295625285723,0.6457465065823893,96.95573587381689,0.6457465065823893,Overcurrent
25.85447990835701,12.48138536094676,1.484164959483215,1.4694003574273986,0.4827552286949067,37.990582018439284,0.4827552286949067,Overcurrent
25.41203782186944,25.41203782186944,1.0398029674801557,1.372533557010965,0.49004334597273413,34.87887466254764,1.0,Switch_Short
23.17779556827834,10.532462536675832,1.199027414042095,3.8315089117677,0.4544203742607343,88.80593027498837,0.45442037426073423,Overcurrent
23.540390914407702,16.164773448479394,1.1293677083344307,1.2673064330328558,0.6866824560073842,29.832888841937073,0.6866824560073842,Core_Saturation
25.404546686067427,13.235256961063389,0.5404878243283044,1.8497223400197855,0.5788665017161401,46.99135754329453,0.520979851544526,Cap_Degrade
23.267688020625112,7.754869742447235,1.8057791579132616,0.47379121064822116,0.3332892264832289,11.024026076277085,0.3332892264832289,Inductor_Short
22.67797098674437,0.0,1.435217810170875,0.0,0.6451838493252073,0.0,0.0,Short_Circuit
24.2272050498334,11.92521120510045,1.0235301887339954,0.6325016385167276,0.4922239763345072,15.323746890700363,0.4922239763345072,Inductor_Short
25.744619096643124,8.0098328327995,1.1966742611227599,0.5035228974406434,0.327501562568995,12.963005201047464,0.3111264844405452,Cap_ESR_Increase
24.784119186699893,24.784119186699893,2.002792957190649,1.6708430471601423,0.5198869020653244,41.4103732230858,1.0,Switch_Short
24.28024468035746,11.335613710281216,2.060076246556571,0.6667077203641323,0.4668657115902808,16.187826580724472,0.46686571159028084,Core_Saturation
22.388705975083074,14.577281130634306,0.8760025717809385,0.9966652293229873,0.6510997619450499,22.314044774901106,0.6510997619450499,Core_Saturation
24.46002890679668,9.333894232485461,1.1815260298866503,1.2416820185111477,0.3815978414437549,30.371578065832324,0.3815978414437549,Overcurrent
25.960215400417052,0.0,1.1801096984332773,0.0,0.6305858437968731,0.0,0.0,Short_Circuit
22.560336060946096,10.620682681047326,1.1690800168622832,0.8672334409064351,0.5230754764741811,19.565077870139813,0.470767928826763,Cap_Degrade
24.073318609454947,0.0,1.442334494935037,0.0,0.3218441212853876,0.0,0.0,Short_Circuit
25.509492287711822,1.7569359773918114,0.06615437645034403,1.2075480439487691,0.6887381205301938,30.803937514152622,0.06887381205301937,Switch_Open
24.963074471016817,12.607503346715703,0.812959089365259,1.3313995282668512,0.50504609764128,33.235825574802064,0.50504609764128,Core_Saturation
24.788062963981073,10.320528400177206,1.4566242760567698,1.3335813140078492,0.416350741692633,33.05689757921518,0.416350741692633,Core_Saturation
24.809936335948436,11.496294324601902,0.9877483618214669,0.8492888891721377,0.4877627367957032,21.070803271189103,0.46337459995591807,Cap_ESR_Increase
23.43796460487902,15.073965527904857,0.8101472210908021,1.771797346261373,0.6431431134069956,41.52732348869264,0.6431431134069956,No_Fault
23.174367377057973,9.778685020682298,1.9026734503081946,1.5775312557367767,0.4219612497540254,36.55828886923565,0.42196124975402544,Inductor_Short
25.237444621914054,0.9516297341087437,0.04420970924629888,1.9001004490795457,0.3770705585946801,47.95367985971906,0.03770705585946801,Switch_Open
25.240453578716725,8.875262800217417,0.9323338998786653,1.2566929715309072,0.3516284987723526,31.719500610625442,0.35162849877235264,Overcurrent
25.468289274320416,10.141130785266558,1.6271880521695068,1.023258950181211,0.4191437593560845,26.060654945752507,0.39818657138828023,Cap_ESR_Increase
25.652962210225887,14.130095672399992,0.5886329747495808,0.9641037581537065,0.6120192348160174,24.732117274653792,0.5508173113344157,Cap_Degrade
24.045369595443752,11.749782983463444,2.1333463047580947,1.105586600404136,0.48865054607810465,26.58423842648763,0.48865054607810465,Core_Saturation
24.0060651787488,0.0,0.9802367134710267,0.0,0.39099264147741597,0.0,0.0,Short_Circuit
25.1931807158671,8.309381135160615,1.1237422454995412,0.8312999673349131,0.36647399984389967,20.943090306162883,0.32982659985950974,Cap_Degrade
24.599855723111062,10.653995563725957,1.3301829666176939,0.7218828194120095,0.4330917906041516,17.758213206528072,0.4330917906041516,No_Fault
24.807867509030814,0.0,0.8604630291492555,0.0,0.6759697491542835,0.0,0.0,Short_Circuit
25.183170677744403,11.010351303395383,1.3956328621319503,0.5658953540939335,0.43721068503600974,14.251039287890134,0.4372106850360097,Core_Saturation
25.560021367270267,17.770595408146946,0.909518480278714,1.866443050659842,0.6952496303818541,47.70632425565866,0.6952496303818541,Overcurrent
23.351980627406142,0.0,0.8747310225357599,0.0,0.49409218230614244,0.0,0.0,Short_Circuit
23.502331810559777,23.502331810559777,2.85105864329379,0.4645167699400838,0.3716655673160603,10.91722725870131,1.0,Switch_Short
22.375927759363478,14.688812854786685,2.657859782386024,1.2514862021383721,0.6564560367174037,28.003164850888375,0.6564560367174037,Inductor_Short
24.313120563984697,11.771006444917491,0.6089999898629761,1.8044757117744645,0.48414214925393073,43.87243553515466,0.48414214925393073,Overcurrent
22.14376909518697,0.0,0.608123352477096,0.0,0.5838685374018098,0.0,0.0,Short_Circuit
23.86239207252984,16.548202215689287,1.8557390297059824,1.0716228347308825,0.6934846332836606,25.571484236224165,0.6934846332836606,Inductor_Short
24.170578538830306,7.349466436903093,0.65852311440609,0.4213619315842892,0.32007014012798957,10.184561660631305,0.30406663312159005,Cap_ESR_Increase
23.146165008513137,7.839092797061367,1.6786396429066797,0.49787932799489804,0.3386778239150268,11.523997080097544,0.3386778239150268,Core_Saturation
24.363333042276043,14.330090926606852,1.2873832145234678,0.7176430646825617,0.5881826965851025,17.4841769903409,0.5881826965851025,Inductor_Short
22.122000999756196,0.0,1.022373263966801,0.0,0.41273000131818877,0.0,0.0,Short_Circuit
22.149392754996857,8.277683437035986,0.5072199470037178,0.47314658249851604,0.3737205587800396,10.479909486444154,0.37372055878003957,No_Fault
25.290402242638635,7.985311782258535,0.8165963484126467,0.5163632995193312,0.3157447519278918,13.05903554817998,0.3157447519278918,No_Fault
23.440762565645052,7.23707020509695,1.7657860855089833,0.4708324725516144,0.3087386847944807,11.036672197277985,0.3087386847944807,Core_Saturation
22.50824205060754,12.3528567447672,0.9840389402278484,1.3881516352220398,0.6097942412479163,31.244853008524334,0.5488148171231246,Cap_Degrade
24.088973040219216,7.669833475598556,1.4782694859989882,0.5077468746217643,0.35377337094781997,12.231100774019247,0.31839603385303794,Cap_Degrade
25.079974212394443,12.216160658583016,1.3741037960662108,0.6601317456352562,0.4870882463884603,16.556087157315154,0.4870882463884603,No_Fault
22.863284109987372,11.1600914793392,0.8590707790431512,1.4979175805805771,0.5423587260717931,34.24731521815864,0.48812285346461387,Cap_Degrade
24.491561903276,0.0,0.5454865414722746,0.0,0.4713407202275385,0.0,0.0,Short_Circuit
22.341389859975074,6.944657073049558,1.3456263001150188,0.6381770588644927,0.31084266093449325,14.257762471783893,0.31084266093449325,No_Fault
22.20672688467443,13.62161961808302,2.822468620629343,0.6864620958549998,0.6134006010351635,15.244076279333182,0.6134006010351635,Inductor_Short
24.125418526272593,7.3390799347330065,1.9809410901285553,0.6024284515574626,0.3042052898166614,14.533838525958119,0.3042052898166614,Core_Saturation
24.162540486440427,13.881818297895716,0.6907449350117414,1.734454917853244,0.6047559577509936,41.90883717453472,0.5745181598634439,Cap_ESR_Increase
24.549719605992827,16.137065819906557,2.9958302688245757,1.5042197823181636,0.657321797515249,36.928173881698484,0.657321797515249,Inductor_Short
24.904365334890645,11.78315101068041,1.5171684431055477,0.7957515215341077,0.47313596842286887,19.817686608080518,0.4731359684228688,Inductor_Short
25.90340831785014,25.90340831785014,2.44840982561674,2.1689031057445525,0.5142169892391193,56.18198274995444,1.0,Switch_Short
24.06520139320478,11.811040979784597,2.1120523145035826,0.8404025027325736,0.4907933570470615,20.224455479612715,0.49079335704706156,Core_Saturation
23.291825891764983,10.613699519750092,0.7356871143307094,0.559547222206002,0.4556834474493755,13.03287647784293,0.4556834474493755,No_Fault
25.180744779074814,16.49262772806248,1.408258554677066,1.8577546985344129,0.654969814148144,46.77964692592212,0.654969814148144,Overcurrent
23.0833290050483,0.0,0.809481579194867,0.0,0.6575734042679962,0.0,0.0,Short_Circuit
23.755885682822544,23.755885682822544,2.952826444768112,0.5184609057110973,0.4343265458566138,12.316498007085464,1.0,Switch_Short
22.313825525369065,12.183971328416977,0.7812600203804746,0.7870322974741881,0.5460279016058792,17.561701368669397,0.5460279016058792,No_Fault
22.10140297366183,14.083563716615311,1.5987794072336188,1.994132422500986,0.6707630248583456,44.07312425253876,0.6372248736154283,Cap_ESR_Increase
25.850593658711702,17.70309143043071,1.1070893017853498,3.4134723546866867,0.6848233995765406,88.24028680625136,0.6848233995765406,Inductor_Short
25.343920482048823,12.762783124245145,1.209272011669813,3.372276184261446,0.503583616168819,85.46669945742912,0.503583616168819,Overcurrent
24.783896824374793,10.731846913907564,1.0321111338370037,0.6785705025591461,0.4811299221137307,16.817621323490027,0.43301692990235763,Cap_Degrade
23.63581177765708,9.725610091212936,0.9778770771227306,3.6530926591657353,0.4114777263714103,86.3438104983821,0.4114777263714103,Overcurrent
22.693177280283383,0.0,0.72349431425584,0.0,0.6835487492761639,0.0,0.0,Short_Circuit
22.625748170684343,7.272212981827605,1.205595789776492,0.4939145568149967,0.3571257217891469,11.17518638033128,0.3214131496102322,Cap_Degrade
23.00097159265838,12.234948920700264,1.3816189828926142,0.8871267607252659,0.53193183041909,20.404777422528888,0.53193183041909,Inductor_Short
24.19690665882448,9.494118528603245,1.1581259755832451,0.5969647985458876,0.4130201070074555,14.444701509018802,0.3923691016570827,Cap_ESR_Increase
24.85838369080025,10.231793160991964,1.5064907260805016,0.6318941706997983,0.4116033161391186,15.707867747235614,0.4116033161391186,Inductor_Short
24.640789506870924,0.0,1.455621379781356,0.0,0.46198743495047534,0.0,0.0,Short_Circuit
23.119735587783772,15.364019504059979,0.5814943132192182,0.879537808655941,0.6995171743262618,20.334681575584113,0.6645413156099487,Cap_ESR_Increase
25.819461122652775,8.313518505798468,1.3994565602224731,0.9890596330452569,0.3219865227359288,25.536986743397232,0.3219865227359288,Inductor_Short
24.951587666783073,1.3259691058357117,0.03711553031937239,0.9969027970602603,0.5314167272814125,24.87430753611034,0.05314167272814126,Switch_Open
24.217416210045602,24.217416210045602,1.8281356515356328,0.5499809946253843,0.33302886321411085,13.319118654457785,1.0,Switch_Short
24.44688298493741,8.40283165752234,0.806003266057059,1.174736200035506,0.3618083319962076,28.71863842043804,0.34371791539639723,Cap_ESR_Increase
23.67840024971116,1.1266778983009018,0.04956745451343927,0.5735636138784038,0.47582517670915947,13.581068818083633,0.047582517670915946,Switch_Open
22.99092395800463,11.591657212753022,1.372465523258539,0.9407026451457102,0.5041840525385765,21.627622981638837,0.5041840525385765,No_Fault
23.423890714605047,9.451937250901533,1.2120634214091708,1.611682311530533,0.40351696334580955,37.75187033195325,0.40351696334580955,No_Fault
25.031384441857476,10.67795937347113,2.159923961070222,0.5602601508669445,0.42658285234976645,14.024087223803557,0.42658285234976645,Inductor_Short
22.05757395451902,6.646126300843918,0.5890031779826796,0.5353469139457145,0.3347868081023732,11.808454145681129,0.3013081272921359,Cap_Degrade
22.464290562027664,9.463934099981284,2.387984216778551,0.6110534895363844,0.4212879135377002,13.72688313788627,0.4212879135377001,Inductor_Short
22.18401056808701,13.708854201584495,0.6664142843109399,1.1828303905890776,0.6866233757522175,26.239921885082584,0.6179610381769958,Cap_Degrade
22.16291520927588,15.023862401816459,2.572734771923396,0.8574740574337136,0.6778829526689927,19.00412482905715,0.6778829526689927,Inductor_Short
25.42184233604403,11.031841938263785,0.7500567585101532,4.013766803406419,0.433951316054794,102.03734684984542,0.433951316054794,Overcurrent
24.814631437520095,0.0,0.9170487283209009,0.0,0.5283415745115047,0.0,0.0,Short_Circuit
23.8966953163493,23.8966953163493,1.7009404046358558,1.3170527104740781,0.6638381564443777,31.473207337771054,1.0,Switch_Short
22.391336642604006,6.095507953119653,1.3588139146748568,1.1014354964275646,0.30247352905635866,24.66261299062326,0.2722261761507228,Cap_Degrade
23.96646350046733,0.0,0.6265444587134081,0.0,0.6242734281350367,0.0,0.0,Short_Circuit
23.893887083122262,16.232260127900513,1.0656448823847886,2.9770440626589796,0.6793478211155676,71.13315467465321,0.6793478211155676,Overcurrent
22.69280747964006,7.6368171667592835,0.6420616094430622,0.8401320667501223,0.3365302937334228,19.064955248232636,0.3365302937334228,No_Fault
23.735406596951893,8.653432567936932,2.4095916722643733,1.7133193824062833,0.3645790744131684,40.66633217185164,0.3645790744131684,Inductor_Short
23.594018937589492,16.145352265999428,2.107617191691722,1.0220223825217343,0.6842985211085422,24.11361544785813,0.6842985211085422,Core_Saturation
24.463400392208865,0.0,0.9346076538672534,0.0,0.5150160574561385,0.0,0.0,Short_Circuit
24.540374603470575,7.50146867225903,1.9761845205299517,0.6865950753564882,0.30567865378868947,16.84930035014633,0.30567865378868947,Inductor_Short
22.181216039088177,8.940201220988827,1.4274228364827621,0.6640438355430448,0.4030527995054116,14.729299775605018,0.4030527995054116,No_Fault
23.498450458505886,10.150854113809556,1.0209913886493571,1.340264472104192,0.47997746970754385,31.494138299035903,0.4319797227367895,Cap_Degrade
24.503439662856945,0.0,0.9875984380495609,0.0,0.577163564409907,0.0,0.0,Short_Circuit
24.01254503432035,13.533493041789209,1.1861620129747348,2.7490567449080334,0.5932641512547198,66.01184888900626,0.5636009436919838,Cap_ESR_Increase
25.42595936475329,17.751606584803543,2.378459472725904,1.4397484445704163,0.6981686051701824,36.606985447114155,0.6981686051701825,Inductor_Short
24.63477452647578,0.0,0.6068833750870314,0.0,0.4150044797535036,0.0,0.0,Short_Circuit
22.65173770832572,11.672169543246936,1.321110527741516,1.2435142245821975,0.5152880407473901,28.16775805180798,0.5152880407473901,Overcurrent
22.28227498960172,1.143814727761561,0.04677525137266297,1.0669876422606213,0.513329419143842,23.774912055357948,0.0513329419143842,Switch_Open
24.56967711282526,10.22177911737089,0.5723485098974855,0.6892604468442419,0.462258103778895,16.934906625604683,0.41603229340100556,Cap_Degrade
22.106045242166488,22.106045242166488,2.572365338396426,0.5819861079054031,0.36766475753696803,12.865411231669228,1.0,Switch_Short
24.343102325093852,24.343102325093852,1.7538999433725442,0.8897381164733403,0.6909826252735369,21.658986011846796,1.0,Switch_Short
25.76092096569983,16.52117093146645,0.6003674950950539,3.0105092909487405,0.6413268746666344,77.55349191063554,0.6413268746666344,Overcurrent
24.301896711503517,11.528006919762682,1.2471569434975758,1.239956143806547,0.49933321131769487,30.133286133580906,0.47436655075181017,Cap_ESR_Increase
23.552679704826087,12.111571280949601,1.518144488777006,0.6963965632319478,0.541298169073612,16.402005201343734,0.5142332606199314,Cap_ESR_Increase
24.573152873769413,9.605754106681015,2.0816302641209794,1.6738653323475736,0.3909044214238649,41.13214870187977,0.3909044214238649,Core_Saturation
23.833011561966067,12.333936882947482,2.18649521221346,1.750542213630531,0.5175148281566987,41.72069281716612,0.5175148281566987,Core_Saturation
24.18246715726374,1.3977177114974841,0.0683852729883344,2.2413450967730557,0.5779880532485903,54.20125419080854,0.05779880532485903,Switch_Open
25.7658592351061,1.3039246224922532,0.025107045967273763,0.7389077647152875,0.5060668113546355,19.038593453380994,0.05060668113546355,Switch_Open
23.544410551203097,16.389595412968948,1.3203617496200852,3.176825290116383,0.6961140682339765,74.796478879945,0.6961140682339765,Core_Saturation
25.844762255295656,14.073420581581164,1.318542579905503,1.570268629820452,0.5445366624990905,40.583219414658444,0.5445366624990905,Overcurrent
25.621402567824255,11.488367503308995,0.8662530059984742,0.9761535369593152,0.4483894850368676,25.010422738440127,0.4483894850368676,No_Fault
22.783164539157184,12.484598435562011,1.1015485063797061,2.741252293234601,0.6088608110463352,62.45440204010587,0.5479747299417016,Cap_Degrade
22.277445203500662,8.20222126545465,1.659475421061798,0.7439873998826956,0.3681850046326568,16.574138532981685,0.36818500463265685,Core_Saturation
22.403112005509705,9.65834024166372,0.9515278344427054,1.3030835041418491,0.4538063254825066,29.193125695821916,0.4311160092083813,Cap_ESR_Increase
22.072887302606198,8.71669846341707,1.4044739272812876,0.674176220609477,0.4387835801510343,14.88101573960996,0.39490522213593093,Cap_Degrade
22.377771843023712,10.578483814715385,1.0032283453861175,0.6963935416497682,0.4727228380431109,15.583735787993744,0.4727228380431109,No_Fault
24.732027093665426,1.515360806255975,0.04823921029687504,1.2307085559845579,0.6127119303714905,30.437917351015937,0.061271193037149056,Switch_Open
22.284754593840916,11.001297259239227,2.9950274913237918,1.961787371881338,0.49366921286536297,43.71795014767174,0.49366921286536297,Inductor_Short
23.275902521175045,14.375331934270488,0.9935003640726167,1.937124071289627,0.617605780106385,45.088311054759096,0.617605780106385,Overcurrent
25.37950124387782,12.792938171546771,0.7462380771214392,0.7638007012317037,0.5305955612559463,19.384880846984775,0.504065783193149,Cap_ESR_Increase
22.093087742943304,22.093087742943304,2.026138845726876,0.610626844930367,0.43682777386302213,13.490632463243234,1.0,Switch_Short
25.257873930355743,25.257873930355743,2.62803347103986,0.9032245676961381,0.6239914974733889,22.813532261669124,1.0,Switch_Short
23.1274190990936,0.9142635760874596,0.06384301634491407,1.141738702438352,0.3953158682212366,26.40546947294709,0.039531586822123654,Switch_Open
22.472659310486627,8.758790697191031,2.577163530216942,0.47775259089079924,0.3897531919199182,10.736371209791228,0.38975319191991825,Inductor_Short
24.786948661456602,11.816213838193875,1.3288261623977031,1.2649490591506383,0.5018011696219343,31.354227388524702,0.47671111114083764,Cap_ESR_Increase
24.515771387119536,9.912699608339494,0.7542178290666882,3.811790800395546,0.4043396983848355,93.44899183802261,0.4043396983848355,Overcurrent
25.509888054108213,0.7745690113972183,0.06810420429201157,0.4388275509198634,0.30363481398048653,11.194441699024187,0.030363481398048654,Switch_Open
24.94028417521554,13.949575076933328,1.393443465376265,0.7293011138567649,0.5593190109195206,18.188977028888942,0.5593190109195206,No_Fault
25.213923721539395,25.213923721539395,1.3883053932370981,0.8574482284872909,0.5044375285889592,21.619634228247634,1.0,Switch_Short
23.128138290285225,0.0,0.6304556365513939,0.0,0.47820712579726443,0.0,0.0,Short_Circuit
22.709758175118893,14.03709831405901,1.4756049685891122,1.7771740177762556,0.6867874058473261,40.35919217880321,0.6181086652625936,Cap_Degrade
25.002459006563434,13.213291374615125,2.052485945475552,1.1012091917816609,0.5284796735851655,27.532937675171826,0.5284796735851655,Core_Saturation
25.227338957069055,16.28103411877261,1.3932361472099468,0.8816062770995339,0.6453726311157537,22.240580379069687,0.6453726311157537,No_Fault
25.962020568002693,9.236770130629289,1.3863763846243953,2.5501973937816675,0.35578009448206405,66.20827718982652,0.35578009448206405,Overcurrent
23.650470707645706,0.0,1.0416868240337283,0.0,0.527682585251771,0.0,0.0,Short_Circuit
23.488072343171133,15.201289008972987,1.1464017366657997,3.2448307072261255,0.6471918506923611,76.21481839267038,0.6471918506923611,Overcurrent
25.105651842967987,25.105651842967987,2.0907257042672835,0.7815726398965083,0.5332423029119592,19.621890587231128,1.0,Switch_Short
23.36321416101207,13.719011853993303,0.5512063491903291,0.7295768064783231,0.5872056712508006,17.045259176660323,0.5872056712508006,No_Fault
25.723029302414258,1.154494382936754,0.06227515426763863,1.0116133026899023,0.44881742712488293,26.021758627804424,0.04488174271248829,Switch_Open
25.43365100737205,25.43365100737205,2.010664066671761,0.8181389185330005,0.33697980681482664,20.808259729517125,1.0,Switch_Short
23.715976109500073,10.88568312591885,1.262479982269253,0.672717588918693,0.48316011805082854,15.954154267236214,0.4590021121482871,Cap_ESR_Increase
25.003484271165988,10.87406953005494,1.102903785473089,0.8844207893913953,0.457791756335543,22.11360129663996,0.43490216851876584,Cap_ESR_Increase
25.01817149633873,14.564120026556624,0.991811322322456,1.0599748285744384,0.6468240729515788,26.518632043077545,0.582141665656421,Cap_Degrade
22.412495475343732,8.911166086595083,1.3435782189555336,0.6213145730263774,0.3975981209409889,13.925210056718806,0.39759812094098884,Inductor_Short
25.610211626718268,17.58637074960193,1.1680705727117235,2.411294192922582,0.6866936910140432,61.75375457502415,0.6866936910140431,Core_Saturation
24.021009489791428,1.6412480794279316,0.03294263459719779,0.92873557522689,0.6832552479217984,22.309166066032024,0.06832552479217985,Switch_Open
25.305829864430965,0.0,0.6956662956253424,0.0,0.39905265722857547,0.0,0.0,Short_Circuit
23.280198404122448,10.22514695261866,2.209466070630457,0.5386126162948699,0.4392207821909282,12.539008570308047,0.4392207821909282,Core_Saturation
25.582092913984802,16.83870394327073,0.6531134457721984,1.9225404548813303,0.658222296349554,49.1826085476688,0.658222296349554,No_Fault
23.556806714936652,16.175255144085956,1.5385408486104153,1.0104346767683359,0.686648888358443,23.80261437870118,0.686648888358443,Inductor_Short
22.043350605921194,10.522958628252383,1.090589657738585,2.270366900764832,0.4773756411344176,50.046493597637884,0.4773756411344176,Overcurrent
25.621527905677056,9.878609049042941,1.1101785762366418,1.1238331372395212,0.4283988182563591,28.794322087106984,0.38555893643072325,Cap_Degrade
22.365146707144532,11.41601192739183,0.9809611946157436,1.183003010330172,0.5104376053006168,26.458035881027918,0.5104376053006168,Core_Saturation
23.27725455036166,13.386927920498668,1.9405761386778186,0.8254168896854911,0.5751076825462939,19.213439051376966,0.5751076825462939,Core_Saturation
25.80024786820322,9.506122626046912,1.2852028679128251,0.7910559531149001,0.4093898061499919,20.409439667982166,0.3684508255349927,Cap_Degrade
25.802428587750224,15.341847174285997,1.1059765563058366,0.8409124078543384,0.594589269847629,21.697582352214656,0.594589269847629,Core_Saturation
24.293751552493145,0.0,0.7886663026754605,0.0,0.3206629428458564,0.0,0.0,Short_Circuit
24.527348848679196,7.841829942744373,2.875975730918994,0.5098756264668014,0.3197177971057666,12.505897359790085,0.3197177971057666,Inductor_Short
23.79378208791328,23.79378208791328,2.651342891958956,0.6637093919274862,0.45451508205821806,15.792156641224036,1.0,Switch_Short
23.17284308679226,10.228244452041942,1.1977970330625238,1.4064794523037965,0.4413892768242882,32.592127653033394,0.4413892768242882,No_Fault
23.314658181479665,8.944154698721853,0.5822332215106005,0.9027244778240753,0.42625328614686087,21.046712632523036,0.3836279575321748,Cap_Degrade
24.690073824308154,11.030713040779478,0.9182640809025757,1.001150555947452,0.496407905067564,24.71848113558974,0.4467671145608076,Cap_Degrade
25.00949811775072,10.71140380457349,1.059301872076827,2.072778257311057,0.42829343292462846,51.839143924735495,0.42829343292462846,Overcurrent
25.166316174903393,9.485264277789737,1.0311169319756655,0.9647644810695519,0.3769031673872367,24.279567964912943,0.3769031673872367,Core_Saturation
25.158472571178216,9.595668812667881,0.9482265821082245,0.6970218513357507,0.4237878196354403,17.536005128342342,0.38140903767189627,Cap_Degrade
22.36482441219476,15.430872475698157,1.6515388162330351,1.8731342600141516,0.6899617091240939,41.892318825682864,0.6899617091240939,Core_Saturation
23.977681218810325,10.579506801202703,0.9101143481269393,0.7120019045851778,0.4644453667979394,17.072154695329196,0.4412230984580424,Cap_ESR_Increase
22.230235040066578,10.623498333972567,1.2809448189504873,1.11675460289637,0.4778851107433343,24.825717304462522,0.4778851107433343,Overcurrent
24.19811552929494,12.839955568658034,2.010674372458208,0.9526629315098003,0.530617995980456,23.052647677150944,0.530617995980456,Core_Saturation
23.766122005493507,15.654019508106783,0.9059704163774779,1.1627491454800536,0.6933363073656906,27.634038053262273,0.6586694919974061,Cap_ESR_Increase
25.550816731033198,1.0134488993787507,0.06693285772462286,1.679566605263013,0.39664051057430516,42.91429851863882,0.03966405105743052,Switch_Open
23.403660050208316,13.398895980338304,1.20715313220603,0.7457439454651903,0.5725128442129734,17.453137784168405,0.5725128442129734,Inductor_Short
22.468268065710422,22.468268065710422,2.6754581972453124,1.4194846818140912,0.5863938774166896,31.893362346168665,1.0,Switch_Short
22.571966728211343,12.25499263009678,0.6527504316676166,1.7229288535473806,0.5429297667172264,38.889892757346786,0.5429297667172264,Overcurrent
25.04604252686989,8.401227502660532,0.582927152509726,0.8534934703149469,0.3354313358546576,21.376633753913925,0.3354313358546577,Overcurrent
24.472872253265045,12.571078654099384,1.1417754044410113,1.0025355150707014,0.5707489103310306,24.53492358968655,0.5136740192979276,Cap_Degrade
22.40449070449116,7.295750954394164,1.4579060486329416,0.45970105122295746,0.32563788441447017,10.299367928969565,0.32563788441447017,Core_Saturation
22.33642722445999,1.2027206930165208,0.07039453002064165,1.0297447582275863,0.5384570598199587,23.000818851919625,0.05384570598199588,Switch_Open
24.80387652583648,24.80387652583648,1.7263783921816984,2.502579957336058,0.5958324708886971,62.0736842577967,1.0,Switch_Short
22.291052025456775,8.568411930682728,1.180728395156443,0.5050941322339124,0.38438795624798017,11.259079579379085,0.38438795624798017,Core_Saturation
25.287440237161427,25.287440237161427,2.0014698122883967,2.913894878711237,0.6366488030171096,73.68494260278115,1.0,Switch_Short
24.824968908625983,6.974013225630527,0.9559461857686613,0.4996112066946469,0.3121415222132017,12.40283267259572,0.2809273699918815,Cap_Degrade
22.3253951225676,12.809700695736952,0.8444280462171883,2.6634488422073,0.6375251454633224,59.46254779102318,0.5737726309169902,Cap_Degrade
22.33935085634077,10.815186125572225,1.1937412986983285,0.6030354210016431,0.484131620257106,13.471419848556872,0.48413162025710604,No_Fault
25.9465583140047,10.042230762945637,1.2595618339139083,2.7271845980935647,0.3870351759726578,70.76105420749015,0.3870351759726578,Overcurrent
23.497083183024483,8.306483435304935,1.3529839690301366,1.3066597630252146,0.3535112579975872,30.702693143714527,0.3535112579975872,Overcurrent
23.482568588267565,1.599921095585633,0.07364283023551714,1.1463002269514733,0.681322867032949,26.918073702134645,0.06813228670329491,Switch_Open
25.25119826903001,8.309316744447944,1.533312384265009,0.7004290558307813,0.3290662350324627,17.686672962172548,0.3290662350324627,Inductor_Short
25.788994309535436,9.300942626259143,1.3377028307389578,0.9682551618645263,0.37963736797437025,24.97032685950258,0.36065549957565174,Cap_ESR_Increase
25.944004255291482,10.82312490827567,0.9836840590453199,0.9480369278297819,0.43912893897321836,24.595874089789323,0.4171724920245574,Cap_ESR_Increase
25.01351274103577,13.709754741080083,1.765622957926662,1.4175803696815148,0.5480939395844482,35.458664638470765,0.5480939395844482,Core_Saturation
23.50503834212366,10.956365695741688,0.9759816903492203,1.0520146065854012,0.5179204341104393,24.727643664263997,0.46612839069939543,Cap_Degrade
22.334002866794677,0.0,1.4937731027679315,0.0,0.3502573969649256,0.0,0.0,Short_Circuit
25.10858766370975,9.39819644139713,1.22890213579075,0.7739112499773657,0.4158911934952858,19.431818463987877,0.3743020741457572,Cap_Degrade
24.23361699894322,0.0,1.4524913004343245,0.0,0.3955007084344096,0.0,0.0,Short_Circuit
23.696888036987904,8.219868171011044,1.3349695494811857,0.4605777466163749,0.3854171417961365,10.914259293896421,0.34687542761652285,Cap_Degrade
25.625417540378944,11.306827209839453,1.5431911122797084,0.9511609115199173,0.4644577345919948,24.373895505785313,0.44123484786239503,Cap_ESR_Increase
22.444789929224605,13.054172201562016,2.6288383944293496,1.6498307455167938,0.5816125810366627,37.03010450190045,0.5816125810366627,Inductor_Short
23.970500417163436,9.276132366119697,1.9183182607518228,0.7630907714058398,0.3869811728868944,18.29166765431725,0.3869811728868944,Inductor_Short
22.045414579069675,0.9847059541897321,0.03758942266734422,0.5471735588329738,0.44667155188119256,12.062667951177879,0.04466715518811926,Switch_Open
23.874642567976505,0.0,0.8703201754505222,0.0,0.45636697073646487,0.0,0.0,Short_Circuit
22.22521310272735,0.0,0.5202362326399504,0.0,0.690582611774164,0.0,0.0,Short_Circuit
22.475271665072288,0.0,1.0239931674646672,0.0,0.6818665427516275,0.0,0.0,Short_Circuit
22.47010498710842,12.53943152240458,1.0050578002704087,1.8470129196283798,0.6200550331008303,41.50257421659534,0.5580495297907473,Cap_Degrade
24.596841208464255,9.75667080333861,1.025250464830488,0.5652061145878321,0.396663568327674,13.902285050569958,0.396663568327674,No_Fault
24.984179517061694,7.766436620630077,1.6214343474692703,0.7761309601312874,0.3272149256366679,19.390995236669536,0.31085417935483445,Cap_ESR_Increase
24.33347506038864,10.384594090820107,1.4114540034548393,2.2078368228166743,0.42676165508824987,53.724342265417235,0.42676165508824987,Overcurrent
25.848690193898168,10.513122919663747,0.992569167495162,0.6034437270983231,0.40671781977353233,15.598229951215785,0.40671781977353233,Core_Saturation
23.499482318094817,11.805442453351706,0.8688825215558892,0.809819119195926,0.5023703200585575,19.03033007239978,0.5023703200585575,No_Fault
23.142848345127444,12.728151120714275,0.9239561794632619,0.765534113332847,0.6110911640271172,17.716639887883684,0.5499820476244055,Cap_Degrade
25.474396512757842,14.749580255603048,0.8605329178516478,1.1342838201998073,0.6433291755515431,28.895195793775613,0.5789962579963889,Cap_Degrade
22.89438335407781,14.605371907615549,1.9477439454058696,0.9064754102778467,0.6379456341642034,20.75319554394599,0.6379456341642034,Core_Saturation
25.852890157762445,0.0,1.024037669867587,0.0,0.4438702244892271,0.0,0.0,Short_Circuit
22.048617898759264,12.041831730576716,1.1793097986687877,2.177530748524352,0.5748937373842731,48.01154343701268,0.5461490505150594,Cap_ESR_Increase
25.879515306830555,0.0,1.3530135589879255,0.0,0.425133679009688,0.0,0.0,Short_Circuit
22.172639647802306,0.0,1.3059281534153586,0.0,0.32436221729407305,0.0,0.0,Short_Circuit
25.564572454792284,14.843458162146488,0.6322115228202997,4.912923751596671,0.5806261062411768,125.59679521256304,0.5806261062411768,Overcurrent
24.110804436345198,7.328021410142782,1.2139145840836343,1.1605374263797983,0.30393102102791514,27.98149092850268,0.30393102102791514,Overcurrent
25.9718591844772,12.042450772227916,1.870872257804071,1.930848087838995,0.4636730349833954,50.14771464397145,0.4636730349833954,Inductor_Short
22.295186258941595,22.295186258941595,1.589297806125001,0.600153369526666,0.43175170772083027,13.38053115752842,1.0,Switch_Short
24.215417137605282,24.215417137605282,1.1000376418043727,1.0593497585644214,0.577351015407541,25.652596298258906,1.0,Switch_Short
25.877210142476397,0.0,0.987249560345451,0.0,0.6064981891041515,0.0,0.0,Short_Circuit
24.092391376680595,10.158264207151932,1.283155021086797,1.3112461749924653,0.42163785438851353,31.591056039093885,0.42163785438851353,Core_Saturation
24.51759455254105,0.0,0.7515130396764008,0.0,0.6246508057779414,0.0,0.0,Short_Circuit
24.782994755938468,9.831125768467418,1.3141389025566534,1.2660744708778078,0.4175667042019735,31.37711697239228,0.3966883689918748,Cap_ESR_Increase
23.818164259071093,1.1397719099846613,0.06347426936577936,0.8020364038065192,0.47853054399462447,19.103034807618346,0.04785305439946245,Switch_Open
24.510232320336254,14.48082689542291,1.1171842785441373,0.9142083036023647,0.5908074108056536,22.40745791047446,0.5908074108056536,Core_Saturation
24.3372572476924,24.3372572476924,1.0988948733586945,0.8870902595614779,0.5771680916899153,21.58934384886991,1.0,Switch_Short
25.604632041963956,17.79387218194517,1.3487527005652349,1.032959404433877,0.69494738892488,26.448545464815652,0.69494738892488,No_Fault
22.181785521365832,8.652325075181293,1.0199194824086066,0.48599684964126977,0.39006440968637274,10.780277882802125,0.39006440968637274,Inductor_Short
23.123852758368923,13.063292592278444,2.8742249878429442,2.1209825657430366,0.5649271654158329,49.04528855330951,0.5649271654158329,Inductor_Short
25.801645936306237,0.0,1.127619873982706,0.0,0.543872763310311,0.0,0.0,Short_Circuit
25.561055135563667,17.0246693605446,1.2327699528019804,1.1122264165196694,0.666039381796012,28.429680755889667,0.6660393817960119,Core_Saturation
23.822627011142853,8.204932350222064,0.8211257005344099,0.6921158150229749,0.36254485665795,16.488016909805474,0.34441761382505254,Cap_ESR_Increase
24.48053039120615,14.705926234058998,0.5090056642644752,1.8709498467388264,0.6007192654347732,45.80184458351233,0.6007192654347732,No_Fault
23.10952473192453,10.96724202875389,0.7354714170108771,0.9168724169192394,0.5273074465075073,21.188485794814582,0.4745767018567566,Cap_Degrade
22.752484638895044,8.392930006445765,0.6377283015171411,0.8392609985868053,0.40986634791516213,19.09527297837,0.3688797131236459,Cap_Degrade
23.854793619759928,23.854793619759928,2.2243324414462915,1.076759321088275,0.4897739656588696,25.685871382713618,1.0,Switch_Short
23.41340891210421,9.642463761894309,0.7332001474531815,0.5919620235278571,0.43351063882791907,13.859848917294372,0.4118351068865231,Cap_ESR_Increase
24.33462444740349,11.645403274712592,1.0286298375366192,1.1642402437643777,0.5317253611153844,28.331349098559624,0.47855282500384594,Cap_Degrade
22.31093854785994,14.627056763116366,1.0901164223444708,5.42062300246822,0.6556002443258663,120.9391866991845,0.6556002443258663,Overcurrent
25.897579230664665,12.98338603802581,0.877845868181606,2.327855279166997,0.5277219937648808,60.28581652974832,0.5013358940766368,Cap_ESR_Increase
25.944842977918412,0.0,0.5350649490187187,0.0,0.5526889673306336,0.0,0.0,Short_Circuit
24.79264685607898,0.0,0.5372538806141961,0.0,0.5074991388458837,0.0,0.0,Short_Circuit
24.14438546537648,24.14438546537648,1.0526946643878352,0.5048537661817077,0.32046620257819036,12.1893839343382,1.0,Switch_Short
23.23811046514531,8.222319257867994,1.2391246671365463,0.8729529383620742,0.3931434227504377,20.28577681253107,0.3538290804753939,Cap_Degrade
25.255180078827795,0.0,0.8180097048142981,0.0,0.4968006917728331,0.0,0.0,Short_Circuit
24.738924690215516,1.049163233538781,0.06481500929838317,0.702154987864814,0.4240941134978819,17.370559365646823,0.042409411349788186,Switch_Open
22.650467757379566,0.8441952531435964,0.04658664119214246,0.4778913662059705,0.3727054391044777,10.824462981778405,0.03727054391044777,Switch_Open
25.64370873797537,11.577822234078866,0.9529981008299638,0.7802289555341666,0.5016531367673753,20.007964084652905,0.4514878230906378,Cap_Degrade
25.290148971692677,25.290148971692677,2.0257652050191473,1.0154876645864805,0.42912391737914013,25.68183431630838,1.0,Switch_Short
25.799199653167697,1.0403348143246107,0.060651572818755196,0.8540962971280743,0.4032430572693659,22.03500089263843,0.04032430572693659,Switch_Open
24.90287803355344,0.0,0.7735028658297071,0.0,0.4855941669761523,0.0,0.0,Short_Circuit
24.45366078374316,24.45366078374316,1.2431746990670538,0.9210680849803327,0.35331370323286926,22.523486508840975,1.0,Switch_Short
23.672972145162475,14.298202082073354,1.0560573351914615,0.9529151190285952,0.6710982932301629,22.55833306946812,0.6039884639071467,Cap_Degrade
25.730913933416055,15.817482311557278,0.9096753855670132,0.9044146942456864,0.6470808391676955,23.271416657752553,0.6147267972093107,Cap_ESR_Increase
25.464255558001632,25.464255558001632,1.8849826273360748,0.9357141785808949,0.5830482342962141,23.827264972629486,1.0,Switch_Short
22.180874680424758,0.0,1.1469467083373055,0.0,0.3424855310353825,0.0,0.0,Short_Circuit
22.10546789798901,12.817487652681534,1.0935383152553977,2.142404827099913,0.6103509017878772,47.358861129953816,0.5798333566984833,Cap_ESR_Increase
23.5058534675122,14.64844666526697,1.1202788171008429,2.50220329792366,0.6231829312436076,58.81642406691933,0.6231829312436076,No_Fault
25.24221332312733,15.324695301856044,2.088400004227256,1.4436988730335432,0.607105847085735,36.442154927471215,0.607105847085735,Inductor_Short
25.949104517259777,8.9676564416817,1.2397963719360992,0.7499717416368272,0.34558635484769645,19.461095108725374,0.3455863548476965,No_Fault
22.601667564414115,11.97176481919415,1.326530279482782,0.8914216360561774,0.5575631828271058,20.14761547786787,0.5296850236857505,Cap_ESR_Increase
24.37652286140854,15.448131841392648,2.0683797836172384,3.0306244615019087,0.6337299182997593,73.87608647014522,0.6337299182997593,Inductor_Short
23.523563426524085,12.48963276920133,1.7683545312895603,0.6293324271754571,0.5309413604878671,14.804141267030214,0.5309413604878671,Core_Saturation
25.879657591258415,14.45541789152434,1.3735596022726129,1.3820922488649692,0.5585629500912356,35.76807416015772,0.5585629500912356,No_Fault
25.368475692542834,0.0,0.9322712877881686,0.0,0.48334539177052244,0.0,0.0,Short_Circuit
25.353314818844552,25.353314818844552,1.8255261454975873,0.9956456765663689,0.511482927953621,25.24291828600863,1.0,Switch_Short
23.87477263917988,23.87477263917988,2.52849124170476,1.0767812541840363,0.3137507433406901,25.707907625774826,1.0,Switch_Short
23.65927800935066,13.144744912629509,2.165107674083988,0.774884773925784,0.5555852087893138,18.33321429152296,0.5555852087893138,Inductor_Short
23.093628287722826,7.68045315014863,1.142013560445177,0.4908451336523712,0.33257888515646367,11.33539506340549,0.33257888515646367,Inductor_Short
22.22550198660371,10.53501768826521,2.7842240313821627,0.8159380406063407,0.47400583773608934,18.134632542441764,0.47400583773608934,Inductor_Short
25.458889505020213,9.556142732409814,0.5307831022376401,0.8348552400763597,0.4170620390669631,21.254487309791166,0.3753558351602668,Cap_Degrade
25.25160403652031,0.0,1.248396356209743,0.0,0.5181711800846852,0.0,0.0,Short_Circuit
25.99887069314452,9.187130830191775,2.5175882854086256,0.6191734323208453,0.3533665342092828,16.09781000354013,0.3533665342092828,Inductor_Short
25.986547348295623,1.4985333809895047,0.07265555426409652,0.8026992775082907,0.5766573607893273,20.859382781411885,0.05766573607893274,Switch_Open
24.22172682241051,14.969138953981606,1.1082688168046415,2.3394127360118073,0.6180046147713881,56.66461621654595,0.6180046147713881,Inductor_Short
25.075949660722042,0.9161292081662348,0.054842843039224556,1.023302576876222,0.3653417798972626,25.660283905435293,0.03653417798972625,Switch_Open
25.77906291952971,7.928420699455866,0.9278405706270529,0.4752919953077056,0.34172523494075285,12.252582252186162,0.30755271144667756,Cap_Degrade
25.398589562709645,0.9097932077747164,0.0415316477429771,0.9819510300993578,0.35820619311494367,24.940171184173533,0.03582061931149437,Switch_Open
22.98939240697279,14.962669606674224,0.8854778404486096,1.010366190584004,0.6508510247594006,23.227704830073925,0.6508510247594006,Core_Saturation
23.802176541240375,12.169474584576998,1.5939811795069636,0.9345123601688411,0.5112757047025425,22.243428176709966,0.5112757047025425,Core_Saturation
22.51663766060598,1.0963449914195713,0.04895203628373068,0.7861970217374873,0.48690439840300104,17.702513468310563,0.04869043984030011,Switch_Open
25.81620410903489,0.0,0.6045544581510243,0.0,0.3426847276409417,0.0,0.0,Short_Circuit
24.424698537803522,12.306144078651926,1.1124895070970835,1.4393344812228002,0.5598224027027847,35.15531079893272,0.5038401624325063,Cap_Degrade
22.91457122201385,22.91457122201385,2.4759062405058767,2.5890890703603717,0.6471998367580359,59.32786590291037,1.0,Switch_Short
24.686802737623427,1.5584145295717131,0.06336391505268242,0.964114011947214,0.6312743477293812,23.80089242951959,0.06312743477293813,Switch_Open
24.472512961831583,12.796696346654377,1.5459105070886703,0.8319357852087522,0.5504218835923205,20.359559286932726,0.5229007894127045,Cap_ESR_Increase
23.43265087213136,7.735387215799715,0.9094707418887772,1.0272154193096543,0.3301114866606694,24.070380291153153,0.3301114866606694,Overcurrent
22.454230368798516,0.0,1.453072768622137,0.0,0.3449588108704052,0.0,0.0,Short_Circuit
24.686292782371197,7.892790271749479,2.730858810165372,0.911854421016576,0.31972359484392987,22.510305212114766,0.31972359484392987,Inductor_Short
24.081230803615174,9.704535816880213,0.796501571023939,3.637945381000558,0.4029916865969877,87.60620237082017,0.40299168659698775,Overcurrent
25.08927356694256,25.08927356694256,1.318566074698917,0.5188477455605549,0.3542645868641511,13.017513027960169,1.0,Switch_Short
24.08065400444797,8.756142258668255,0.9353893961280134,0.7866892184392802,0.4040192161009735,18.943990878265897,0.3636172944908762,Cap_Degrade
25.40872600127416,11.536151653320829,1.3528480619339498,1.2013606042972016,0.4540232222875846,30.525042423312744,0.45402322228758457,Core_Saturation
24.20762735509794,16.393238542156116,2.1514386106624084,2.5108427431307883,0.6771931136284542,60.78154547296202,0.6771931136284541,Inductor_Short
24.243751886141546,13.192247866077679,1.6250793484916222,2.220609156094269,0.5441504239126768,53.83589741644362,0.5441504239126768,Core_Saturation
25.50661441063338,25.50661441063338,2.4999739687599503,1.5802721366344312,0.6339895142731848,40.30739205300218,1.0,Switch_Short
23.61393146484959,13.793856100964502,1.0098899482056103,1.6160518861855906,0.5841406002849329,38.161338484027446,0.5841406002849329,Overcurrent
22.53606091380256,0.0,0.6048226409407655,0.0,0.3450012522106527,0.0,0.0,Short_Circuit
22.115130705253357,13.144529601825223,1.358291335553106,0.7123915734566763,0.5943681625495795,15.754632760315493,0.5943681625495795,No_Fault
25.020549022694475,10.25941472766374,1.2146468747777805,0.5457131858859221,0.4100395526236498,13.654043519789496,0.4100395526236498,Core_Saturation
24.48123820541386,13.602832038114798,1.471297460306592,1.4614223910708481,0.5556431387978825,35.77742967453092,0.5556431387978825,Overcurrent
24.816319072396894,1.0829464173510501,0.03089300543398851,0.8389489226513179,0.4363847894571954,20.819624149958727,0.04363847894571954,Switch_Open
22.851856646035642,15.975022409750661,1.4582511722325031,1.9267362729620081,0.6990689053058636,44.02950110444481,0.6990689053058636,No_Fault
22.545485902347078,9.14040423691905,0.8865177103237755,0.5385991688132684,0.4054205917987111,12.142979967495398,0.4054205917987111,Core_Saturation
22.058178662671526,8.172267764953716,0.7310361379470595,1.1065848699021317,0.41165218830970784,24.409246765710346,0.3704869694787371,Cap_Degrade
23.402350235226386,15.73267230211966,0.5465799420865416,1.7465010733983435,0.6722689022249593,40.87222980586686,0.6722689022249593,No_Fault
24.359670747418534,0.7548033057308351,0.06025565733194976,0.8881277225888617,0.30985776185452907,21.634498903919336,0.03098577618545291,Switch_Open
23.56897618039893,23.56897618039893,2.7005974731435836,1.071832944811761,0.5786755951492787,25.262005145635236,1.0,Switch_Short
23.749899688094917,13.314764439126966,1.0274781899975785,1.4261680111741808,0.5901305562943512,33.87134720375663,0.5606240284796337,Cap_ESR_Increase
25.616634777974994,1.6255072254850291,0.07142610375212148,2.222964276841595,0.6345514309641597,56.94486400433644,0.06345514309641596,Switch_Open
23.3930218680932,23.3930218680932,2.180598143511199,1.36773046974311,0.6897757242553901,31.99534878835796,1.0,Switch_Short
24.055957956639244,24.055957956639244,2.2600142708930466,0.9169342200902282,0.690240767662661,22.057731047494325,1.0,Switch_Short
25.134612050964574,8.196666006240546,1.34541920170077,1.2091000117036061,0.32611070302658557,30.390259724986866,0.32611070302658557,Overcurrent
23.58617112928508,14.829468501675807,1.1952003075777584,0.8159252098025426,0.6287357291011609,19.244551627100602,0.6287357291011609,Core_Saturation
24.488346800911494,13.677328758783867,0.8542657213276258,1.7230015287587575,0.5585239734629525,42.193458974745134,0.5585239734629525,No_Fault
25.44945483498698,14.224638215100915,2.8119038383892887,1.895453835285051,0.5589368537492364,48.23826677288976,0.5589368537492364,Inductor_Short
25.79808249463057,9.06389754638344,1.4009634960387638,0.6648177831172393,0.3513399706458779,17.151024012755954,0.3513399706458779,No_Fault
22.58829392371615,12.651135705555875,1.476482776200871,1.0586783333146406,0.5600748665782613,23.91373736358104,0.5600748665782613,No_Fault
25.70635050064598,25.70635050064598,2.8036766328833425,1.1953843076876072,0.6929930322404991,30.728967996389667,1.0,Switch_Short
23.968465172318155,15.932496202687123,0.6273720360333609,0.9416701801537847,0.6647274278157788,22.570388916826552,0.6647274278157788,No_Fault
23.032977553195835,10.40790353089132,1.4560967147506862,0.6733835849698983,0.4756522643219402,15.510028997302207,0.4518696511058432,Cap_ESR_Increase
23.836543024953045,7.155258964029209,1.0008223259205535,0.39363875692466893,0.31597918931443775,9.382987165723904,0.30018022984871584,Cap_ESR_Increase
25.92013030114191,11.532316877566878,1.4908013559459379,1.0508910671082456,0.4449173960000819,27.239233391751796,0.4449173960000819,No_Fault
23.97047237597148,15.11472816718807,0.9722809643288011,3.733967254760822,0.630556124640222,89.50495893302634,0.630556124640222,Overcurrent
23.315006441150032,0.0,1.0538360825022206,0.0,0.5805996405860664,0.0,0.0,Short_Circuit
24.533603417266903,11.867823056611973,1.0297749152567985,3.5632972543114017,0.4837374622375825,87.42052169511197,0.4837374622375825,Overcurrent
22.960582475112773,7.3942400795416985,0.8217370298582778,0.7922880961675288,0.3220406140635324,18.191396176104625,0.3220406140635324,No_Fault
22.303453312434655,0.0,0.5750220888929182,0.0,0.47075789112932104,0.0,0.0,Short_Circuit
22.515518887642596,9.880912459701138,1.3956512304019184,1.0027707898375091,0.4876099758871534,22.57790465856272,0.43884897829843805,Cap_Degrade
22.51218335583109,22.51218335583109,2.605351625052574,2.266739112731823,0.6714222131576544,51.029246525652674,1.0,Switch_Short
22.607610774049178,12.579653273189647,1.2790535611193385,2.296551989285194,0.5564344414328638,51.91955349612803,0.5564344414328638,Inductor_Short
22.55530869059764,22.55530869059764,2.5535365427001455,0.6449247038379067,0.42466116666185955,14.546475777256246,1.0,Switch_Short
24.56349897921286,11.277460399322452,1.12584666605061,0.8853148545672289,0.5101273057802885,21.746430526444108,0.45911457520225973,Cap_Degrade
22.72752033759658,22.72752033759658,1.8182875758352446,0.47478931863599644,0.32642212312886404,10.790783895373233,1.0,Switch_Short
23.38266913329545,16.111297245488924,1.5080422981911255,1.0808746203533726,0.6890272942598947,25.273733622299243,0.6890272942598948,Inductor_Short
25.58715363962405,11.361309303954997,2.0395931752533487,1.6920760000930537,0.4440239607722904,43.295408584301484,0.4440239607722904,Core_Saturation
23.89584656105149,1.1736371964131378,0.06000941296470266,1.2530581227874025,0.4911469419652543,29.942884634206987,0.049114694196525435,Switch_Open
24.670230954084108,0.0,1.0477399094691369,0.0,0.442113589694769,0.0,0.0,Short_Circuit
22.68927948480652,22.68927948480652,2.219137067796928,0.7368301858318709,0.57300469204648,16.718146019181244,1.0,Switch_Short
22.769156075234683,12.862133770988816,1.182132364164362,0.7937846914253078,0.5648928633318372,18.073807529194838,0.5648928633318372,Inductor_Short
22.163474465065917,0.0,0.9739197609111919,0.0,0.5861289242116542,0.0,0.0,Short_Circuit
22.67574025228866,9.234860565722483,1.387400585571404,0.9125682175069538,0.40725729184476833,20.693159862681746,0.40725729184476833,Inductor_Short
23.114361356127834,9.360253616595609,0.779222046909708,0.5052969337200779,0.4262673924656264,11.679615918149256,0.40495402284234505,Cap_ESR_Increase
22.708041937106987,7.950096664494883,1.7419559434303002,0.5714400224615364,0.3501004924384832,12.976283994597926,0.3501004924384832,Core_Saturation
22.354810135028224,1.2567963425403486,0.0705628075917144,0.7385389189224052,0.562203988738445,16.50989730983937,0.05622039887384451,Switch_Open
22.482543484402402,0.7102659303671964,0.04518783052391733,0.7919239380522654,0.31591885093426103,17.80446437359925,0.03159188509342611,Switch_Open
23.843115072130903,0.0,0.7077492730121904,0.0,0.5390729342093836,0.0,0.0,Short_Circuit
22.82533487362317,14.788040386067173,1.148746937236654,1.7648138334693289,0.6478783539406535,40.282466738540066,0.6478783539406535,Overcurrent
23.457079444192303,14.625869421665568,1.5083057509853497,1.007035883269183,0.6563328593158534,23.622120716997593,0.6235162163500606,Cap_ESR_Increase
24.013669083419426,0.0,1.2483188011224908,0.0,0.47961510414798464,0.0,0.0,Short_Circuit
24.761579314517462,0.0,1.3687572305365872,0.0,0.48372147528522946,0.0,0.0,Short_Circuit
22.157248559364398,0.7329344695537259,0.05182773355053997,0.5447838318057774,0.33078767320320696,12.070910772443577,0.033078767320320696,Switch_Open
25.19764159563617,14.319971161091408,1.2518762443691909,1.786037800906913,0.5683060101772143,45.00394038351059,0.5683060101772143,Overcurrent
24.51160155796363,24.51160155796363,1.280129118717873,1.7022729933001512,0.6285037681491381,41.7254373546554,1.0,Switch_Short
22.327036127795488,22.327036127795488,1.696549230726383,0.8631449682855612,0.3978620218418852,19.271468890436616,1.0,Switch_Short
25.49431449642711,25.49431449642711,1.7790983289630449,0.6608520925304032,0.46852035265334585,16.847971082592046,1.0,Switch_Short
25.683489602127253,16.32277543410463,2.022591492492069,1.69446825357419,0.6355357347061081,43.51985777180743,0.6355357347061081,Inductor_Short
22.244311839419456,14.477670033192782,1.4290763602568237,2.194476865650756,0.6508481870649152,48.81462772392721,0.6508481870649152,Overcurrent
23.107510592588817,8.261970089148992,1.3742965602221742,0.5907469635812671,0.39727199210569036,13.65069171849381,0.35754479289512137,Cap_Degrade
25.224805119172245,11.810390688008676,0.6345254922891845,0.6561698107724693,0.5202282538165457,16.551755601819668,0.4682054284348911,Cap_Degrade
24.993038761534635,9.42230713852885,0.6727896518824632,0.8172438876591073,0.3769972602543308,20.425408161891326,0.37699726025433083,No_Fault
22.73808407742551,7.748036385111429,0.8576405495889113,0.6783792733319918,0.34075150565582263,15.42504495340565,0.34075150565582263,No_Fault
22.83739729334684,15.174267536964654,0.7907438658906739,1.7205530348057914,0.664448200556783,39.29295322013347,0.664448200556783,Overcurrent
23.481888411165528,13.276253506779524,1.1147709531562624,0.8635359277061609,0.6282030016928436,20.277454293428374,0.5653827015235592,Cap_Degrade
23.938091940764085,0.0,1.402776047764545,0.0,0.6040139607212696,0.0,0.0,Short_Circuit
24.473019086121184,7.428324878952602,1.6085206958398457,0.6544190171580666,0.31950652752525616,16.01560909723003,0.30353120114899335,Cap_ESR_Increase
23.47565455827909,14.217254106954687,1.2689632477887491,1.5179428824219614,0.6374915170841029,35.63470274693642,0.6056169412298977,Cap_ESR_Increase
23.850138864532592,11.33400647501148,1.3381592014010866,1.6041385284095353,0.4752176303621535,38.258926660514376,0.4752176303621534,Overcurrent
24.989883752535025,10.919530857199879,1.025202200230797,0.6018475761162766,0.4369580493183438,15.040100963890728,0.43695804931834387,No_Fault
22.14673281156239,10.336577603088855,0.7083269468600397,0.6290901538007171,0.5185905444101505,13.932291550609172,0.4667314899691355,Cap_Degrade
23.009747777376084,6.96935732642874,1.0246884120934774,1.1684284221349899,0.3365412970894223,26.88524328924363,0.3028871673804801,Cap_Degrade
24.85339834353821,1.4978114741588986,0.05275413007188256,1.3109655509113616,0.6026586197409595,32.58194905145609,0.06026586197409595,Switch_Open
25.580827350748798,1.363391666318448,0.062122878210677836,1.1389283292371335,0.5329740307553184,29.134728955091898,0.05329740307553184,Switch_Open
24.046709768462666,8.558325887979649,0.7918712886780841,0.45812949999341734,0.374636038749267,11.016507122712625,0.35590423681180366,Cap_ESR_Increase
24.128453941061263,9.055236967259201,0.8683103820867317,1.1938371441447115,0.3752928799076182,28.80544454562379,0.37529287990761817,Overcurrent
22.428688045359102,8.381588625168359,0.8640274692145663,0.7545069583147359,0.37369946062906967,16.922601196093975,0.3736994606290696,No_Fault
23.78964946729382,6.911389410886695,1.459439595741165,1.4245055072491348,0.3228009550207736,33.888486681686494,0.2905208595186963,Cap_Degrade
24.130469065820094,24.130469065820094,1.8878899206534379,0.9578588277943804,0.5351193797486739,23.11358281351499,1.0,Switch_Short
22.969882014538918,14.612044000498006,1.8826409509472197,2.2685494849486156,0.6361392710354032,52.10831401341273,0.6361392710354032,Core_Saturation
23.076972923797523,7.08461420129997,1.8762170720616584,0.4044479974914952,0.30699928559495543,9.333435487195363,0.30699928559495543,Core_Saturation
23.50913665241849,7.513563753818716,0.7655441848032414,0.4613006681083706,0.31960185798850943,10.844780444411633,0.31960185798850943,No_Fault
22.080284791110905,10.51457199208716,1.071869689371732,0.9811230706720253,0.5291081106747783,21.66347681556755,0.47619729960730045,Cap_Degrade
23.28831666233271,0.0,1.394302893318648,0.0,0.6277982741544209,0.0,0.0,Short_Circuit
22.845792027986178,9.347602049702717,1.0727174914026445,0.53301928892732,0.4306955562274534,12.177247821738629,0.40916077841608073,Cap_ESR_Increase
23.309989408711658,23.309989408711658,2.890235014685092,1.0992749140775058,0.43984575952308885,25.624086604409076,1.0,Switch_Short
22.479048527277005,12.105835300703783,0.7144582293241616,1.3858523563495355,0.5385385989987104,31.152642370022395,0.5385385989987104,No_Fault
25.56210912295958,10.472416654773259,0.8612386586610461,0.5486398670151533,0.4096851556496588,14.024392149847381,0.4096851556496588,Core_Saturation
24.374369814216195,0.0,1.3914538731447492,0.0,0.31064334643107366,0.0,0.0,Short_Circuit
24.71640927657796,14.683806369057768,1.3476811979622165,0.8483147902476361,0.5940914072406384,20.96729555113496,0.5940914072406384,No_Fault
25.156684954429352,1.3842716586982522,0.07462949379669225,1.7460744952078877,0.5502599651765813,43.925445982909096,0.05502599651765813,Switch_Open
23.99376879571623,1.2771940705941542,0.058969674405621314,1.786425361365573,0.5323023996222637,42.86307709140937,0.05323023996222638,Switch_Open
22.347681152349693,13.334272517891893,2.873375853334299,2.4736875811979213,0.5966736515967292,55.281181335138285,0.5966736515967292,Inductor_Short
24.14842616727419,13.766832660875686,1.3269490250841107,1.6090976951835207,0.5700923350248149,38.85717688807032,0.5700923350248149,No_Fault
24.347364472083516,9.309282863390964,1.344426333120087,1.1207322922063399,0.3823527952713284,27.28687759398136,0.3823527952713284,Overcurrent
24.98175789673732,11.016765840192116,1.0691415704542684,2.561866898137453,0.4409924187773404,63.99993861293526,0.44099241877734047,Overcurrent
23.726638184918716,23.726638184918716,1.7647291958334217,0.52174778894821,0.35044405667145,12.37932101215551,1.0,Switch_Short
22.510321211182255,7.526228316940238,1.5780138797976102,0.9024587013143431,0.3519428053671524,20.314635246412248,0.33434566509879476,Cap_ESR_Increase
23.135103623194897,11.878267096410596,0.9321171756158945,1.207576782201944,0.5704782985426157,27.93741398920623,0.5134304686883542,Cap_Degrade
23.45232918559454,23.45232918559454,2.077638734499338,0.7641583928491412,0.6434400427929993,17.921294179032934,1.0,Switch_Short
24.583668965326403,16.842100347108154,0.9461143071251877,1.9420847093974902,0.6850930335444556,47.74356759845003,0.6850930335444556,No_Fault
24.28311321867565,13.388223644035357,2.1296366279203944,1.2576345806797629,0.5513388470197778,30.539282910368357,0.5513388470197778,Inductor_Short
23.424386903591383,8.75230032222551,0.9705050789923272,1.8394319712481646,0.37364052934438274,43.08756617735279,0.3736405293443827,Overcurrent
25.94606099517192,8.880302421423153,0.5479675585794759,1.3365143742602397,0.3422601381795723,34.67728347548021,0.3422601381795723,No_Fault
24.42309927742755,15.267865773466534,2.7640963720153975,1.2364234049127263,0.6251403886147031,30.197291567118516,0.6251403886147031,Inductor_Short
22.94890716694398,12.197403609384487,1.4165907283736547,1.1420404992427393,0.5315025905439997,26.20858139801198,0.5315025905439997,Core_Saturation
22.407129890481613,11.037362469499723,1.0889436485073487,0.7951431326674712,0.5473140084054879,17.81687545520448,0.49258260756493916,Cap_Degrade
22.611436556737328,0.0,0.639187802757987,0.0,0.6125848355018837,0.0,0.0,Short_Circuit
22.983830913538032,1.3360751229079189,0.02516939239913196,1.014965763990996,0.5813108910929806,23.327801502598998,0.05813108910929806,Switch_Open
22.642725493038224,1.4350581309839818,0.03726450468218215,2.617312014872668,0.6337833011424386,59.2630774823926,0.06337833011424387,Switch_Open
22.746268096205224,7.335343054591618,2.4091720642667003,0.5135415578644951,0.32248556218395136,11.681153953728693,0.32248556218395136,Inductor_Short
23.14038067477539,13.861279041058461,0.5991945301128786,2.3772268210772207,0.5990082546986019,55.00993359001305,0.5990082546986019,No_Fault
22.69349438117902,22.69349438117902,2.8177748807729355,1.0200930458547737,0.6403411029288382,23.149475804385098,1.0,Switch_Short
25.5870616985057,10.07442747855859,0.7865248262918031,0.6942290428123509,0.41445401698332573,17.763281351334175,0.39373131613415946,Cap_ESR_Increase
22.32093498264657,0.0,0.7045936142917758,0.0,0.5561789095973011,0.0,0.0,Short_Circuit
24.09804555828102,10.257690358295083,1.363015923242991,0.5932664149335897,0.4256648255347888,14.296561095267695,0.42566482553478885,Inductor_Short
23.641587307958645,15.344075893330622,0.5653798842685013,0.8652855016519427,0.6831884265929815,20.456722733615198,0.6490290052633323,Cap_ESR_Increase
25.929514467634426,8.125517142300897,1.9077082027173518,0.4725153105072538,0.3133694289742015,12.252092579976612,0.3133694289742015,Core_Saturation
22.44815560867221,11.940558674264368,2.0625517968678877,1.246842457376403,0.531917137533182,27.98931350268474,0.531917137533182,Core_Saturation
23.591422396182967,8.648648922418024,2.2283254052323977,0.6267298039491069,0.366601418819806,14.78544753324032,0.36660141881980607,Inductor_Short
25.877881733101475,15.135664614930352,1.3763999633597246,0.8084329082555027,0.5848880820708634,20.920531188983176,0.5848880820708634,Inductor_Short
25.462028503575922,9.430017915035984,1.1779169954113196,0.9612686946334765,0.3703561133674648,24.4758509023528,0.37035611336746477,Core_Saturation
25.26828828379712,25.26828828379712,1.9518533947299266,0.5756843398862914,0.394153304759343,14.546557860714255,1.0,Switch_Short
23.03161130817976,11.46394593730012,2.181518927434951,2.229417127694096,0.4977483244183032,51.347068728848974,0.4977483244183032,Core_Saturation
22.683550349560264,22.683550349560264,1.4947027436354856,2.988455367426125,0.6659339799987511,67.78877779442412,1.0,Switch_Short
24.674572879697724,9.017358718706781,1.354810494311877,0.5789305167952287,0.3846857488591883,14.284863228944937,0.3654514614162289,Cap_ESR_Increase
25.717503956510342,25.717503956510342,1.8788964465858407,0.5601759148070191,0.3576960084472414,14.406326305391314,1.0,Switch_Short
24.227051572055718,1.462322381054594,0.03989236741800109,0.8686380185938634,0.6035907327416122,21.04453807392182,0.06035907327416123,Switch_Open
24.2864507578796,1.214924387554817,0.04779579685110569,0.6411074293406775,0.5002478129335723,15.57022401319314,0.05002478129335723,Switch_Open
23.119916374641136,15.36813313235607,0.5712067175412325,2.2705057497218544,0.6647140449527085,52.49390306171115,0.6647140449527085,No_Fault
25.077971732767747,8.094698827071335,1.2986873709303626,1.0606543271211533,0.3586458228639369,26.599059233782075,0.32278124057754326,Cap_Degrade
22.748174994230094,12.701924795926002,1.4866038559659343,0.6845231288481711,0.5583711572092157,15.57165192263611,0.5583711572092157,Inductor_Short
23.294716945616976,9.158356600542492,1.2254121231929704,2.3916707500371728,0.393151658460726,55.71329314922739,0.393151658460726,Overcurrent
23.701745754465666,23.701745754465666,1.1366967428963894,0.5643323249820443,0.3627041714606557,13.375661287750908,1.0,Switch_Short
24.03044151473782,13.77837669057665,1.455098556165686,1.063397019121838,0.5733717660629082,25.553899874953864,0.5733717660629082,No_Fault
22.96963892966032,11.111022199670929,0.6930149854056986,1.9759551273562528,0.5374738479634933,45.3869758165841,0.48372646316714396,Cap_Degrade
22.459347298956814,1.3518977004946429,0.06913710381035403,1.4569503902336751,0.6019309833449324,32.72215481160877,0.060193098334493246,Switch_Open
24.44248016976653,0.0,1.3094732096154345,0.0,0.42378503057847294,0.0,0.0,Short_Circuit
23.154522212961023,9.985846078151686,1.467859924081416,0.6238531052066216,0.47918866255287595,14.44502058213143,0.43126979629758844,Cap_Degrade
24.32495288569045,11.242717634994879,0.9778906609457496,1.440166776494819,0.4621886705321674,35.03198898577316,0.46218867053216744,Overcurrent
22.61745086109681,14.903859631203169,1.3501370232305467,1.0949192063858295,0.6936357855866057,24.764281347302614,0.6589539963072754,Cap_ESR_Increase
23.92456040741927,9.97413925003248,0.870710657037784,0.8017478865287153,0.4168995826957551,19.181465742776982,0.4168995826957551,No_Fault
24.13035773020634,10.0847254895975,1.3687364760393876,1.0637604609858546,0.41792689533870675,25.668920462837878,0.41792689533870675,Inductor_Short
22.20729414728971,9.811610789327545,1.8861518658668976,1.4452912699267544,0.44181928353144295,32.09600835977332,0.44181928353144295,Inductor_Short
23.346417112775683,11.662603467200196,0.7323239169273005,1.1023949169760505,0.5258376325161286,25.736971554726594,0.49954575089032216,Cap_ESR_Increase
22.537658707755895,9.036003170095032,1.482044622786384,1.6647704004336086,0.40092909770549806,37.520027111746785,0.40092909770549806,No_Fault
22.25349988189107,14.08224120678693,0.6558711402547881,1.8152957701619292,0.6661159761517095,40.39668420689585,0.632810177344124,Cap_ESR_Increase
25.959840929559782,25.959840929559782,2.178423446905241,0.9181321633550632,0.40627422594650536,23.834564913010038,1.0,Switch_Short
23.28941537989889,15.332034484431016,1.1264638552540558,1.359334049873653,0.6583262926240778,31.658095327547702,0.6583262926240778,No_Fault
25.23949778341854,8.616512790844387,1.0380795428740544,1.5211610987181419,0.34139002545863384,38.39334217931905,0.34139002545863384,No_Fault
23.018562619055054,11.655738591412929,1.1621858857118337,0.9360300740509204,0.5626250809598609,21.54606687285985,0.5063625728638748,Cap_Degrade
24.72601088889572,14.749431109792752,0.616180775011891,1.2372918342246066,0.6627942073752975,30.59329136577938,0.5965147866377678,Cap_Degrade
25.040911439558748,9.20252932882976,1.5825277863079368,1.4911177285589325,0.3674997753592918,37.33894698680023,0.3674997753592918,Core_Saturation
24.382554962431378,16.758880619219084,0.7872125711273615,0.8752541099073979,0.6873307840397019,21.340931440911085,0.6873307840397019,No_Fault
23.886304754200633,0.0,1.4401760633010565,0.0,0.48115334416620464,0.0,0.0,Short_Circuit
23.647363656589075,15.237692894365367,1.3882788187836983,0.8999672150152392,0.6782860433764097,21.281852012473053,0.6443717412075892,Cap_ESR_Increase
23.39547306617198,13.352451960408436,2.208771723239614,2.6680112873458257,0.5707280174520187,62.4193862133421,0.5707280174520187,Core_Saturation
25.718116576991303,10.817933484096551,0.5375560697401895,1.1865531516737693,0.4206347479494206,30.51591227954244,0.4206347479494206,Overcurrent
25.322477631150917,9.504057879386341,1.177699762771063,1.7946419971198215,0.37532100996684253,45.44478182799069,0.37532100996684253,Core_Saturation
25.86010764266605,10.354886654447688,0.764964845302184,0.6659595831602877,0.42149401849003976,17.221786506190053,0.4004193175655378,Cap_ESR_Increase
22.49718889394218,7.586208758825664,0.5111545873118305,0.7276686061820274,0.33720696370507,16.370498085468693,0.33720696370507,No_Fault
24.923469900814577,8.020184887605716,0.7423257302463214,0.5544190149355248,0.3575471865373319,13.81804563118482,0.3217924678835988,Cap_Degrade
25.753361827284152,25.753361827284152,2.357551967040858,0.798477202064736,0.34186417613859243,20.563472295610627,1.0,Switch_Short
22.72493226466264,10.662025032720104,0.7310889221345686,1.7583600359601834,0.46917741749662306,39.958612714084936,0.46917741749662306,No_Fault
22.26598506946711,13.0772535187882,1.1099037900308801,0.8336379286446155,0.6182313505030346,18.561769672542496,0.5873197829778828,Cap_ESR_Increase
24.964482597160234,8.901171690651465,2.081727172447498,1.4667126857635913,0.3565534216865361,36.615723318779324,0.3565534216865361,Core_Saturation
24.297892452719648,8.555972483661197,2.3875158406981507,0.45433625636244973,0.35212817326893436,11.039413494466066,0.35212817326893436,Inductor_Short
25.36731510703309,25.36731510703309,1.789258139812064,2.452727795958313,0.5573715798069323,62.21911887185328,1.0,Switch_Short
22.55908950650516,0.8547034267702428,0.04362344694560542,0.7011582437289643,0.3788731927872265,15.817491578505665,0.03788731927872265,Switch_Open
25.18106924743956,8.53749082577896,0.9557358140084847,0.5387953649754905,0.3390440152435966,13.567443395647297,0.3390440152435966,No_Fault
22.80650928019098,7.9458439308026545,0.7447455851658971,0.7674354342110816,0.366739431282231,17.502523352282427,0.3484024597181194,Cap_ESR_Increase
22.654623771462816,15.167102027229461,1.134000767415988,3.6730878817706025,0.6694925583507104,83.21242404103229,0.6694925583507104,Overcurrent
22.65706319172397,14.241969391251114,0.8641528191046055,0.8691353997382767,0.6285885011104763,19.69205567403441,0.6285885011104763,No_Fault
25.25829888092553,11.154717079921282,1.3523653492620435,0.6653804127691983,0.4416258249420376,16.80637733523801,0.44162582494203756,No_Fault
24.6607888827848,13.867459660038147,1.8848289900867243,0.7360481431386776,0.5623283069309571,18.151527865508697,0.5623283069309571,Core_Saturation
24.092261699076477,0.0,1.11051316409216,0.0,0.5149102694672152,0.0,0.0,Short_Circuit
23.43532193649401,13.378046623238314,0.8642022226495161,1.0622744603914749,0.5708497053930255,24.89474396418967,0.5708497053930255,No_Fault
25.508802163252433,13.887375497405126,0.7809250148408329,1.3992909586950972,0.5730684609851037,35.69423623418107,0.5444150379358484,Cap_ESR_Increase
23.569780429690542,12.998583202363873,1.9142277961584342,1.467733688542992,0.5514936060239971,34.594160768218124,0.5514936060239971,Core_Saturation
25.26639775788631,10.269288535918506,1.972818197982173,0.6313542194792966,0.4064405474149234,15.952046835483761,0.4064405474149234,Inductor_Short
23.756539634280873,7.497624922621592,0.7247500381773575,1.4854462701047437,0.31560256830512723,35.289063190338034,0.31560256830512723,Overcurrent
23.507777717699632,11.336078373946371,0.6951746150400062,1.984913074205422,0.4822267127960435,46.66089533737689,0.4822267127960435,Overcurrent
23.850719142678425,15.655362897691179,0.665400904501359,1.4161207053006912,0.6563895538762815,33.77549721425847,0.6563895538762815,No_Fault
23.20551149665657,1.2247843520943855,0.06385805981027974,0.7806186890612761,0.5277989034074303,18.114655963516423,0.052779890340743034,Switch_Open
24.990437520705004,15.817857784389933,1.0934807779504676,0.8428578399794056,0.6329564166807631,21.06338618884171,0.6329564166807631,Core_Saturation
24.010881560369917,16.72717432859965,2.053284527050395,1.1150452761681375,0.6966497371844912,26.773220060523116,0.6966497371844912,Inductor_Short
22.92885078058727,7.541341061548715,0.9515463609730564,0.6940077043925439,0.3654464816553105,15.912799094594558,0.3289018334897795,Cap_Degrade
25.598298293098274,1.4762821631630187,0.053980544961414204,0.8846328955918119,0.5767110556567929,22.645096741246462,0.057671105565679295,Switch_Open
23.535564885492846,12.06775937513067,1.3771549003711943,0.9174831455656731,0.5697174294800098,21.59348410380698,0.5127456865320089,Cap_Degrade
24.174211444455956,16.728123509570967,1.3677473900817305,5.661764668418749,0.6919821789433114,136.8686962431049,0.6919821789433114,Overcurrent
25.625888443858187,16.011471884887026,0.9510760718248596,2.7646700939513282,0.69424029358112,70.84712741166767,0.6248162642230081,Cap_Degrade
24.49695198365597,1.4077698786940607,0.025768312536736167,2.527979935847707,0.5746714446896517,61.92780310410698,0.05746714446896518,Switch_Open
22.467592162833455,0.8929652765285816,0.04632219028571516,0.7534144666963721,0.39744591679287766,16.927408967312758,0.03974459167928777,Switch_Open
25.7593284944539,1.5955903410564192,0.055309676871207025,0.9176492724926689,0.6194223352522396,23.638029052835297,0.06194223352522396,Switch_Open
24.51083221228567,8.402598923874885,2.115529518196124,0.8665825505152753,0.34281165368441524,21.240659493774483,0.34281165368441524,Inductor_Short
23.339622458628345,14.290377542820368,1.1513361058002056,2.655610996831991,0.6122797216686514,61.98095806304034,0.6122797216686514,Overcurrent
22.55708829065355,14.979676220853095,0.6540757324730835,0.8035377301973813,0.6640784496578785,18.12547152493368,0.6640784496578785,No_Fault
25.176100757081183,0.0,1.1465350987807326,0.0,0.4531333579073741,0.0,0.0,Short_Circuit
24.480291023714052,24.480291023714052,1.3653032374875445,0.9027505859963671,0.5522541179932322,22.099597067019467,1.0,Switch_Short
24.133844367905287,11.392552411335739,1.250523980696749,1.2655499461159816,0.4720570928387305,30.542585439374022,0.4720570928387305,No_Fault
25.57557033220383,10.935996732713818,0.83908761326268,1.7986659183308025,0.47510602199525137,46.00190669840743,0.4275954197957262,Cap_Degrade
25.154388844898122,10.669192665774398,2.419790866762907,2.035762677580694,0.424148355643248,51.20836598779574,0.424148355643248,Inductor_Short
22.606699518931006,13.673703985278271,1.0957311978122142,2.0701548184899705,0.6048518481801298,46.79936793926992,0.6048518481801298,Inductor_Short
23.246888271182193,14.11140894935926,0.9078600255909134,1.669978950171814,0.674470625666602,38.8218140698703,0.6070235630999418,Cap_Degrade
22.993956559257864,15.550820723906043,1.8075517833949992,1.1712732769347833,0.6763003436937844,26.932206848858012,0.6763003436937844,Core_Saturation
24.975785170290706,0.9238855480216701,0.036343525816574705,1.5501432141016673,0.3699125139499735,38.716043898587195,0.03699125139499734,Switch_Open
22.134129738943116,22.134129738943116,2.590574089594445,2.0423205608611714,0.6498974598626264,45.20498826261224,1.0,Switch_Short
24.279558739485267,13.001104459111337,1.1307797331049319,1.8721199423504171,0.5949725765708488,45.454246107658726,0.5354753189137639,Cap_Degrade
25.049834742962762,9.043528018087466,1.0875617721497983,0.6939606951676746,0.40113496027611567,17.383600732061804,0.36102146424850406,Cap_Degrade
25.507062547047,0.0,0.8535488542043371,0.0,0.32691384516860583,0.0,0.0,Short_Circuit
23.36832699486363,9.515557204972641,0.9824514703811176,0.7175332598394945,0.40719890675375114,16.767551845619757,0.40719890675375114,No_Fault
25.285029218688052,15.130434180443336,1.0973493009778532,1.919674851216836,0.6648832947126102,48.539034703398336,0.5983949652413492,Cap_Degrade
22.44252694782083,12.41680987399979,1.4586931708723356,1.1750781046893477,0.5532714699583089,26.371722030284914,0.5532714699583089,Core_Saturation
25.385809166938074,13.443808642447742,1.1983133239405601,2.3157774402559705,0.5884218643591487,58.78788417143841,0.5295796779232338,Cap_Degrade
22.50995464932793,8.161543349434709,0.9336969331069596,1.0799666208712386,0.4028609404436383,24.309999658599512,0.36257484639927445,Cap_Degrade
23.58914916224147,13.864646551634122,0.7022731817420304,0.7508373825874867,0.587755262229928,17.71161501444319,0.587755262229928,No_Fault
25.189181463118214,7.056087775916219,0.7139337828010472,0.39806792470276037,0.3112486025111695,10.027005189984708,0.28012374226005254,Cap_Degrade
22.599669709395094,10.172756292560841,0.7587056532644116,0.6913238003256382,0.4501285383092055,15.62368954960323,0.4501285383092055,Core_Saturation
22.917005580930567,12.62042566884378,0.8009577155586725,0.6730050412812516,0.5507013394169324,15.42326028703685,0.5507013394169324,No_Fault
24.889010273572264,8.47512351783088,1.3738094045263716,0.6093234306822272,0.35843862621652806,15.16545712617825,0.34051669490570163,Cap_ESR_Increase
24.8801461461843,15.65462352828401,1.2941627088376095,5.694715754097145,0.6292014297787738,141.6853602229151,0.6292014297787738,Overcurrent
24.56459053154119,9.67875620642679,0.70246754209575,0.9702314019231115,0.39401251952476746,23.8333371090844,0.39401251952476746,Overcurrent
24.7757937778684,1.3897051067915855,0.07295219984357039,2.143189586098111,0.5609124451273785,53.09922321204193,0.05609124451273785,Switch_Open
24.170897773390386,24.170897773390386,2.0048055869602535,0.7328828192864882,0.46207885703013185,17.714435704847848,1.0,Switch_Short
23.00719623562781,12.387475657145696,2.8339574980370053,1.4088615309776016,0.5384174381910588,32.41395371202871,0.5384174381910588,Inductor_Short
23.382783974015677,0.0,1.2067652818616312,0.0,0.3429802210515632,0.0,0.0,Short_Circuit
22.7263908672057,6.971664020832628,1.8336501345336198,0.47461760222002397,0.3067651199686429,10.786345140508221,0.3067651199686429,Core_Saturation
25.633802245334515,17.016378537943382,0.5850436213060711,2.9472454077772894,0.6638257709521205,75.54910595143332,0.6638257709521205,Overcurrent
24.33356717906448,9.428269420128013,0.7919902395866238,1.133167141243598,0.4078520035068731,27.57399875655954,0.38745940333152945,Cap_ESR_Increase
23.60340566705456,14.819889225149401,0.763222249941709,1.4795191902513092,0.6278708011121836,34.92169163969373,0.6278708011121836,Core_Saturation
23.848023214576532,16.687418630434983,1.2161276404767376,1.648429624105825,0.69974012018888,39.311787943271376,0.69974012018888,No_Fault
25.789133358447263,9.421901992455181,0.928882117271361,0.5114937551718909,0.38457250319956443,13.190980664140868,0.36534387803958623,Cap_ESR_Increase
22.61340561246432,9.182587094514101,1.92997877411452,0.5408140353732738,0.4060682964733422,12.229647142809466,0.4060682964733422,Core_Saturation
24.34491932806719,13.758383020734431,0.8389362199370263,2.316570936863226,0.5651439150538663,56.39673257568027,0.5651439150538663,Overcurrent
24.023554715537863,16.484469654009096,2.638667504597722,2.0612508219265497,0.6861794538402485,49.51857190299986,0.6861794538402485,Inductor_Short
24.44581694173859,0.0,0.630698253748313,0.0,0.6663257392762976,0.0,0.0,Short_Circuit
22.07244073528336,0.0,0.6733731567575082,0.0,0.5011502080262339,0.0,0.0,Short_Circuit
25.488495635776605,15.753014677190391,1.2613148093759048,1.9312423162737706,0.6180441130106898,49.22446134997111,0.6180441130106898,Core_Saturation
25.72847312993445,9.115555352572668,0.9084873888822733,1.7379181693337031,0.3542983412399604,44.71398092172705,0.3542983412399604,Overcurrent
24.260532734356836,15.925256833494558,0.9335730919272763,0.9208032388878873,0.6909752736816048,22.339177118941386,0.6564265099975245,Cap_ESR_Increase
24.786603295507568,16.997197408168173,1.2636470325232199,4.872490923136836,0.6857412936143945,120.77249957275421,0.6857412936143945,Overcurrent
25.689997524709185,9.3894778664684,0.5969513926267147,2.748067652389113,0.36549158315166835,70.59785118760969,0.36549158315166835,Overcurrent
24.828954537253594,9.38018846018842,0.8512170196384881,0.8398667783886987,0.41976924992124265,20.85301405796264,0.37779232492911846,Cap_Degrade
22.610156171657046,6.919969414947374,1.3372399995154594,0.8406649882540159,0.3400619990027068,19.007566672467537,0.3060557991024361,Cap_Degrade
24.305153440667254,9.436541145415143,0.6234767849883892,0.7341113426323832,0.4086870395592719,17.842688825214328,0.38825268758130826,Cap_ESR_Increase
24.426860185531424,15.300553249907496,1.4423435076713575,2.5989193470205927,0.6263823157660826,63.483439523144646,0.6263823157660826,Overcurrent
23.696522685209544,10.69486255250702,2.972633684544026,0.9280201131831326,0.4513262428661038,21.99084966437483,0.4513262428661038,Inductor_Short
24.94577694249889,7.94749621805003,0.6474249912075881,1.252439114517108,0.33535878685870335,31.243066784804604,0.31859084751576816,Cap_ESR_Increase
25.737468059076058,11.244447822921856,1.1869087833836054,1.5802206605102609,0.4368902099115618,40.67087877617491,0.4368902099115618,Core_Saturation
25.702274051627107,17.80019557803571,1.3086009990530343,1.027951716472147,0.692553333696512,26.42069672860761,0.692553333696512,Core_Saturation
23.80335748561653,13.13644073399819,1.914587052979089,0.7182998456949162,0.5518734381036812,17.097948008939284,0.5518734381036812,Core_Saturation
22.45295218336302,22.45295218336302,2.1918536242334676,1.2292478163931526,0.4664643785624631,27.60024244297886,1.0,Switch_Short
25.93936479584934,9.509770740420468,1.1443657004925674,2.837929561984126,0.36661540539890797,73.61409017323118,0.36661540539890797,Overcurrent
25.355592345783737,17.60871644485351,1.257509822818506,6.070662772681311,0.6944707189134779,153.92525053283254,0.6944707189134779,Overcurrent
22.498650724813068,12.723113952298721,0.6179789994370257,1.0008728879215192,0.6283396037052514,22.518289525281237,0.5655056433347263,Cap_Degrade
25.68336753046949,10.59672426327368,1.9998141853653935,0.673650565104496,0.41259092098036776,17.301615050687236,0.41259092098036776,Core_Saturation
25.479585448248514,7.522203746182233,1.205619804180144,0.7890753331681448,0.3280274782884758,20.10531237656291,0.2952247304596282,Cap_Degrade
24.07535222850429,6.99112598773619,1.0773417251963702,0.5112107410826388,0.3226502229510232,12.307578654559236,0.2903852006559209,Cap_Degrade
24.365101742979718,8.482740867027497,2.0846030021745854,0.5404953658500041,0.3481512598022135,13.169224580544396,0.3481512598022135,Core_Saturation
23.596010815480522,12.560331956747033,1.200306353883807,0.6600232983599864,0.5323074334457686,15.573916886571366,0.5323074334457686,No_Fault
22.219046555288124,14.92020904443184,0.7016999626310254,4.995797035112051,0.6715053684821969,111.00184690392503,0.6715053684821969,Overcurrent
23.340788966583602,23.340788966583602,1.8594907621513335,1.4763362786274943,0.49869737120239377,34.45885352315571,1.0,Switch_Short
25.211413794392044,16.06416308404426,1.4910643004036,2.6649729142120413,0.6371781929824788,67.18773489104662,0.6371781929824787,Core_Saturation
22.01852809201841,10.532665253700848,1.1104352535008113,0.5845015784306402,0.47835464794392313,12.869864424504154,0.47835464794392313,Inductor_Short
23.33399668676458,13.613833449726304,2.1819562700400836,0.8060861330753537,0.58343341830713,18.809211158427175,0.58343341830713,Core_Saturation
23.592674774363772,0.0,0.6285772607968785,0.0,0.5927490949146003,0.0,0.0,Short_Circuit
24.14958241175169,0.0,1.1974612672267269,0.0,0.3695854823613354,0.0,0.0,Short_Circuit
25.679422465651044,10.843446919041156,1.1068541396999683,1.2543460762888343,0.4444864235903247,32.21088281115273,0.42226210241080847,Cap_ESR_Increase
23.385383977463846,12.977037449362138,0.5256322498844226,1.3709396536902534,0.5549208626152096,32.05995021147788,0.5549208626152096,No_Fault
23.38781280758491,7.677719457614326,2.1371212137965427,0.5724878654557541,0.32827864327374645,13.389239031893034,0.32827864327374645,Core_Saturation
24.950004992438995,11.093173293592939,1.3518368088189332,2.5010935558963143,0.44461607510518264,62.40229670617004,0.44461607510518264,Overcurrent
23.808871763559228,12.235850293831298,1.0242579279038355,2.0077209228477644,0.5139197865124769,47.80156998909721,0.5139197865124769,No_Fault
22.89841929175993,15.994312247710821,0.7289423361394453,2.004119644741714,0.6984897972178554,45.891171936148716,0.6984897972178554,Overcurrent
23.809758064530772,11.662339147175302,0.6216228906800942,1.2294001016252598,0.4898134250489763,29.27171898420698,0.4898134250489763,No_Fault
22.5634280815192,1.4134243604290488,0.043169623971606334,1.199279495909356,0.6264227028457294,27.059856655591354,0.06264227028457295,Switch_Open
22.705547946024893,1.0735794166603025,0.037771414052304525,1.5525372240737934,0.47282691402664706,35.25120837919591,0.04728269140266471,Switch_Open
23.993471090957918,14.099246817430572,1.1073603211069287,0.8710597982229531,0.6185562890478835,20.899748087158063,0.5876284745954893,Cap_ESR_Increase
23.675701798018192,12.741455855118996,1.466409296123429,0.9450030779342669,0.5381659206480434,22.37361107138105,0.5381659206480434,No_Fault
25.6593836042724,1.6797612095405434,0.05374767466148207,0.9068131942638552,0.6546381766009592,23.26826760903185,0.06546381766009593,Switch_Open
23.44957559646653,1.088944405779548,0.0694965527945049,0.8759153575718828,0.46437702094004396,20.539843393487878,0.04643770209400439,Switch_Open
24.322353401112174,13.175948284634478,2.3017576749915545,0.6890687171139214,0.5417217679285915,16.75977285529579,0.5417217679285915,Inductor_Short
24.52905715167812,0.0,0.9752465265872005,0.0,0.5520074722475309,0.0,0.0,Short_Circuit
22.052377826353336,22.052377826353336,2.7092151254667423,0.7545618056045877,0.4669531767201893,16.639882030527748,1.0,Switch_Short
24.654149488066842,7.937461013057903,0.9713681101729975,0.4639738429398565,0.3577248174749926,11.438880482392069,0.3219523357274933,Cap_Degrade
22.712143867479007,7.663617044223291,2.052942255765542,0.7783220857828581,0.3374237627649342,17.67736318753661,0.3374237627649342,Core_Saturation
25.844281269877822,0.7925630078124115,0.039578838478788264,0.7559282715015614,0.30666862023985325,19.53642286853892,0.03066686202398533,Switch_Open
22.59465091101245,13.205948379367703,0.6288130737629881,2.582337005622599,0.6494137056980858,58.34700317663182,0.5844723351282772,Cap_Degrade
23.658496494908096,8.401864771265014,1.3553144643629382,0.6746203299310323,0.3945899648954778,15.96050271106707,0.35513096840593006,Cap_Degrade
22.341398672314575,8.592562244730079,1.0874151637926668,0.5428415242530058,0.3846026997127072,12.127838909223325,0.3846026997127072,No_Fault
25.98749700738379,15.447336208575498,1.3890923982489602,0.9304061670098787,0.5944141601704261,24.178927480820644,0.5944141601704261,No_Fault
24.00878004132497,10.275912599915477,2.156740810488575,1.417906198237858,0.4280064452349567,34.04219803272405,0.4280064452349567,Core_Saturation
24.381540069280174,0.0,0.5536283903714492,0.0,0.5024178769647346,0.0,0.0,Short_Circuit
22.26830590955371,7.315227197242738,1.0009693018588683,1.0620783032222767,0.3650044261189825,23.650684556053402,0.3285039835070842,Cap_Degrade
24.999841881596712,0.0,0.8749645490745293,0.0,0.6838982885847876,0.0,0.0,Short_Circuit
22.839622372382344,13.900215462509548,1.2384442367771291,1.9855363558485597,0.640632560006895,45.348900574217275,0.6086009320065502,Cap_ESR_Increase
25.592217157762853,25.592217157762853,2.587182394404647,0.8899782685177081,0.6455158491860012,22.776517113594966,1.0,Switch_Short
22.820558561928028,10.55928922887538,1.1708853239615533,1.2482138019841653,0.4627094994288021,28.48493616598648,0.4627094994288021,Core_Saturation
22.762750882654665,13.77020062088225,2.1135967687463433,1.4694430336314317,0.604944485482869,33.44856571080462,0.604944485482869,Inductor_Short
22.14619867139238,0.0,1.2087285799048995,0.0,0.3575504621559121,0.0,0.0,Short_Circuit
23.888267780439996,0.72488375508971,0.0317215541417867,0.6103249064128644,0.3034476010367121,14.579604797462485,0.030344760103671212,Switch_Open
24.259364533050466,7.098040539757064,1.4454735965463936,1.3939750732465508,0.30798917303121126,33.816949451873796,0.2925897143796507,Cap_ESR_Increase
22.26283455771341,11.902617339756015,1.106109599852973,1.9168717287806043,0.5346406949618242,42.67499816620069,0.5346406949618242,Overcurrent
25.102110466780044,10.892864184345962,1.4495374371136518,1.9309018398999414,0.4821579620991763,48.469711285677164,0.43394216588925866,Cap_Degrade
23.81315533899211,12.078178590313945,1.6790578382613865,0.6106205413725381,0.5072061395634079,14.540801804883708,0.5072061395634079,Inductor_Short
24.09756107731032,0.0,0.6081459423371987,0.0,0.30298525616688776,0.0,0.0,Short_Circuit
23.763050987752912,1.1146644774230006,0.050325060051846275,1.2597941115700868,0.46907464786297026,29.936551707310855,0.04690746478629703,Switch_Open
23.603052243501303,1.3860355802337923,0.029290538585471943,1.030068197780955,0.5872272644803442,24.312753486593113,0.058722726448034425,Switch_Open
24.238561325232872,11.563671774942684,1.469526523324007,3.758706147835213,0.4770774807869743,91.10562946783362,0.47707748078697426,Overcurrent
22.62096098372285,13.411689134125371,0.5386849582571915,0.7889985615152096,0.5928876825248889,17.84790567624901,0.5928876825248889,No_Fault
22.727712521981083,8.043038073528054,1.2535039011073081,0.47334462159490315,0.3932075857587339,10.758040483434877,0.3538868271828605,Cap_Degrade
25.44714248405407,0.0,1.025102398142244,0.0,0.6252568017926902,0.0,0.0,Short_Circuit
25.78446184853453,13.804291702543516,0.8686206524982887,2.7264063696589207,0.5353724961813809,70.29892102207197,0.5353724961813809,Overcurrent
23.493237265119014,23.493237265119014,1.1316843290173093,0.9132204801365446,0.38430523977196246,21.454505415213745,1.0,Switch_Short
23.082978692574216,9.110579087864286,2.2443338483472157,1.6485814614405772,0.39468819034153313,38.054170747405706,0.39468819034153313,Inductor_Short
24.575998172956062,13.546589671815495,1.0852203293909553,0.9171068131683485,0.5512121858278148,22.53881536483089,0.5512121858278148,No_Fault
23.634936684392386,14.936708900296303,0.7808832730675997,1.1468980378260818,0.6319758372849773,27.106862507473306,0.6319758372849773,No_Fault
22.10154542264138,9.789626640755836,1.5512438715513432,0.8666695251205137,0.46625111281166204,19.154735875870067,0.44293855717107894,Cap_ESR_Increase
22.624610389464763,8.668713658525922,0.8845210080771206,0.49020813055612134,0.40332017165103684,11.090767963580122,0.383154163068485,Cap_ESR_Increase
24.86388891538959,24.86388891538959,1.8994508211842123,2.1390910121977886,0.6468046427642401,53.1861213071941,1.0,Switch_Short
24.635695767640605,13.98586473929302,1.0437624559186558,5.436688454188349,0.5677073167003339,133.93660274082848,0.5677073167003339,Overcurrent
22.108383970013932,10.5950935927022,0.9003478172644291,1.736972692750978,0.4792341949132306,38.40165923676766,0.47923419491323066,Core_Saturation
22.8878886477318,11.333168730623242,2.864323438427265,1.3571728161522238,0.4951600781117207,31.06282029182068,0.4951600781117207,Inductor_Short
22.924299186352286,8.750264308594295,0.8745361524510411,3.1823290157580852,0.3817025871745585,72.95266246664835,0.3817025871745585,Overcurrent
24.687570974394912,12.23636855308539,0.5807792138743436,1.0839781803725588,0.5507210520259376,26.760788262642993,0.4956489468233438,Cap_Degrade
22.078842151017458,9.791900350559699,1.77458234735066,1.0082937455062535,0.44349700421715543,22.261958448890738,0.44349700421715543,Inductor_Short
22.416434327938294,15.652456185121116,1.1002025470925807,2.030875616298756,0.6982580706697397,45.52498988097227,0.6982580706697397,No_Fault
25.199664341492756,12.400084665214882,1.0136526718213297,0.7630229168323983,0.49207340610475514,19.227921389043182,0.49207340610475514,No_Fault
22.714178648217334,10.105965521190448,1.194541974037274,1.3919884572591064,0.49435424247584525,31.617874494439782,0.4449188182282607,Cap_Degrade
24.6109844314075,12.95376314160151,0.833225913101866,0.8458729541407323,0.5263407149642687,20.81776610530623,0.5263407149642687,Core_Saturation
22.952731124186904,22.952731124186904,1.5690812205441123,1.494548337740099,0.6667024012474987,34.303966148248975,1.0,Switch_Short
22.397765571037382,13.199246892712523,1.4511536345241125,1.0959602215716546,0.6203272399439,24.547060117944106,0.589310877946705,Cap_ESR_Increase
22.972688763997816,11.037274903417913,0.5798936877913609,0.580664544033642,0.48045202791913655,13.339425846373562,0.48045202791913655,No_Fault
24.889067727422635,14.621822200805132,2.0332289320439365,2.629694296986257,0.5874797063891184,65.45063946010801,0.5874797063891184,Core_Saturation
25.422785872425145,0.0,0.5918960920771063,0.0,0.5344941995123046,0.0,0.0,Short_Circuit
25.320879458267967,12.583130513235382,2.6689084297833925,0.7062689307782232,0.49694681948049957,17.883350461355192,0.49694681948049957,Inductor_Short
23.58873411847382,23.58873411847382,1.7215768021574533,0.6433764839244428,0.3769263091137402,15.176436817372227,1.0,Switch_Short
24.672340546282584,11.980259557376352,1.112209063257216,2.6177611632606683,0.48557450538195635,64.58629488880005,0.4855745053819563,Overcurrent
22.819937181663285,9.089807040075138,0.9793306734719973,0.8289673626657388,0.3983274348090298,18.916983141681246,0.3983274348090298,Core_Saturation
23.172590921044055,23.172590921044055,1.1323374434503617,1.0149630516102188,0.6659368599406619,23.519323594938125,1.0,Switch_Short
25.58534327408448,11.108202366133689,1.0739073060302027,0.6049501380095871,0.43416272539853873,15.477856944680067,0.43416272539853873,Core_Saturation
22.052007694042945,0.0,0.6278538179086955,0.0,0.6809056058133489,0.0,0.0,Short_Circuit
22.34203412341787,1.1466426029411143,0.04062029488398159,1.888073536542325,0.5132221160378845,42.183403380950885,0.051322211603788456,Switch_Open
22.83154502058411,11.355405364684676,1.01438324651102,1.2775827530883113,0.5526177514704641,29.16918814465757,0.49735597632341777,Cap_Degrade
22.10612881549528,1.143276320665792,0.05443797317825048,1.3463463828803184,0.5171761777957311,29.762506570228446,0.051717617779573115,Switch_Open
22.72574174035919,22.72574174035919,2.579736214759486,0.8907804117051902,0.3517522467866803,20.243645583782985,1.0,Switch_Short
24.332166243878767,1.0957467624714985,0.05781199466241793,1.3171537196992293,0.45032848760317634,32.049203276464944,0.045032848760317636,Switch_Open
23.68569820236999,8.045047418049434,1.6631374876943295,1.0135651490928872,0.3396584449110496,24.006998229854272,0.3396584449110496,Core_Saturation
25.5706868443079,14.042951166175731,1.367673041228662,2.0178510910440424,0.5491816176733527,51.59783834753224,0.5491816176733527,Core_Saturation
25.269774246953762,1.2097896285887826,0.04869042174800694,0.6364194717079151,0.47874967808017554,16.08217637642459,0.04787496780801756,Switch_Open
23.367269406791504,12.853741132881625,0.9145208293901811,1.9938921833893855,0.6111939886283747,46.5918158173555,0.5500745897655372,Cap_Degrade
23.03769373372517,8.048664618798396,1.3421660300613831,1.1087153372733827,0.3881881923997479,25.542244377988,0.3493693731597731,Cap_Degrade
23.518769632669066,0.0,0.7300004525483998,0.0,0.36582642337173393,0.0,0.0,Short_Circuit
24.36117977005923,11.267846940968798,0.7585813973129469,0.5931937142014561,0.4625328923855071,14.450898710130808,0.4625328923855071,Core_Saturation
23.072254563291505,23.072254563291505,2.3026397944524786,0.9471911539380147,0.6706341532873524,21.853835423755704,1.0,Switch_Short
24.496595631396538,14.310145061451697,1.4049243672776628,0.8494940678878965,0.5841687260049646,20.809712672319918,0.5841687260049646,Inductor_Short
23.63764660876496,9.947017279976967,1.3901151363098094,1.6818768193725016,0.4675694499171674,39.75560989580081,0.42081250492545064,Cap_Degrade
24.208188723407922,11.044210985760595,1.359046329706656,0.6994352609491036,0.5069088679017242,16.932060796861965,0.4562179811115517,Cap_Degrade
23.744506116541267,0.0,0.5767273719282059,0.0,0.3336852044708393,0.0,0.0,Short_Circuit
23.177863038167672,16.081505022204986,1.2127768108281547,1.798354270061999,0.6938303585504452,41.68200896560101,0.6938303585504452,Inductor_Short
25.793813227848627,13.883127279307262,1.094688751471333,1.0716888327896397,0.5665629218779675,27.642941591347064,0.5382347757840691,Cap_ESR_Increase
25.054423176639045,9.338922608434679,1.1092226627693547,0.5986692541664876,0.414161627385369,14.99931283673006,0.37274546464683206,Cap_Degrade
22.56045270306581,1.2054576839220523,0.03874541687411204,0.7227058870968098,0.5343233576860977,16.304571984074798,0.05343233576860977,Switch_Open
25.47387190359165,8.757737478654967,1.825196575049056,0.4772618801458255,0.34379294642759756,12.157707999302069,0.34379294642759756,Core_Saturation
23.949724792998055,14.793773762763424,1.0949160209188715,0.868699997526487,0.6863346675230334,20.805125868437454,0.6177012007707301,Cap_Degrade
25.578208907576364,9.461737445868483,1.237236164622832,1.1038175352544843,0.36991399515334633,28.23367551258524,0.36991399515334633,Core_Saturation
25.19942102378926,25.19942102378926,1.0507429760846312,1.2407100807683933,0.5592121272220857,31.26517569374232,1.0,Switch_Short
23.700854017876935,9.437248359231733,2.5003005625970354,1.8081000829940406,0.39818178501557216,42.85351611675293,0.3981817850155721,Inductor_Short
22.08987723328047,12.967300310003797,0.7147536658250827,0.7128875835337338,0.5870245530594143,15.747599201390155,0.5870245530594143,No_Fault
23.074709437539784,0.0,1.3344737434626284,0.0,0.6107285468961123,0.0,0.0,Short_Circuit
24.166536858643468,13.071667630742201,1.0123192860596808,0.7677466984926467,0.569367891564573,18.55377888722438,0.5408994969863443,Cap_ESR_Increase
24.533912879304587,1.339060435270361,0.05385387213158828,1.347033549778151,0.545799784102077,33.048003755757556,0.0545799784102077,Switch_Open
23.031550741732808,14.37487190605179,1.510243603449902,1.4380762759405696,0.6569876375808046,33.12112671980738,0.6241382557017643,Cap_ESR_Increase
22.557424296291295,0.0,1.3636230009199535,0.0,0.3314506843959032,0.0,0.0,Short_Circuit
25.339720947197197,10.40822984237856,0.9586715327679307,1.1063142718039172,0.43236590631207805,28.033694927412935,0.4107476109964741,Cap_ESR_Increase
25.937608722814208,10.357276015819696,1.4177777854296862,0.5651851961675256,0.3993149918523384,14.659552474120272,0.3993149918523384,Inductor_Short
24.102760729210743,24.102760729210743,2.550292155457189,3.112709833649051,0.6952055848261686,75.02490033990445,1.0,Switch_Short
22.686717143393214,1.033960545895019,0.046654010180106564,0.9319231526815465,0.45575591186674935,21.14227696426549,0.04557559118667494,Switch_Open
23.089229306077478,13.69295383394562,1.3840839871180082,2.5028272220191647,0.5930450796961595,57.78835164269338,0.5930450796961595,Inductor_Short
22.07356270618987,12.667798348430354,2.8088506846343004,1.1991647645145473,0.5738900655524017,26.469838624565266,0.5738900655524017,Inductor_Short
25.657195226241996,9.873722453384627,1.047156291361631,1.300952612655834,0.38483249499095107,33.37879516300031,0.38483249499095107,Core_Saturation
22.471004331560565,22.471004331560565,1.0516143363824622,1.0120948680845891,0.39559907208462053,22.74278816467902,1.0,Switch_Short
24.306065902057014,10.02658822619766,0.52027997376742,0.5520040572847456,0.4125138254212136,13.417046994565881,0.4125138254212136,No_Fault
23.096220882748824,23.096220882748824,2.2446307129085286,0.9294951977201285,0.46445091130375166,21.46782639599838,1.0,Switch_Short
24.216712010063173,24.216712010063173,2.3233501214350607,1.0469834413299886,0.3937300262602107,25.354496477993205,1.0,Switch_Short
24.605681553407457,7.575119716630724,1.6220834101139678,0.5473322471391318,0.3078605930987391,13.467482977016386,0.3078605930987391,Inductor_Short
25.318967214828806,16.50181975414843,0.8200109892470634,2.3139000475067353,0.6517572227228782,58.585559441213846,0.6517572227228782,No_Fault
22.825685087042412,14.097589107600237,0.8394939150599428,1.761805161249846,0.6862439325523536,40.21440979541496,0.6176195392971182,Cap_Degrade
22.043983314633923,9.62502375938895,1.770237820138318,0.7295155660345912,0.4366281548126272,16.081428965432252,0.4366281548126272,Core_Saturation
22.54754252027523,22.54754252027523,1.1162675820536572,1.1464952757295015,0.4354027517701891,25.850650978805607,1.0,Switch_Short
25.60007456739242,6.977378470099032,1.4291163526913255,0.5104817010516427,0.3028367251097484,13.068369612211377,0.27255305259877355,Cap_Degrade
25.49556031025006,14.586017073241484,0.7225210441774464,1.1789186407086036,0.5721002753321496,30.057191305064226,0.5721002753321496,No_Fault
24.389652408681233,24.389652408681233,2.9993464104841845,0.9270159565715177,0.6301759582994515,22.609596958080452,1.0,Switch_Short
24.402067441734612,0.8751638485681537,0.03357613468935935,0.4552533090649823,0.35864332014400124,11.109121950876549,0.035864332014400126,Switch_Open
24.660146698185024,8.075702023846691,1.2715464573123776,1.3318843057803738,0.3638665397468603,32.844462365554335,0.32747988577217424,Cap_Degrade
22.7014851144938,12.586383710750816,0.723412544929625,1.395699149019016,0.616033299988575,31.684443455766857,0.5544299699897175,Cap_Degrade
25.65764778369984,1.4022322716559326,0.0290423400821627,1.4318375251982,0.5465162993416578,36.73758290501986,0.05465162993416579,Switch_Open
23.675082099568293,6.77462002543614,1.374933324350649,1.0357210987699137,0.31794422305108677,24.52078204563279,0.2861498007459781,Cap_Degrade
23.53255411299799,12.273823803760747,1.4946263851099812,0.7531422709724939,0.5490187961849127,17.723361246446405,0.521567856375667,Cap_ESR_Increase
24.07567082113135,24.07567082113135,1.8071407848992027,0.6218776388676114,0.4235670891375064,14.97212132439901,1.0,Switch_Short
22.18786386710022,8.935963723543557,1.2023961425404268,0.8094357840080626,0.44749006218833837,17.95965098473043,0.40274105596950455,Cap_Degrade
22.66513347502432,0.0,1.0570659326839171,0.0,0.6078925673187521,0.0,0.0,Short_Circuit
24.95213446570548,15.579465927927549,1.352956113673749,5.287302722298476,0.6243740770690442,131.92948848768222,0.6243740770690442,Overcurrent
22.331194671700505,10.275535110336397,0.8150559693186544,0.7707069276576464,0.46014265073593225,17.2108064363511,0.4601426507359323,No_Fault
24.412608437865554,0.0,1.0236723999989852,0.0,0.6788611744025419,0.0,0.0,Short_Circuit
22.981396438725284,1.0630851275144926,0.049268618560227524,0.7812543650623718,0.46258508718082886,17.954316282982973,0.04625850871808289,Switch_Open
23.557182456167908,23.557182456167908,1.7078116525137175,1.5969614196298831,0.6087344140920439,37.61991153768208,1.0,Switch_Short
23.1547749470828,23.1547749470828,2.7829101291127447,0.7611995987410562,0.4935509058257036,17.625405398658888,1.0,Switch_Short
23.422690865859796,0.0,0.6658779246625355,0.0,0.6590129306088336,0.0,0.0,Short_Circuit
24.87618362073698,14.84595831469793,0.6495086395206962,1.2522117162871995,0.6631044974600714,31.150248586398575,0.5967940477140643,Cap_Degrade
23.1884868624927,7.767371459099679,1.0769095353227514,0.6308022732609686,0.3349667231484335,14.6273502263425,0.3349667231484335,No_Fault
24.265618561187587,24.265618561187587,2.314988459969884,1.5273459867565566,0.6745973325240903,37.061995125595274,1.0,Switch_Short
23.9042016087964,13.558284897619357,0.6946192543245652,0.9544826088838108,0.6302139366081663,22.816144714848573,0.5671925429473497,Cap_Degrade
24.65468466145059,1.5200211850677583,0.04453587211273121,0.8325169186031799,0.6165242857250667,20.52544210348393,0.06165242857250667,Switch_Open
25.747318957299033,9.303698673938355,1.5912202272766183,1.9285161272013984,0.38036453587420893,49.65411984134948,0.3613463090804985,Cap_ESR_Increase
24.930288388841,15.50782814131201,1.119926134036011,0.8160190455279442,0.6220476835018659,20.343590135798422,0.6220476835018659,Core_Saturation
22.859761514363026,14.631461082490185,1.168360702117394,1.1545629472540788,0.6400530938740147,26.393033627548338,0.6400530938740147,No_Fault
22.124732540245137,0.9196369287561748,0.06200746968487954,0.59289421761492,0.41566013378166033,13.117625989388003,0.04156601337816603,Switch_Open
23.0490561771993,15.694195269750754,1.896257398930319,0.8799972522844953,0.6809040313449295,20.283106103686357,0.6809040313449295,Inductor_Short
24.380311722801018,24.380311722801018,2.8750519735191657,0.6496730853774783,0.3199440585596657,15.83923233941684,1.0,Switch_Short
22.205703253937003,7.993247133231211,1.2366567352187905,0.9122310432344267,0.35996370129885585,20.256731845093057,0.35996370129885585,Overcurrent
23.985464988804946,11.11796363051288,0.9579245798608979,1.6117972010250232,0.5150324552206057,38.659705334239504,0.46352920969854516,Cap_Degrade
24.387371395667557,12.933037354735847,2.138670403552188,1.7506618701895122,0.5303169884489238,42.69404121654558,0.5303169884489238,Inductor_Short
23.336975563267842,0.0,1.1926134434251008,0.0,0.5580600333203614,0.0,0.0,Short_Circuit
25.083648814983288,25.083648814983288,2.1843803608584365,0.42628472578598015,0.30678765172618655,10.692776356806977,1.0,Switch_Short
22.426393012535087,14.575795843638007,1.5165673422086834,0.8344727143864812,0.6841467098488521,18.714213051068167,0.6499393743564095,Cap_ESR_Increase
22.300551126943233,7.087900954751235,1.7137773245608023,0.4836141694983839,0.3178352370936576,10.7848625126129,0.3178352370936576,Inductor_Short
24.912755024814413,8.009508114064985,0.7998857400558049,0.690825931366768,0.35722478108936095,17.210377192929545,0.32150230298042487,Cap_Degrade
23.981965264824794,7.329027848452709,1.4276777789905286,0.7350420279767597,0.3056058070104228,17.627752383125024,0.3056058070104228,Inductor_Short
24.753609585710944,12.386859824216938,0.5915612648710546,0.661867801466394,0.5267433733176379,16.383617154851958,0.5004062046517559,Cap_ESR_Increase
23.739309354414985,15.974341589635072,0.5430139643800553,1.630794456847186,0.6729067535683888,38.71393410456051,0.6729067535683888,No_Fault
22.98560813295643,0.0,1.3700551931092828,0.0,0.5663788664321857,0.0,0.0,Short_Circuit
25.2764092706968,15.900453526371694,1.7675897196088608,1.225022184836194,0.6290629873921709,30.96416210960282,0.6290629873921709,Core_Saturation
25.197663515875917,0.7693161173096851,0.0580266207718243,0.5445450615592624,0.30531248138343203,13.721263230402231,0.030531248138343205,Switch_Open
24.778785883417708,11.525245358086494,1.114642818934886,1.1746086546531138,0.5168061193918904,29.105376350458844,0.4651255074527013,Cap_Degrade
23.08858054891985,11.170836894051028,1.3492191446941049,1.147353933421265,0.4838251910022087,26.4907737099169,0.4838251910022087,Overcurrent
24.36092266747635,12.17040460132786,1.960533851331255,0.8965152130780472,0.4995871776883172,21.839937776010387,0.4995871776883172,Inductor_Short
23.443895587760107,6.9393168244360055,1.3704108285583003,0.4043859578424855,0.32888527413407515,9.48038217281559,0.2959967467206676,Cap_Degrade
22.366328293306537,12.83322088048153,0.8594450261822392,2.5094923731272885,0.5737741444277229,56.128130266913836,0.5737741444277229,No_Fault
25.669254301848973,0.0,1.4267075043390904,0.0,0.5012881659434537,0.0,0.0,Short_Circuit
22.547274523675846,12.98174128358038,1.3185226780893642,0.8671888159078388,0.6060595399445056,19.552744296135437,0.5757565629472803,Cap_ESR_Increase
25.80094941528321,12.748668465039776,1.135765704036641,0.7881125630007888,0.49411625362468614,20.334052371532554,0.49411625362468614,Core_Saturation
23.784023091831823,7.700728897576421,1.0640849216886252,0.46064738530034444,0.3597526544905728,10.956048049175344,0.32377738904151554,Cap_Degrade
22.74053171535448,12.718842644168664,1.0330305614882556,5.021232550454905,0.5593027816311288,114.18549806379002,0.5593027816311288,Overcurrent
24.167603789513432,0.891674725608333,0.0318949410865167,1.7815848310311428,0.36895454484206647,43.056636313767896,0.036895454484206655,Switch_Open
25.491783343505634,1.6543092282688947,0.05456214528753071,1.3690134157484555,0.6489578253419259,34.898593388612234,0.06489578253419259,Switch_Open
24.928899545638245,13.59239511711413,1.222178435575437,2.498875093886122,0.5452464956276966,62.294206192584475,0.5452464956276966,Core_Saturation
25.2262445914458,9.154138824366896,0.5523487668096024,0.9332392987576448,0.36288155342278167,23.542122812809705,0.36288155342278167,Overcurrent
24.63513346684287,16.873470634561592,1.4486561577065649,2.025389024915847,0.6849352229924827,49.89572895108063,0.6849352229924826,No_Fault
24.76910625807141,12.566511574168214,1.1414903690642877,2.078832386949792,0.5073461853341282,51.49082028507962,0.5073461853341282,Overcurrent
25.396782606261276,8.35958923568535,1.376918931870847,1.4127933379914948,0.32915938074866197,35.8804052725442,0.3291593807486619,No_Fault
22.998672035436744,12.666131366495982,1.1760560050132531,0.9871718191970448,0.5507331617660268,22.70364091233829,0.5507331617660268,No_Fault
23.95769985457256,0.0,0.8569836921401129,0.0,0.40127956280512406,0.0,0.0,Short_Circuit
22.88483776727841,14.22240903451794,1.0126880723288114,5.01681086014962,0.621477380750921,114.80890264364452,0.621477380750921,Overcurrent
25.95067203198659,15.460693845537637,1.2933214363818948,1.6230812119851747,0.6271288294264762,42.12004821350657,0.5957723879551524,Cap_ESR_Increase
25.776237358746453,16.934987821608996,1.6062775577215813,1.6397219228110125,0.6915789423418647,42.26586148471679,0.6569999952247715,Cap_ESR_Increase
22.157707245474022,11.095423431187925,1.507338918243393,0.5589965603424134,0.5007478124098015,12.38608213529415,0.5007478124098015,Inductor_Short
24.822300690062754,11.963920794864668,1.3749770586241177,2.9473999145511756,0.48198275189109485,73.16124693285455,0.48198275189109485,Overcurrent
25.700993269662664,15.456326566672796,1.4240778052942695,2.3469002994044823,0.6013902421785922,60.31766879956389,0.6013902421785922,Overcurrent
22.722301380509336,0.8020705685142856,0.05852077573294783,0.4048871122487139,0.3529882625367706,9.199966989599389,0.035298826253677064,Switch_Open
24.271780922210517,0.0,1.431266627401338,0.0,0.5187662055172496,0.0,0.0,Short_Circuit
25.66195319035217,1.3305698095065694,0.04489392937386843,0.6686108252849811,0.5184990400523404,17.157859701025917,0.051849904005234045,Switch_Open
22.135783914343197,6.6896624334346635,1.4530161760404428,0.38069952539081425,0.33578924912415486,8.427082430344075,0.30221032421173943,Cap_Degrade
24.78968106898736,24.78968106898736,2.40556575433195,0.9383046102012614,0.4671936342027654,23.260272032449773,1.0,Switch_Short
23.189396029490204,14.87168245681451,1.0840115348376238,0.9628402983025985,0.6413139194268808,22.32768499049144,0.6413139194268808,Inductor_Short
25.697584781506123,16.509707549332365,2.110309247728579,2.480183760253347,0.642461448797864,63.73473245282504,0.642461448797864,Core_Saturation
25.884232980661473,7.91347160690422,0.9844728090331926,0.7568709952194818,0.3396950659678724,19.59102517656618,0.30572555937108514,Cap_Degrade
25.777065956453736,7.801674352401184,0.9603269847778328,0.5058877358414814,0.33628835309913235,13.040301533346911,0.3026595177892191,Cap_Degrade
23.896856866629854,9.680095545359476,1.0664666059796342,1.5389622581150126,0.4050781908007741,36.776360805319925,0.40507819080077406,Overcurrent
25.448170603957255,14.885036622501808,0.6493845467712279,1.064247934132847,0.6499064250215973,27.083162992721753,0.5849157825194377,Cap_Degrade
25.378197594140282,25.378197594140282,1.9383320971347973,0.5512070054242718,0.3515610340293996,13.988640298931525,1.0,Switch_Short
23.276401892973023,12.317845089363042,1.3311272167177457,1.554923520459558,0.5879987210509785,36.19302477505313,0.5291988489458807,Cap_Degrade
25.31566189660271,8.619128417655068,0.5154824591375153,0.9505260828665788,0.34046624784524127,24.06319693775248,0.34046624784524127,Overcurrent
22.14803053886197,1.2164919647549688,0.038645858016218566,1.0224910159286347,0.5492551414991301,22.6461622464994,0.054925514149913014,Switch_Open
24.38507951392821,9.70975405323942,0.5024545864438442,1.3233056913585604,0.4424269196476579,32.26891450501224,0.3981842276828922,Cap_Degrade
22.92003534915081,14.108784972191772,1.3735669637247725,0.7846392330836554,0.6155655851863467,17.983958958607964,0.6155655851863467,Core_Saturation
22.482267543109117,0.0,1.2283155104937347,0.0,0.3934761795301454,0.0,0.0,Short_Circuit
22.307812806516836,0.0,1.2987718291146284,0.0,0.5556807317559839,0.0,0.0,Short_Circuit
24.785155103512558,9.772117800914675,1.4451897611270066,0.7391642294906812,0.39427301383035396,18.320300074894885,0.39427301383035396,No_Fault
23.359499855072265,13.676148868493353,2.217009225941573,1.274799741078019,0.5854641132448615,29.778684366958146,0.5854641132448615,Inductor_Short
24.899067086115046,24.899067086115046,1.509253733305791,0.9430306407925574,0.6494712138242995,23.480583189355947,1.0,Switch_Short
22.26142536319577,7.417165967638932,1.566562744050369,0.5671181339004469,0.350720719650704,12.624858009939661,0.3331846836681688,Cap_ESR_Increase
23.261161351322443,23.261161351322443,2.550631507760752,1.3852421696889174,0.6466382754382014,32.222341619789894,1.0,Switch_Short
24.15796516950135,12.983217679497809,1.0744284830031445,1.9541360783146078,0.5374301017657191,47.20795131639026,0.5374301017657191,No_Fault
25.162892659355855,8.828254852832739,1.7934603235784041,0.47897180253838323,0.3508441963468096,12.052316054131525,0.3508441963468096,Core_Saturation
23.27501001172828,1.0962919389090557,0.07121581775037146,1.981712333600304,0.4710167421438848,46.12437440491249,0.04710167421438848,Switch_Open
24.503565505748035,8.48134344983885,1.3336334313202138,0.49742725352110234,0.36434411739403916,12.188741290998667,0.3461269115243371,Cap_ESR_Increase
25.54391099294475,14.819022952805188,0.868374507584734,2.8499702595857204,0.5801391555466278,72.79938664339728,0.5801391555466278,Overcurrent
24.463452752729218,14.764849726572873,1.2130282022890966,2.0239571348001744,0.6035472537671798,49.512979740733265,0.6035472537671798,Overcurrent
22.931837899014536,7.849994830974612,1.0805563254707757,0.4168213538810792,0.34231860810911957,9.558479720048682,0.34231860810911957,Inductor_Short
22.09760312622615,10.547918375635323,0.9750571180136395,1.5260697599541306,0.5024559410778577,33.72248389840159,0.4773331440239648,Cap_ESR_Increase
25.48039549560372,15.946906091948597,0.9063230318455793,2.3617598410668923,0.6258500224103668,60.178574816018596,0.6258500224103668,Overcurrent
22.085077643401547,14.895616676835147,1.3336764688416693,0.9046016498555045,0.6744652166203986,19.97819767340796,0.6744652166203986,Inductor_Short
25.4988066907368,12.887279133736211,0.7846282208276553,0.7875501174466076,0.5054071466967079,20.081588204038113,0.5054071466967079,Core_Saturation
24.115748536108846,15.581332355157567,0.6967193603015172,1.2729581721406003,0.6801116894445628,30.698339176327472,0.6461061049723347,Cap_ESR_Increase
25.756270794051584,13.245821311996357,1.7319322436955826,0.9216990194941012,0.5142755881824119,23.739529536701898,0.5142755881824119,Core_Saturation
25.195132943094663,11.531212649467966,1.3022888163636877,1.4094334363596444,0.45767619783996316,35.51086280352399,0.45767619783996316,Overcurrent
25.99173644213335,0.0,1.4882034927269743,0.0,0.6392812514211581,0.0,0.0,Short_Circuit
23.40284726180684,23.40284726180684,1.6927270062169886,0.7083213402822763,0.4971930841832356,16.576736138904423,1.0,Switch_Short
25.068753155724508,25.068753155724508,2.1987584445222037,1.1884132734187982,0.4887610042258092,29.79203899832239,1.0,Switch_Short
23.607723654436967,11.7123817980536,2.155717450222683,0.5870604402298173,0.4961249957639313,13.859160641397636,0.49612499576393126,Core_Saturation
23.919502481215634,0.0,0.6670417813381526,0.0,0.6387140007478981,0.0,0.0,Short_Circuit
24.51002185287348,15.509368702697007,2.4352911726854853,2.8897808518057464,0.6327766166752208,70.82859182777418,0.6327766166752208,Inductor_Short
25.494708456745354,1.1763462362516115,0.06274893665745816,1.1268489160245783,0.4614079969760845,28.72868458884615,0.046140799697608446,Switch_Open
25.936333876797182,1.1238730741715814,0.02944877679346692,1.6248584918024247,0.43331994394821,42.1428723459368,0.043331994394821,Switch_Open
25.073093655458074,12.455591064028429,1.361249385183065,1.825894133836929,0.4967712096156517,45.78081462264482,0.4967712096156517,No_Fault
23.671067128669335,11.272117274620388,1.3131050471108439,1.3579681213723207,0.5291090038948436,32.14455455959719,0.4761981035053593,Cap_Degrade
23.685428009108282,0.9363675940420925,0.026670150328871725,1.6142508737471906,0.3953348842511988,38.234222858779226,0.03953348842511988,Switch_Open
24.950329206355566,0.0,0.5910844148800515,0.0,0.6175820338862362,0.0,0.0,Short_Circuit
22.95510858307321,22.95510858307321,1.0982537877837046,1.858223943375961,0.49459310629296915,42.65573239186167,1.0,Switch_Short
22.44189645252558,22.44189645252558,1.6694870635987245,1.2089452242464895,0.43361821936798384,27.131023539315034,1.0,Switch_Short
23.418488630563107,0.8026181072862002,0.050464449533996314,1.2553666143865274,0.3427283971855962,29.398788786199393,0.03427283971855962,Switch_Open
23.148955966616327,0.9156293230393904,0.05161738639773144,1.539515536657022,0.39553806416144277,35.638177367995105,0.03955380641614428,Switch_Open
23.18523248182396,15.759291607659483,0.7676667597694427,1.7478716695320997,0.6797124687023934,40.52481100649551,0.6797124687023934,No_Fault
22.934431004199638,0.9679244387966032,0.07057984432801372,0.7128368690438764,0.4220398747278106,16.348507990336476,0.04220398747278106,Switch_Open
22.16837275854545,8.147846095736245,1.3023941848078697,0.4184759898276528,0.3675437157468141,9.27693173300068,0.3675437157468141,Core_Saturation
22.071495738933656,10.688543744902438,0.5455501559653525,1.1788824297556912,0.48426911666199723,26.019698525056494,0.48426911666199723,Overcurrent
25.950889558944127,9.875652221539902,0.8002271115413864,0.6049364099437994,0.42283509734409946,15.698637964635687,0.3805515876096895,Cap_Degrade
23.71109253494345,7.4467934551388435,2.062218845088311,0.9745829152465628,0.3140637001084777,23.1084256863862,0.3140637001084777,Inductor_Short
23.537306588638728,9.093221277565307,0.908221822588232,1.1259216256280595,0.42925808691176687,26.501162497186154,0.3863322782205902,Cap_Degrade
24.71858913077228,11.515874171669576,0.7738425190992592,2.081943452182448,0.5176434495757875,51.46270478799957,0.46587910461820875,Cap_Degrade
22.873015551460256,1.190963493149637,0.03156616248821587,0.7141342572186276,0.5206849488079868,16.334403971192188,0.05206849488079868,Switch_Open
25.799844735800903,11.41961934295163,1.9787467501443445,1.8884004608829017,0.44262356847075546,48.72043868979373,0.44262356847075546,Core_Saturation
25.14538005766221,12.042653140023257,1.4961452421241919,1.8040839993325302,0.47892110250104025,45.364377819163686,0.47892110250104025,Overcurrent
22.35764400924904,15.341975562952362,0.8295421335238821,3.51955505467287,0.6862071672939065,78.68895898332907,0.6862071672939065,Overcurrent
23.670323103139715,0.0,0.8816210441766039,0.0,0.45093939089212465,0.0,0.0,Short_Circuit
25.516473230248657,10.290556996226906,1.1180375246769572,1.036264169312133,0.4032907253039932,26.441806935718905,0.4032907253039931,Overcurrent
25.778928089165642,10.244206195181185,1.8276622121033121,0.6264919249421773,0.397386817626704,16.150290281527347,0.397386817626704,Core_Saturation
23.86960604499948,0.0,0.8920295348035913,0.0,0.48310584508165366,0.0,0.0,Short_Circuit
24.45364555684283,14.027042857501993,1.5454224686799969,1.0873041727187256,0.6038080594867776,26.58855085213993,0.5736176565124387,Cap_ESR_Increase
22.6681357843683,8.6681879869744,1.0600039892289184,0.47982757568180556,0.3823952736753893,10.876796638639425,0.3823952736753893,No_Fault
25.964674504547908,14.39825659984381,1.0454290840465241,1.0322633114152902,0.5837184508563071,26.80238088388478,0.5545325283134918,Cap_ESR_Increase
22.926686805533773,6.364767772826915,1.1466727531599052,0.36847337718268747,0.3084599293397665,8.44787371484479,0.2776139364057899,Cap_Degrade
25.770927096540504,12.049794622546502,2.1792057723737597,1.306907988109704,0.4675731911935784,33.68023048346161,0.4675731911935783,Core_Saturation
24.598586595969472,0.0,1.2945522944217056,0.0,0.6103460260811147,0.0,0.0,Short_Circuit
24.430947179515435,10.107535387346681,0.5940144435886369,0.693038794515404,0.4354931823097725,16.931594182160886,0.41371852319428387,Cap_ESR_Increase
24.050754044066036,12.638547162171012,1.2484648661099396,1.1601320035637057,0.5254948405781598,27.90204947636023,0.5254948405781598,Core_Saturation
22.922679246871034,8.75627305659653,1.9410893699024454,0.48122972361545907,0.3819916931303643,11.031074598497566,0.3819916931303643,Inductor_Short
22.706112128022035,13.550965858161183,1.6290351444182105,0.6879693971862877,0.5967981564504689,15.621110273159575,0.5967981564504689,Inductor_Short
22.881944836280702,7.343082473718602,2.400375121660913,0.5918717926700994,0.3209116413075038,13.543177710027782,0.3209116413075038,Inductor_Short
22.74575304857702,14.580415700060636,1.326269149862581,1.3426279524735258,0.6410170579502001,30.53908384307942,0.6410170579502001,No_Fault
25.118337894267015,9.526846889704974,1.2313450951852716,1.5774141113389277,0.3792785545686672,39.62202064779611,0.3792785545686672,Overcurrent
23.40050103666692,15.204691129980198,1.4893332868282751,0.8546257874837059,0.6497592126833323,19.998671625974744,0.6497592126833323,No_Fault
22.231370706253585,9.804294511134524,0.7725476478930291,0.6677752958296419,0.4410116965202069,14.845560150066923,0.4410116965202069,No_Fault
25.876410520563244,15.243105895996914,2.062484242536632,2.6876268831881434,0.5890734297897946,69.54613655547827,0.5890734297897946,Core_Saturation
25.535143539853703,10.921128582165256,1.899933997761729,0.8316076998964979,0.42769011911447535,21.235221985704655,0.42769011911447535,Core_Saturation
25.711009132780852,15.327057636789272,0.8621787575581461,3.2379614182753302,0.662364668493859,83.25125559686906,0.596128201644473,Cap_Degrade
25.97963129058574,0.0,1.2341245436569688,0.0,0.3506548502073497,0.0,0.0,Short_Circuit
22.69558099687795,22.69558099687795,1.208151912836494,0.8493286381973425,0.37140791570903947,19.276006901175833,1.0,Switch_Short
23.584968075610636,11.726730327557057,2.578666964681105,0.9707468028919629,0.49721205006352087,22.895032355708036,0.49721205006352087,Inductor_Short
25.032953902816367,0.8330350637769167,0.05161653012935513,0.49059284202727504,0.33277537561525844,12.280987999520448,0.03327753756152585,Switch_Open
24.784082472215168,24.784082472215168,1.5845803454185063,1.646224526456265,0.3783920738807047,40.80016443147543,1.0,Switch_Short
22.61558362535942,1.5322206103495317,0.05778886508920901,2.076707860948996,0.6775065528848057,46.9659602947333,0.06775065528848057,Switch_Open
25.26333249996247,17.44675294693064,1.7124299980716133,1.5904920930895,0.6905958644591548,40.1811305862813,0.6905958644591548,Core_Saturation
22.897762287346644,22.897762287346644,1.4189724454391994,1.2209346645073007,0.45050373173216873,27.956671716269497,1.0,Switch_Short
22.895270459290494,13.791720962471073,0.5303974148115261,1.5219845908159604,0.6693144084055742,34.84624884160399,0.6023829675650169,Cap_Degrade
24.147897691573654,12.506917518674825,1.8672451738033478,0.6262031145461925,0.5179298702693726,15.121488744206234,0.5179298702693726,Inductor_Short
24.371759739366812,9.941167349721963,1.0695118693444212,1.1438977603600897,0.4078969863495068,27.8788013818959,0.4078969863495068,Overcurrent
24.320344831351246,1.412913509171748,0.06883026391852992,0.7738376112195172,0.5809594884322394,18.81999754832778,0.05809594884322395,Switch_Open
22.365947349591018,12.604569450638769,2.856433591295189,0.6614551238970603,0.5635607226299428,14.794070475198854,0.5635607226299428,Inductor_Short
25.509843450521522,15.971333267268747,1.0288052181567664,1.7545836285502254,0.6956501276434933,44.75915368516426,0.626085114879144,Cap_Degrade
23.062400170354824,9.363770693626423,1.2538034837685448,1.9804606249568883,0.4060189149637133,45.67417545438676,0.40601891496371334,Overcurrent
22.518059685131217,12.808808302697987,0.9393032723279969,3.0099641714867253,0.5688238010646941,67.77855286364462,0.5688238010646941,Overcurrent
25.554992319475907,0.0,1.246082156572893,0.0,0.32080950201177877,0.0,0.0,Short_Circuit
25.822605992919012,8.028572894859844,0.7048015249391669,0.5871436426314753,0.3454584154786878,15.161578944919833,0.31091257393081906,Cap_Degrade
25.4485104690618,6.906995876793944,0.8710647348035314,0.898374975611414,0.30156734998043727,22.86230497199021,0.27141061498239355,Cap_Degrade
25.238064298899513,17.661200462792223,2.2684559976272296,1.6575648887896308,0.6997842724238692,41.83372924287092,0.6997842724238692,Inductor_Short
24.620967922556087,15.287392361798236,1.0363159312141577,1.2132199736696672,0.6209094788589911,29.870650054725214,0.6209094788589911,Inductor_Short
24.203429482436558,14.133707506033415,1.3447074413728497,1.1513287978999078,0.6146892058934162,27.86610537106887,0.5839547455987455,Cap_ESR_Increase
22.34794703964564,11.260916646000359,2.6710710025363333,0.6143128193954686,0.5038904301152719,13.728630353625327,0.5038904301152719,Inductor_Short
23.633812852282794,9.926835567891874,1.7982833221879029,0.9270059288703644,0.4200268331621759,21.908684635878767,0.4200268331621759,Inductor_Short
23.490754068049256,0.0,0.9479424171771643,0.0,0.36050571378507035,0.0,0.0,Short_Circuit
23.039015135041303,9.535154787251432,1.3512822122165309,1.6410901059354925,0.41386989553858544,37.80909978861435,0.4138698955385854,Overcurrent
24.89368045475434,0.0,1.2756546353260334,0.0,0.4503884887716556,0.0,0.0,Short_Circuit
23.983502940315084,14.450637055981272,1.57629897806675,0.7624131188699899,0.6025240387921176,18.285337278153197,0.6025240387921176,Inductor_Short
22.32418486363059,22.32418486363059,1.647952213123078,0.6187001587106774,0.5158647155612609,13.81197671821475,1.0,Switch_Short
22.880732807799244,0.0,1.1788782323905966,0.0,0.33099345062219304,0.0,0.0,Short_Circuit
24.733035054638385,7.5982753606239815,1.0631980924481612,0.9397334510700227,0.30721160358356486,23.242460387331178,0.30721160358356486,No_Fault
22.3045234379612,22.3045234379612,1.3244591421929939,0.6256876052012986,0.34093287181362525,13.95566385505418,1.0,Switch_Short
25.404827656195074,1.1792907926687197,0.04049649546145832,1.0278553840381948,0.46419948547895173,26.11248888698254,0.046419948547895176,Switch_Open
23.980586108055896,16.145581073505504,2.099974915317981,1.1048495712882664,0.6732771668196073,26.494940280726915,0.6732771668196071,Core_Saturation
23.92234630930659,12.612170597833725,1.3069918803944898,0.6925158463655605,0.5549609924836886,16.566603901439496,0.5272129428595042,Cap_ESR_Increase
24.36963113863807,1.5126969908540557,0.07429871588427597,2.2624603682838633,0.620730359950206,55.135324640864994,0.0620730359950206,Switch_Open
25.298723863700598,12.309089992476544,1.900518794971154,1.0451023457956505,0.4865498378018194,26.4397556555899,0.4865498378018194,Core_Saturation
23.391236831608772,0.0,1.4419744321435903,0.0,0.4446664332780171,0.0,0.0,Short_Circuit
24.712064610236254,8.485138188809625,0.7161885738704754,0.46085792369340367,0.3433601490866491,11.388750786450721,0.3433601490866491,No_Fault
24.262927855983165,15.779958246385824,1.9072273122253884,0.8105295159625434,0.6503732088744819,19.665819170944147,0.6503732088744819,Core_Saturation
23.068113080677684,14.146843568156296,0.7803262802216961,1.1614313260665983,0.6132640116111611,26.792029165145724,0.6132640116111611,Core_Saturation
25.51451994542063,0.9370137005363521,0.0585380010855767,1.4283409108792122,0.36724723903909,36.44343265948793,0.036724723903909004,Switch_Open
25.189704086427714,12.718388033604155,1.9385645562404827,0.7579754266218607,0.5049042255505042,19.093176701388472,0.5049042255505042,Inductor_Short
24.6338073386337,11.582875997124114,0.9314360791120756,0.788795121379631,0.49494992316849795,19.431027049720015,0.47020242701007303,Cap_ESR_Increase
25.402326916376968,13.97221006451664,1.362404352293089,2.7077762757832042,0.5500366210746114,68.78381817385467,0.5500366210746114,Overcurrent
25.46917680383921,17.280193558167323,1.3542676926575306,0.9436998394635824,0.6784747575965044,24.03525806105266,0.6784747575965044,No_Fault
24.83345190686014,13.209126058449842,0.7834525573479654,0.672648790502283,0.5319085767049918,16.704191389146086,0.5319085767049918,Core_Saturation
25.348053313454688,13.081798425697684,2.219010244898862,0.9786046211253753,0.5160869067114474,24.805722109079138,0.5160869067114474,Inductor_Short
24.789885846677134,7.935965659171264,0.8678322243209564,1.1769262225684962,0.3201291731738656,29.175866707433947,0.3201291731738656,Overcurrent
24.720563087041203,8.038212217932397,0.9156610015004492,0.8494626300227603,0.3251629904072096,20.99919453556159,0.32516299040720953,No_Fault
24.474445512860736,9.176417188392934,2.664081478437552,0.6665231045257216,0.37493871653071553,16.312783404777555,0.37493871653071553,Inductor_Short
25.010866558230564,7.828108822599203,1.6196795430553566,0.6751492351690074,0.3129883086766993,16.88606742770347,0.3129883086766993,Inductor_Short
22.634420421172294,12.168423819182399,1.4430488106376202,1.4183008295325161,0.5973411582280049,32.102417259336384,0.5376070424052044,Cap_Degrade
25.523483036795714,15.041808408634795,1.3592676527442815,2.5037224310190207,0.5893321215975852,63.9037169969589,0.5893321215975852,Inductor_Short
25.487374110980927,9.03329869213052,1.1627224233681779,2.055213592349202,0.35442249377265717,52.38199770617715,0.35442249377265717,Overcurrent
22.116989132138237,13.330130128409134,1.2893155737151414,1.7610483637203165,0.6344315603181123,38.94908752157206,0.6027099823022067,Cap_ESR_Increase
25.30326700225905,8.241855343065517,0.7521951614279182,0.6974240542485233,0.36191441393844476,17.647107058448384,0.3257229725446003,Cap_Degrade
22.51547946989378,9.46708893931703,0.824750608967202,0.6750128319654085,0.4204702347989435,15.198237560032014,0.4204702347989435,No_Fault
23.34047541703657,23.34047541703657,2.669596985159881,0.6601258606821228,0.399590759664546,15.407651423401193,1.0,Switch_Short
24.97403302516643,0.0,1.2618052549549525,0.0,0.44892283942921907,0.0,0.0,Short_Circuit
22.643039584193232,9.09945656794042,0.8290958803147596,0.8039492845301914,0.4018655063559847,18.20385547330095,0.4018655063559848,No_Fault
25.271868096476247,12.52424175638384,2.0679130938698678,0.7151161726443717,0.4955803705753808,18.072321588725497,0.49558037057538074,Inductor_Short
25.328536711830967,11.72617920538186,0.5616802962530955,1.9312696890799144,0.46296315254187415,48.91623522030699,0.46296315254187415,Overcurrent
24.029870935043345,16.691816293264463,1.0631188235979439,0.8423148425248659,0.6946277963117305,20.240716952543888,0.6946277963117305,Core_Saturation
22.025543486867335,0.7100386348784601,0.049291027943019955,0.612405388350056,0.32237054005129023,13.488561512696036,0.03223705400512902,Switch_Open
23.14815253269965,0.0,0.5859737352792116,0.0,0.35687255055494066,0.0,0.0,Short_Circuit
24.467707673502968,7.857323713949757,1.3433323548919374,1.3651983008373763,0.321130357563441,33.403272941251885,0.321130357563441,No_Fault
25.924744712109693,1.426733269772881,0.060900310505382395,0.9640025263772318,0.5503364779929503,24.991519398158527,0.055033647799295024,Switch_Open
24.527254108066675,0.0,1.4436336706484947,0.0,0.3218037109654878,0.0,0.0,Short_Circuit
23.03921432425664,13.889123546331849,1.3128135965604302,0.7639771759500648,0.6345758949504493,17.601433895553868,0.6028471002029268,Cap_ESR_Increase
24.536022812398446,12.385182012103455,2.1606020583932786,0.620506033087052,0.5047754522727711,15.224750183054773,0.5047754522727711,Core_Saturation
24.159941518863423,0.0,1.0545125556909651,0.0,0.5108030498326135,0.0,0.0,Short_Circuit
25.119381580604575,13.178577167299125,2.2004372221239388,0.9668411199222772,0.5246378030848776,24.28645101914675,0.5246378030848776,Inductor_Short
22.427922555307834,0.0,1.4769710546262609,0.0,0.36832548252248426,0.0,0.0,Short_Circuit
25.044111610008112,9.493624689168657,1.1421291468642605,1.4109295846345646,0.379076121245795,35.335477991450425,0.379076121245795,Overcurrent
24.16506631470444,10.33121659421241,0.5307865688607466,2.8067115412424677,0.4275269291492019,67.82437052037054,0.4275269291492019,Overcurrent
25.85196801543598,13.89281054827175,1.2238027766305233,1.557294123804505,0.5373985663287405,40.25911787922046,0.5373985663287405,Overcurrent
23.367488664154745,8.974216498214572,1.4054686921374158,0.4813581172930837,0.3840471103760858,11.248130349245004,0.38404711037608585,No_Fault
24.530487572535794,8.500615866454373,1.94337037469149,0.7237692795003574,0.34653269085330446,17.7544133161667,0.34653269085330446,Core_Saturation
25.72811242204007,17.70214425312918,1.6257499089381338,1.9227984994890497,0.6880467545673729,49.46997595978423,0.6880467545673729,Core_Saturation
22.410038911962715,6.920057003684497,1.1713035130935163,0.9729427946811552,0.30879272592384915,21.803685887918437,0.30879272592384915,No_Fault
25.748913948945805,15.992108751499458,2.235287683877508,1.0482179865640862,0.6210789621344086,26.990474735775884,0.6210789621344086,Core_Saturation
24.751542889203254,15.22749718792332,0.5906620885093383,3.145047229080049,0.6152140598300088,77.84477137914469,0.6152140598300088,Overcurrent
22.27134823642069,9.329148083015532,1.1672448286332395,1.0008162609673332,0.41888564553803836,22.289527468675963,0.41888564553803836,Overcurrent
23.203854267787264,23.203854267787264,1.5667953891411877,0.5456274991122996,0.35425064640292536,12.660660973899024,1.0,Switch_Short
24.832688354581126,0.0,1.14009039658617,0.0,0.35825145868216934,0.0,0.0,Short_Circuit
22.269402405875088,12.89337485569664,1.661435363825908,0.9628365541583207,0.5789726468948769,21.441794675637787,0.5789726468948769,Core_Saturation
24.328681840705094,12.198653431262121,0.6534568321081621,2.3834895883503298,0.5571226364344695,57.98715986560833,0.5014103727910225,Cap_Degrade
23.383532227811827,14.336403148358588,0.7067466457402392,1.5107778732068842,0.6130982697005547,35.32732308719819,0.6130982697005547,Overcurrent
24.483662071069908,0.0,1.1216295780432135,0.0,0.6749924689596418,0.0,0.0,Short_Circuit
22.18296813525005,1.2794491501075174,0.03141149736518871,0.642586341333226,0.5767709453066368,14.254472333941864,0.05767709453066368,Switch_Open
25.486147224609503,8.311199624707976,0.7651808751303228,0.707076688401178,0.3623406146205774,18.02066057968176,0.3261065531585196,Cap_Degrade
25.893955876709587,9.260697342443923,1.3352455477380025,0.6574166249895055,0.39737704670616425,17.023117080093588,0.35763934203554776,Cap_Degrade
25.875511421142765,16.47953082715167,0.8270915060016386,2.820319439262897,0.6368774923492457,72.97720786191806,0.6368774923492457,No_Fault
24.998607326971698,9.592526358463004,1.4820902344044944,0.6626483900905756,0.3837224303336834,16.565286899724263,0.3837224303336834,Core_Saturation
22.52034496052253,6.668455073595541,1.4411403351458403,0.4498791510058302,0.32900892678179255,10.131433671198302,0.2961080341036133,Cap_Degrade
25.03305278371609,1.455201452094457,0.03635745444184731,0.872542493056528,0.5813120216169001,21.842402284719295,0.05813120216169001,Switch_Open
22.098347665835206,0.0,0.8896260173580104,0.0,0.4610105421960568,0.0,0.0,Short_Circuit
22.08849420611599,14.755468009856733,1.1064577755435456,1.7578088127108351,0.6680160210183614,38.82734977502291,0.6680160210183614,No_Fault
23.294440876598166,13.047263586299223,2.510677859007944,0.664626293293931,0.5601020284374646,15.482097894168067,0.5601020284374646,Inductor_Short
23.954572761618664,8.052751021502207,2.80330677342541,0.4040977216340378,0.3361675911166643,9.679988275686883,0.3361675911166643,Inductor_Short
25.081629671231173,0.0,1.4154729875735153,0.0,0.6791426269014642,0.0,0.0,Short_Circuit
24.73318150642602,0.0,1.276640074372623,0.0,0.4034229054560983,0.0,0.0,Short_Circuit
23.783610825506994,10.343135502581342,1.4566616731866209,1.1071960696365108,0.4348849961625143,26.333120427765714,0.4348849961625143,Inductor_Short
23.094506665126662,9.57991888935942,0.5248093300425658,0.6939287469258815,0.4609041654734168,16.025942071002763,0.4148137489260751,Cap_Degrade
25.988498000630845,8.32904641006414,1.3256608955334357,0.8269782000599207,0.3204897185617253,21.491921298822543,0.3204897185617253,Core_Saturation
23.70472520894389,11.819322221074863,1.2830977019756467,0.605612397194618,0.4986061688922419,14.355875458628203,0.49860616889224196,Inductor_Short
23.805548097318702,0.0,1.210387647438298,0.0,0.3493273964301169,0.0,0.0,Short_Circuit
22.654495284766675,10.429860735547049,1.161130586825717,0.8366510122929591,0.4603881306753407,18.953906412986107,0.4603881306753407,No_Fault
25.17923819499972,1.1086013574168134,0.027198582081072745,0.9706933191230241,0.4402839151968337,24.441318296493503,0.04402839151968338,Switch_Open
24.774728903125954,15.091180091882132,1.336593779130951,1.5258486675910419,0.6091360333706013,37.80248708676401,0.6091360333706013,No_Fault
22.883078451155043,14.216529066284961,0.7487432662911823,0.9682298928310102,0.6212682046530924,22.15608059640545,0.6212682046530924,No_Fault
22.32952418246337,8.069111921622431,1.3983406132365634,1.1583838244727531,0.3613651529556352,25.866159621138745,0.3613651529556352,Core_Saturation
24.721997208298852,11.041350134924798,2.335867470911485,0.701040940371938,0.44662047495169044,17.331132170778254,0.44662047495169044,Inductor_Short
24.61804485712454,11.061903403469712,0.9294187868522533,1.1225297795877298,0.44934126441273264,27.634488467348856,0.44934126441273264,Overcurrent
23.093038107992836,0.0,0.9412878027999434,0.0,0.360564177574434,0.0,0.0,Short_Circuit
25.803454249001643,15.982179669717851,0.5656279953357404,0.8928466649735536,0.6193814020204762,23.03852807101879,0.6193814020204762,No_Fault
22.604231567123602,13.175810631946531,0.9014435492600038,1.2675689834746646,0.5828913313341693,28.652422829764788,0.5828913313341693,No_Fault
23.729339204170408,8.479562587617089,1.3913326825419818,0.9040398014379201,0.3761527145188139,21.452267102391268,0.3573450787928732,Cap_ESR_Increase
25.774463680670394,0.0,1.4151763371865977,0.0,0.4466887634375196,0.0,0.0,Short_Circuit
23.67890926770449,0.8105811813769196,0.04567485685316859,1.4255989243025586,0.3423220099426057,33.756627580697405,0.034232200994260574,Switch_Open
24.55410379065634,13.536251131995954,0.9235858268790789,1.4114690914342793,0.5512826388372175,34.6573585683807,0.5512826388372175,Overcurrent
23.590377591851176,8.222397089215997,2.4052542126473044,1.1488965501291297,0.3485487698194479,27.102903431521344,0.3485487698194479,Inductor_Short
23.09686080939468,23.09686080939468,2.885544002210553,0.8647982099251779,0.6943736674499671,19.974123882855515,1.0,Switch_Short
25.935910591839313,25.935910591839313,1.5341218804787204,2.539259756610161,0.6122728298751449,65.85801401689679,1.0,Switch_Short
23.637336025260172,0.0,0.9401442065379368,0.0,0.456095419833598,0.0,0.0,Short_Circuit
25.57639681471654,13.591951330278784,2.591946487104602,1.8671704517681762,0.5314255729117418,47.75549239513642,0.5314255729117418,Inductor_Short
22.919818423564344,14.469508051518781,1.2206629263114426,2.733512491098061,0.6645367264865635,62.6516099545126,0.6313098901622353,Cap_ESR_Increase
22.852418816100332,1.1920729173352191,0.030529317198197736,0.7548424014073152,0.5216397121583304,17.24997469711089,0.05216397121583304,Switch_Open
22.124536331538046,8.181640140305396,1.1277327355622657,1.777848405242448,0.36979939455918204,39.33407163375352,0.36979939455918204,Overcurrent
24.606667301503542,10.55397862209297,0.7554209130570596,0.70682309340948,0.4514813422324637,17.392560700546635,0.42890727512084054,Cap_ESR_Increase
23.474105374895046,14.959060175672475,1.010215934078404,2.2450468654216325,0.6372579460118981,52.70046669048522,0.6372579460118981,Overcurrent
25.45743299935855,25.45743299935855,2.0582065353208767,2.1406810124665316,0.5576852063958472,54.49624344786575,1.0,Switch_Short
23.89283962676623,12.048221907427806,1.376203362224985,0.7052443218450632,0.5602897537335201,16.850289479531604,0.504260778360168,Cap_Degrade
25.872773711658887,25.872773711658887,1.9249885480248763,1.4198617403777378,0.6467285942753956,36.73576151063537,1.0,Switch_Short
22.742102062812485,13.459465102077422,0.7794424222358942,0.9337099817833536,0.6575892229850018,21.234527702783815,0.5918303006865017,Cap_Degrade
25.474492671822443,17.01484745330352,1.4619326964320631,1.3595228071463883,0.6679170287117745,34.633153787826146,0.6679170287117745,Inductor_Short
25.106387411166967,0.0,1.3742518766843361,0.0,0.33793967730126245,0.0,0.0,Short_Circuit
25.083687378576208,25.083687378576208,1.3420217088364568,1.3608383853187833,0.5176504007852404,34.13484463010279,1.0,Switch_Short
25.37913291246755,14.374578913593268,1.0184554169714581,1.8901150572734338,0.5962038084873273,47.969481258398694,0.566393618062961,Cap_ESR_Increase
25.044095963771994,15.095848207898044,1.374346229853894,1.148973418089599,0.6027707380508055,28.775000542459036,0.6027707380508055,Inductor_Short
24.504881286525663,13.298467787512367,1.2733040401143754,1.1460951146317102,0.5426864807880015,28.08492472711708,0.5426864807880015,No_Fault
22.52497951072955,8.260246376283442,1.948745279949238,0.7611938908451032,0.36671493407346967,17.145876794978456,0.36671493407346967,Inductor_Short
22.130104717965008,13.697831560584179,0.851143690556812,0.9078320816997318,0.6189682215766656,20.09041903434323,0.6189682215766656,No_Fault
25.68339139126275,13.592680116262402,0.8610996406264668,0.9834204835503337,0.5880445334059783,25.25757318120809,0.5292400800653805,Cap_Degrade
24.466601258082953,8.182960208043925,2.704428413445959,1.4384332368497519,0.3344543086196145,35.19357244237647,0.3344543086196145,Inductor_Short
25.186149163904705,12.228478120344743,1.0537739542944382,1.2130021870067447,0.48552392986975046,30.5508540180945,0.4855239298697505,No_Fault
23.9260894060502,7.9585797132462375,1.2178678511312637,0.791203996429258,0.3695909598087214,18.930417556990648,0.3326318638278493,Cap_Degrade
22.46923275584958,9.773909942707373,2.7940770325013693,1.5145406409295805,0.4349908182851887,34.030566179240346,0.4349908182851887,Inductor_Short
22.500743168810203,6.912958155415741,2.803483352081284,0.8096208502618334,0.30723243688227414,18.217070815855255,0.30723243688227414,Inductor_Short
24.742261148915887,10.24623432418213,0.8285090543378631,1.9715048065921903,0.4601319473643033,48.77948678104688,0.41411875262787295,Cap_Degrade
23.72122357959785,11.100481586174071,1.4524512631463853,0.6184364388156477,0.5199507684624841,14.670069034916265,0.46795569161623574,Cap_Degrade
22.802098906801348,12.49174309707067,1.0497517640292109,0.778381380973405,0.5478330371308348,17.748729236168202,0.5478330371308348,Inductor_Short
23.96637818696575,13.550497669991762,1.3152533415242484,2.1468677672802317,0.565396138051484,51.452644828044804,0.565396138051484,Core_Saturation
22.256835748300535,14.122330081870968,1.3957988575088416,5.325422523108956,0.6345165252409839,118.52705438713625,0.6345165252409839,Overcurrent
24.327885607657596,9.395068466656197,1.1619553197254744,0.5950269074524904,0.386185162910292,14.47574653798245,0.386185162910292,Core_Saturation
23.07597361774039,0.8034886227725064,0.038654072516065924,0.6933869270731259,0.34819272897538717,16.000578436025535,0.034819272897538715,Switch_Open
25.190236402548752,25.190236402548752,1.6052445701637774,0.9604384834035623,0.6406148687591702,24.19367244704113,1.0,Switch_Short
23.241447835694295,8.428397777799796,1.1123133848469222,0.8941581724072354,0.36264512595705994,20.781530520862507,0.36264512595705994,Overcurrent
23.820880596327203,15.612415502832018,1.0321660531757892,1.1747463974405596,0.6899040325344781,27.983493664397113,0.6554088309077541,Cap_ESR_Increase
22.046482159632404,22.046482159632404,2.453469672706685,1.7989776437059315,0.6370152917594547,39.661128527540356,1.0,Switch_Short
22.289787551178236,11.152709519207226,2.0923659638469987,0.6665134252694574,0.5003506423558396,14.856442649264318,0.5003506423558396,Core_Saturation
23.56997422562674,14.69144100927962,1.1741993749428605,0.8441678980959608,0.69256856996881,19.8970156002233,0.623311712971929,Cap_Degrade
23.919755338868494,8.107617616045642,1.408933440395151,0.5916470811194735,0.3389506916432017,14.152053427333488,0.3389506916432017,Inductor_Short
24.400082192477214,10.277956450702423,2.149022853540753,0.6748511025136963,0.4212263044700406,16.466422369018055,0.4212263044700406,Core_Saturation
23.166650314837213,12.220993641070809,0.8409421606822264,1.278478420914231,0.5552897660162446,29.618062512385254,0.5275252777154323,Cap_ESR_Increase
24.77992754450617,1.0903236199689799,0.03249471476640791,1.0168163948631364,0.4400027473892715,25.196636590774492,0.04400027473892715,Switch_Open
25.44048958875682,16.225475385194567,0.648964006747057,1.0661449675205847,0.6713490207923167,27.123249946312914,0.6377815697527008,Cap_ESR_Increase
25.1194039555734,7.785455650544236,1.1697221147327823,0.43322959716871917,0.326250435271127,10.882469256791396,0.3099379135075706,Cap_ESR_Increase
22.15847530139343,11.51719399482451,0.9206436937209777,0.797875509391326,0.5197647328243858,17.679704768434398,0.5197647328243858,Core_Saturation
23.922027789031315,11.547446439600224,0.6387758841126308,0.7615568806582996,0.5363465069580458,18.21798486203585,0.4827118562622412,Cap_Degrade
22.4197207136727,12.579509108919789,0.8000304805954966,3.321530703265767,0.5610912495108896,74.46779070910736,0.5610912495108896,Overcurrent
22.96818006345011,22.96818006345011,1.5633060193689277,1.1295870815681575,0.40226648933272574,25.944559486804547,1.0,Switch_Short
25.946650373068586,10.410935548470484,1.1042395103321423,0.8911588977476156,0.44582657100794576,23.12258834670656,0.4012439139071512,Cap_Degrade
22.569982171606053,0.0,1.3167452794726815,0.0,0.637472211865991,0.0,0.0,Short_Circuit
23.995552613805422,9.06976957194338,1.8920244843043388,0.6244279343421593,0.3779771075880639,14.98349335203712,0.3779771075880639,Core_Saturation
24.472622937272476,14.664235053397267,0.8387329001881245,1.646546118544361,0.6307471388693447,40.2953023079657,0.5992097819258775,Cap_ESR_Increase
24.809859882176415,24.809859882176415,1.4906209959719599,0.7720457015732671,0.5250621691610969,19.154345678669344,1.0,Switch_Short
24.238594733947657,13.928254093316708,1.6123706831176643,0.8563027305269051,0.6048750044776328,20.75557485481444,0.5746312542537511,Cap_ESR_Increase
22.039083389676733,1.2902625917930313,0.025411812079598008,1.0791025312220937,0.5854429465053885,23.782430671614964,0.058544294650538856,Switch_Open
23.30584523297597,0.892624588809415,0.06898602665301079,1.1574249545156743,0.3830045981539516,26.974766858726554,0.03830045981539516,Switch_Open
24.070846573538844,24.070846573538844,1.39945703824481,0.8637124208637987,0.5275250945735491,20.79028916627231,1.0,Switch_Short
22.351465996579332,13.740223935884808,1.5920127553987447,0.7271031169634025,0.6470892611220369,16.251820594814337,0.614734798065935,Cap_ESR_Increase
23.402507724836724,11.065793745364827,0.8423072848275197,0.7717343685698806,0.4728464947207717,18.060519521978623,0.4728464947207717,No_Fault
22.132812435165466,0.0,0.9403517738932523,0.0,0.6866363080893266,0.0,0.0,Short_Circuit
22.314313988620082,10.730642090212022,1.2071206139443809,2.0402750178896993,0.4808860400406872,45.527337372328205,0.48088604004068713,No_Fault
23.587693104806384,8.423501442440497,1.0876690514732603,1.7181300203409553,0.35711425466715385,40.526723633957204,0.3571142546671539,Overcurrent
22.53086301617224,10.268978677082439,0.8179393297068228,2.587701385827321,0.4557738720310693,58.303145450834435,0.4557738720310693,Overcurrent
24.270163393046232,16.52023817977532,2.107661831735647,0.9607153386132584,0.6806809625562148,23.31671824234952,0.6806809625562149,Inductor_Short
24.757859876549063,10.593599557991663,1.230706884362886,1.1989077185482848,0.42788833973594165,29.682389300731558,0.4278883397359416,Overcurrent
25.20234679643633,14.680753551232266,0.5423349459024921,1.8370797527133642,0.6472392639468251,46.2987210205937,0.5825153375521425,Cap_Degrade
22.80060097697924,14.877398354581658,1.0223986105114082,1.5050978803314539,0.6525002726727559,34.31713620073473,0.6525002726727559,Inductor_Short
22.66993032903628,0.9976460742220055,0.047903346953644566,1.1676973055254902,0.4400746097327844,26.471616561666256,0.04400746097327844,Switch_Open
22.418271361337602,6.724870665153022,0.6318366178035142,0.40116952318146215,0.3333030632202528,8.993527232580435,0.29997275689822755,Cap_Degrade
24.545720998174545,13.753753072868303,1.280778720611186,1.154540268875067,0.5898231636635273,28.339023320964817,0.5603320054803509,Cap_ESR_Increase
24.825902905947604,24.825902905947604,1.4281049124548684,0.7102251027835308,0.4246049196055944,17.631979443070595,1.0,Switch_Short
22.126344579302568,22.126344579302568,1.865702213591342,1.2078809702332625,0.6131694457030289,26.725990558163474,1.0,Switch_Short
25.74484898497476,0.0,0.697670936874269,0.0,0.47706193930417323,0.0,0.0,Short_Circuit
22.20788513460589,1.09730647698175,0.05242417928745622,1.0171706550637476,0.4941066969370486,22.589209069947533,0.04941066969370487,Switch_Open
24.165185341204282,0.0,0.6160534593845689,0.0,0.6111637626994146,0.0,0.0,Short_Circuit
24.836242077803664,11.249459924109889,0.5231068527874803,0.7749055653687924,0.4529453324246511,19.24574220893664,0.4529453324246511,No_Fault
25.483876494984344,12.162203964399076,0.8266974571600458,0.8771285400628833,0.4772509381291658,22.352635385188446,0.4772509381291658,Core_Saturation
24.856347728529713,1.1197192760117445,0.0727129220757655,1.1908208916787433,0.45047618750784885,29.599458165964656,0.04504761875078489,Switch_Open
25.206912332279167,11.26588176555921,0.6422862186109358,3.1120245669384983,0.44693620611091195,78.44453043471776,0.4469362061109119,Overcurrent
23.357800770171224,11.921322374658498,2.4169565062736704,1.1322744998812804,0.5103786307605838,26.447442185372207,0.5103786307605838,Inductor_Short
25.25930045498605,15.749673407087965,0.5679262042228262,1.4027184789256337,0.6235197778004602,35.4316875129436,0.6235197778004602,No_Fault
22.3204593855387,9.92607178095862,0.6081603522351822,1.3757296598526616,0.4447073247690263,30.706917998222305,0.4447073247690263,Overcurrent
25.57926662424211,13.037800497533553,2.017752502818669,0.6965406689937543,0.5097018882150947,17.81699948681921,0.5097018882150947,Inductor_Short
24.190369504614946,24.190369504614946,1.9297418603086873,2.4801972151996186,0.5682909301770402,59.996887079995766,1.0,Switch_Short
25.269191079849975,9.273747658674067,1.4515803094398696,1.1905563302720839,0.40777577852146196,30.084395400970262,0.3669982006693158,Cap_Degrade
23.809273138073202,23.809273138073202,2.8896709060414745,1.237813224152947,0.411009121960957,29.47143314777654,1.0,Switch_Short
24.5743107807861,16.54748694237173,1.279608642542465,1.3201641600385217,0.6733652508093819,32.44212435044207,0.6733652508093819,No_Fault
24.105610643744452,24.105610643744452,2.2042036602546995,1.2413756716849382,0.5894138293324354,29.924118604253866,1.0,Switch_Short
24.926358087021327,24.926358087021327,1.909920634786022,0.8303924378983241,0.5308746704893236,20.698659259808245,1.0,Switch_Short
22.32651992812236,22.32651992812236,1.7123570686568421,1.4453618421498218,0.5590880217682448,32.26989997210564,1.0,Switch_Short
22.241408335962255,0.6933086852020445,0.07235437734877777,0.49815692931321537,0.31171977724136735,11.079711680244309,0.031171977724136733,Switch_Open
22.988412936040586,12.580206364541601,1.1029088114246854,0.6890296609387435,0.5472411862246788,15.83969837083987,0.5472411862246788,No_Fault
22.638178720452753,0.0,1.0790725276859945,0.0,0.5038035492896807,0.0,0.0,Short_Circuit
25.487134266368805,25.487134266368805,1.4638022435378297,0.6815672180052682,0.5182998719117743,17.37119519685573,1.0,Switch_Short
22.876855949432176,22.876855949432176,1.0933956357702261,0.6116092668772387,0.44376953073232683,13.99169709568841,1.0,Switch_Short
25.903461023276524,8.6152206805116,2.8903771595190886,0.4634375874623173,0.33258955908517673,12.004637483551441,0.33258955908517673,Inductor_Short
23.347583167084426,7.928888836151186,0.8137352588446539,1.0342703299015574,0.3773356934448209,24.147712544624458,0.3396021241003388,Cap_Degrade
22.728471662754796,22.728471662754796,1.8851780466489174,1.9415728499384695,0.6802978852850686,44.128983501000576,1.0,Switch_Short
25.158794028569915,0.0,0.6146399435857068,0.0,0.4634798249083736,0.0,0.0,Short_Circuit
24.634831102003503,0.0,1.336924329909292,0.0,0.48667326233234565,0.0,0.0,Short_Circuit
23.992782865812558,6.933327009197613,0.5276318328559306,0.4041387848940318,0.3210839159413756,9.696414113615834,0.28897552434723806,Cap_Degrade
24.221454203750525,6.8673597700752,1.3339907620990965,0.9777511840434115,0.31502649181759224,23.682555526970344,0.283523842635833,Cap_Degrade
24.876807113089054,14.599515943234028,0.6402850127879668,1.003116794901283,0.586872578818703,24.95434301865933,0.586872578818703,No_Fault
22.913818965325195,10.625460459794104,1.386564112631152,0.7289092239953949,0.5152378656484445,16.70209400078615,0.46371407908360013,Cap_Degrade
25.985335664226966,13.083159000972342,1.2297726373361573,0.6917104421044733,0.5034823936865066,17.974328020535573,0.5034823936865066,No_Fault
25.899172648587133,9.774019396486212,0.7311372887580356,0.6997557705367876,0.39724981216906746,18.123095512977383,0.37738732156061405,Cap_ESR_Increase
24.60130274538775,24.60130274538775,2.131635985718936,0.7522154402277923,0.5979002926519689,18.505479774799042,1.0,Switch_Short
22.79816980371658,0.0,0.8126563143552195,0.0,0.3672946316433967,0.0,0.0,Short_Circuit
24.720912969725166,8.829697098200704,0.7460564088027418,0.9068673320904269,0.375973897464408,22.418588391694293,0.3571752025911876,Cap_ESR_Increase
22.288793635916704,22.288793635916704,2.718364398822217,0.8211465505928351,0.4842848685393102,18.302366011008537,1.0,Switch_Short
22.122610008823223,0.0,0.9035227665072294,0.0,0.4145119448447763,0.0,0.0,Short_Circuit
23.030731554044856,0.0,0.8985437143653825,0.0,0.39898519249325853,0.0,0.0,Short_Circuit
23.850491826957267,13.310841615232937,1.33977334961324,0.8331471004254775,0.5580950578213326,19.870968109350997,0.5580950578213326,Inductor_Short
25.47309002163352,14.2748317534868,0.8830656760857787,0.8770610769085275,0.5603886980874178,22.34145576656176,0.5603886980874178,No_Fault
24.908676279065233,15.687654395003518,2.057425269493275,0.9680976965237346,0.6298068279199717,24.11403212921844,0.6298068279199717,Core_Saturation
24.970826084799924,11.66345901744525,1.7262574209792718,1.1462509759812272,0.46708342678919035,28.6228337707594,0.46708342678919035,Inductor_Short
23.701973337792303,7.413321535249741,1.596763918749767,0.6080168576071058,0.32923403641046006,14.41119934793188,0.31277233458993703,Cap_ESR_Increase
23.38373997018785,9.574859424490237,1.4463088992083875,1.8413894518492955,0.40946655396858306,43.05857212589067,0.40946655396858306,Overcurrent
23.484155051938412,16.251086615365832,0.644898659307346,3.101029284723449,0.6920021852787267,72.82505254304714,0.6920021852787267,No_Fault
25.950598254944232,12.577037555929486,0.6773112535226449,1.0400210385513582,0.5385034300930808,26.989168148136162,0.4846530870837727,Cap_Degrade
22.16043676564993,12.93936454488287,1.3626740703318891,3.7743847177682253,0.5838948339204081,83.6420138673382,0.5838948339204081,Overcurrent
25.468125984489795,7.329624155691129,0.9820370108171912,1.2442939610217034,0.3029431318501658,31.689835361040576,0.2877959752576575,Cap_ESR_Increase
24.314701634289573,24.314701634289573,1.0087479645660187,0.7552076011311482,0.5072822928730083,18.362647493451437,1.0,Switch_Short
23.75446167675836,0.7482927725875271,0.038693590985268554,1.455088449172802,0.31501146301272126,34.56484280216908,0.031501146301272126,Switch_Open
24.901030641660547,13.140076773877395,1.6464434897933398,0.6778432252892862,0.5276920848365791,16.87899492317053,0.5276920848365791,Core_Saturation
23.94667576569881,16.003763126006483,2.5985319319199363,1.257284647963122,0.6683083398544301,30.10778780996365,0.66830833985443,Inductor_Short
25.493692952326644,25.493692952326644,1.266777234186519,0.8874814454975922,0.687367652200163,22.62517947240263,1.0,Switch_Short
25.602807456045035,12.555873230749235,0.6715955008584089,2.2515827343483164,0.5162210701555696,57.64683921887534,0.49041001664779105,Cap_ESR_Increase
23.68688370749382,11.447442686737784,1.4220926535723315,0.8323631162294924,0.4832819221008864,19.71608833653515,0.4832819221008864,No_Fault
23.107311188940205,14.88356923760179,1.376263204604841,1.5299862802740352,0.6780068376993975,35.35386909310122,0.6441064958144276,Cap_ESR_Increase
24.369401314373448,13.87700772440609,1.0897796007780784,1.572266157096516,0.569443932798678,38.31518495529273,0.569443932798678,Overcurrent
25.649453382466763,0.8360688432770473,0.06345933949979642,0.8024970971758205,0.32595971181536376,20.583611883576108,0.03259597118153638,Switch_Open
22.842648756022665,11.10815694174856,0.9288543613066385,2.4941654315783253,0.486290231066999,56.973344892957364,0.486290231066999,Overcurrent
24.49186633425393,9.701179452155419,1.2584557473091267,0.5430788898003543,0.39609800738572154,13.3010155779453,0.39609800738572154,No_Fault
24.526240880370082,0.0,0.8718029912745358,0.0,0.4879217285794726,0.0,0.0,Short_Circuit
24.932452089661123,12.022085047913821,0.7440945724926024,4.57766226005419,0.4821862288025447,114.13234498145094,0.4821862288025447,Overcurrent
22.52627074050904,0.0,1.2290134212929686,0.0,0.5328579211258968,0.0,0.0,Short_Circuit
24.863299858728354,9.90646796748429,0.9196722921572683,0.7428337100022175,0.44270819613970047,18.469297276956794,0.3984373765257304,Cap_Degrade
25.636130082662564,25.636130082662564,2.96275420865239,1.063519502974423,0.3657081797823712,27.264524323700947,1.0,Switch_Short
22.718732435480966,11.39316655344468,0.849485182308101,0.9924522005504375,0.5014877738359825,22.547255999309684,0.5014877738359825,No_Fault
22.95017329969551,13.781053416877295,1.5639001625841726,2.4794135555650296,0.6320811537383048,56.902970781831655,0.6004770960513894,Cap_ESR_Increase
25.88558037616656,13.17690978570946,1.4329625485670796,1.0593007569606292,0.5656048912270409,27.420614886838443,0.5090444021043369,Cap_Degrade
22.723907810837957,9.89278841982522,0.7418529470647461,1.210539876575706,0.4353471463700863,27.508196556649505,0.4353471463700863,Overcurrent
25.417540373478317,25.417540373478317,2.5964423631760267,1.530108619843604,0.6742092091035429,38.89159762068199,1.0,Switch_Short
23.96911142579214,0.0,0.9330745051445651,0.0,0.6648830284996728,0.0,0.0,Short_Circuit
22.98892429761271,0.0,1.4175247272303482,0.0,0.3837393597536395,0.0,0.0,Short_Circuit
25.482999605090047,8.046691203949338,1.9002485452704776,1.0021893123611985,0.31576703404814516,25.538789851125888,0.31576703404814516,Inductor_Short
23.781221020010662,14.186056800942437,1.244303717337366,1.937951604546926,0.5965234833403048,46.08685543381475,0.5965234833403048,No_Fault
24.05926941571876,0.0,0.9669674091637979,0.0,0.6310441045396613,0.0,0.0,Short_Circuit
23.436933477599062,1.61045910222906,0.03639003778564281,1.2446710518694326,0.6871458263805421,29.171272644157145,0.0687145826380542,Switch_Open
24.37180340573971,15.986308085718965,0.6993501289446863,0.8311439812092651,0.6559345576353243,20.25647771189603,0.6559345576353243,No_Fault
22.65409549034009,12.238057440788976,1.8508623885126911,2.006741411400878,0.5402139072825659,45.460911558295344,0.5402139072825659,Inductor_Short
23.564326146607044,12.065428322371126,1.255494657014215,0.8619382362256588,0.5120209356849523,20.31099371665265,0.5120209356849523,No_Fault
25.87764928934115,8.051479170970255,1.1050714851807668,0.6242677232868342,0.3111364205050345,16.154581205872162,0.3111364205050345,No_Fault
23.03253373080451,8.723098827390924,1.3074922188905977,0.7205408118800234,0.3986625787379111,16.595880554047906,0.3787294498010156,Cap_ESR_Increase
24.626946658165167,0.0,0.7823263507319425,0.0,0.48384590069317057,0.0,0.0,Short_Circuit
23.30076025689878,12.848075555618864,0.9814353459576055,3.17900607888841,0.5514015600334271,74.07325849940268,0.5514015600334271,Overcurrent
25.093892502746403,13.121614791724141,0.544395264969327,4.676604483869019,0.5229007333273642,117.35421019607098,0.5229007333273642,Overcurrent
22.5234946428734,22.5234946428734,2.6350648319162415,0.891519938322473,0.5970543958726762,20.080144554821043,1.0,Switch_Short
25.87928418031418,25.87928418031418,2.9797843244797493,1.0474082043388255,0.4119067723548163,27.10617457287705,1.0,Switch_Short
23.815158165534555,23.815158165534555,1.8137581252493418,2.379688768371442,0.5259810430609893,56.67266440351201,1.0,Switch_Short
22.944201853385856,22.944201853385856,1.0219273062630867,0.8770429684791712,0.33525689735631686,20.12305090287883,1.0,Switch_Short
22.29398698932005,9.339387855366356,0.6697926395509474,1.0764733949989813,0.46546620943328276,23.998883862456474,0.41891958848995453,Cap_Degrade
22.679031620350163,13.608877986475294,1.152526877750419,1.9096727944455871,0.6000643331818404,43.30952968975393,0.6000643331818404,Overcurrent
24.07909579422407,24.07909579422407,2.2241586364077186,1.831954847486833,0.5773603413716175,44.1118162633286,1.0,Switch_Short
23.348012705725147,16.256219497449692,2.575729439171088,1.4519906928639608,0.6962570948688716,33.90109714558241,0.6962570948688716,Inductor_Short
25.31553346353044,10.408644878723608,0.7538840109610682,1.7011576180741388,0.4111564503951024,43.0657126070956,0.4111564503951024,Overcurrent
23.723550094647223,11.8445925466226,1.263631915547134,0.9963016277312413,0.4992757196695916,23.63581157486067,0.4992757196695916,No_Fault
22.99485709035052,0.0,1.1879840215236697,0.0,0.43181216550959867,0.0,0.0,Short_Circuit
24.46857994641612,11.652946992323562,0.8228144977138433,2.0506496505016663,0.4762412456236699,50.1764849153903,0.4762412456236698,No_Fault
24.82710886754178,15.95837032759108,1.045488148056962,1.656762588508396,0.6427800519477552,41.132625152568274,0.6427800519477552,Overcurrent
22.6681676316038,12.354138859353226,0.7120011893481595,0.9472140401202949,0.5736836300753946,21.47160664445553,0.5449994485716249,Cap_ESR_Increase
22.67047686515327,1.4803288104867436,0.047628225171779136,0.8740766277793279,0.6529764765390327,19.815733968442437,0.06529764765390327,Switch_Open
22.14668570773417,8.446844334023824,1.381197339555641,1.4746728315480704,0.3814044433327546,32.65911572202953,0.3814044433327546,Overcurrent
24.94560806026256,16.198292074376884,1.381787069738086,1.3718567425687982,0.6493444471365751,34.22180061494976,0.649344447136575,Core_Saturation
24.65521811048722,24.65521811048722,2.679133412950844,0.4390319517460811,0.32390490967135377,10.82442852777253,1.0,Switch_Short
23.898523502999254,1.5664041366209982,0.054512668262984725,0.8495052089115218,0.655439712174861,20.301920201092294,0.0655439712174861,Switch_Open
25.376681795876788,9.857992296833645,0.6918767131023568,1.2765617012230375,0.43162951178429115,32.39490008474016,0.388466560605862,Cap_Degrade
25.222680611800214,9.66663138991509,1.0811062446978963,1.3444988681404384,0.42583505336562655,33.91186553403317,0.3832515480290639,Cap_Degrade
24.34141745758701,12.2884099655496,1.5089749937355952,0.9875342710374729,0.5048354306794656,24.037983944997006,0.5048354306794656,Core_Saturation
25.473085122053035,17.22683802675748,1.797282670392768,0.9309713222749667,0.6762760750892927,23.714711738500498,0.6762760750892925,Inductor_Short
22.82336484014707,7.283222059517655,0.6196304395160703,0.7405165586277375,0.31911254587256216,16.90107958773101,0.31911254587256216,No_Fault
22.447678477590912,0.0,0.9167086638472298,0.0,0.4408923900282981,0.0,0.0,Short_Circuit
23.07899844606796,14.831228972127606,0.5727623762396271,0.9493642041268011,0.6426287954733343,21.91037499179499,0.6426287954733343,No_Fault
22.22834742435726,10.189958836670305,0.5987690513987513,1.2218088182714304,0.45842179097418667,27.15879089868074,0.4584217909741867,Overcurrent
24.124678112004126,9.159241852927082,0.915916532932716,0.6805358833105013,0.3796627590388268,16.417709128534245,0.3796627590388268,No_Fault
25.746422769179844,11.493764110545799,0.8859196301653102,1.0962116489352847,0.46991767253256467,28.223528557987596,0.4464217889059364,Cap_ESR_Increase
22.15737416267404,10.064344662764555,1.4255443258622233,0.5159815900474648,0.4542210005966677,11.432797151733164,0.4542210005966677,No_Fault
22.488439656040107,22.488439656040107,1.751411610760541,1.057239634100735,0.6661664805866814,23.775669713448302,1.0,Switch_Short
23.80879611313374,14.398934915402215,1.2578581220721001,0.9039743004736264,0.6047737502972388,21.522539811489267,0.6047737502972388,No_Fault
25.73550007011162,12.920410589139223,1.545371289549364,1.2698513356638075,0.5020462222976025,32.68025913800725,0.5020462222976025,Core_Saturation
23.264624419907,14.559313801463365,1.2040856686423353,1.0749391857094224,0.6953482266886284,25.008056429770374,0.6258134040197656,Cap_Degrade
24.02893923475357,24.02893923475357,1.5202319660307984,1.3173314736131558,0.4861110125103693,31.654077931478895,1.0,Switch_Short
22.16629143620157,6.807941416935727,1.5860954701221621,0.825942754827821,0.3232951323281101,18.30808781313266,0.3071303757117046,Cap_ESR_Increase
22.593372803848354,9.148276453011487,2.060176993828848,0.5819205914354125,0.40490972872599396,13.147548864536198,0.404909728725994,Inductor_Short
25.946520491835386,12.309760807908573,1.3313240712852497,0.9601307710824021,0.474428192087725,24.912052726731257,0.474428192087725,No_Fault
25.86047478574418,9.381172977942388,0.8650456934761135,1.2303864145816448,0.362761049658448,31.81837685101081,0.362761049658448,Overcurrent
22.019759923737638,14.204391083894617,0.660232483955577,1.6536927150293315,0.6790260505296172,36.41391657257976,0.6450747480031364,Cap_ESR_Increase
25.807247141692955,14.09244997773162,1.173711647720849,1.1199803748187225,0.6067395591271092,28.90361032679268,0.5460656032143983,Cap_Degrade
24.556479751262003,24.556479751262003,1.015519296674849,0.8578965208098083,0.40731488017110906,21.06691854194418,1.0,Switch_Short
25.47167317808009,0.0,0.9752929765655083,0.0,0.5363218134071663,0.0,0.0,Short_Circuit
23.818959422535436,14.019355106206746,1.039202853999689,1.4972830997735629,0.5885796628438288,35.66372539755457,0.5885796628438288,Core_Saturation
24.062384114317002,15.464557228086283,1.2401130548788986,1.0347524169687736,0.6765115715627191,24.89861012032054,0.6426859929845832,Cap_ESR_Increase
23.95538632102768,15.634582049816741,2.9588397462757046,0.9148947564524129,0.6526541396701642,21.916657333900083,0.6526541396701642,Inductor_Short
24.667457030184416,12.4836299492751,1.928805812641292,1.402852536200345,0.5060768904552855,34.60480465640724,0.5060768904552855,Inductor_Short
22.55860501902525,1.3757614496453106,0.06587491282628333,1.4467523736621957,0.609861047917207,32.636715357782705,0.0609861047917207,Switch_Open
22.11989435949071,11.609801335610449,2.015568373902242,0.7782769270644806,0.524857901531034,17.21540340909537,0.524857901531034,Inductor_Short
23.231719766364762,12.105620684836497,1.4937600466560361,0.7843588904262553,0.521081556018216,18.22200593863957,0.521081556018216,Core_Saturation
24.818723050946588,24.818723050946588,2.8608469863575556,0.5516639836397461,0.34589678333527674,13.691595627136788,1.0,Switch_Short
22.807413808491795,7.593324965439354,1.5289624556213497,0.524456901711911,0.3504550632064608,11.961505582063062,0.33293231004613777,Cap_ESR_Increase
24.69372973329967,12.638582909614586,2.571600930375949,1.1603423241842563,0.5118134460089829,28.653179751514813,0.5118134460089829,Inductor_Short
25.879648184429083,10.019755766426213,0.8758813286484626,0.9656046428565564,0.40754461799160263,24.989508442378973,0.38716738709202253,Cap_ESR_Increase
22.375602863157674,6.9009662089178745,2.090016831447881,0.7822216532503071,0.30841476098418746,17.5026810640915,0.30841476098418746,Inductor_Short
24.690408472900504,14.546000623679133,1.44779446661137,1.9783733078138634,0.5891356815600849,48.84684508180761,0.5891356815600849,Inductor_Short
23.775000877218286,0.0,0.9439166980465398,0.0,0.312994638676066,0.0,0.0,Short_Circuit
25.472569017510022,13.707062873072356,0.9842130657597906,2.1424544007841337,0.5381107364416218,54.57381759084193,0.5381107364416218,No_Fault
22.708599157789543,0.0,1.331640040169331,0.0,0.5156775176509257,0.0,0.0,Short_Circuit
24.770503808904657,16.178844219108335,1.5356312018574927,0.97873988753481,0.6875258762311217,24.243880112107927,0.6531495824195656,Cap_ESR_Increase
25.35246115859244,1.2516136270694211,0.04573100311982389,0.7006900457231925,0.49368525573905664,17.764217168409598,0.049368525573905676,Switch_Open
25.778456877896094,7.96988802651456,0.569474889580561,0.45103985404451186,0.3254405745511189,11.627111427698997,0.30916854582356296,Cap_ESR_Increase
24.732992113158584,1.2877855296620258,0.06808869198946774,1.1571362224424084,0.5206751871225846,28.619441063518206,0.05206751871225847,Switch_Open
23.98869905603371,15.26733088244693,0.6742786785013607,0.8625361726340292,0.6364384682464406,20.691120670260865,0.6364384682464406,No_Fault
24.471388960804855,16.24417475079078,1.2340701602794328,2.3198098020841647,0.6987397137125759,56.768967981889325,0.6638027280269471,Cap_ESR_Increase
25.47561993791487,0.0,0.5249709004341312,0.0,0.47213726947562895,0.0,0.0,Short_Circuit
24.28243898655532,10.395785564825614,1.3492597128908463,0.6197791496076805,0.428119496998697,15.049749385487644,0.428119496998697,Core_Saturation
22.121548238787348,13.9261396129185,1.6345563323268848,2.3945140028849874,0.6626613187807995,52.97035702327204,0.6295282528417595,Cap_ESR_Increase
25.723794782027912,9.68492774742127,0.6006936011038031,0.48845023406906907,0.37649685163044855,12.564793582426232,0.37649685163044855,No_Fault
24.758107004126245,0.0,0.9236931519996423,0.0,0.5461715660131706,0.0,0.0,Short_Circuit
24.706053543108986,10.850194128855987,0.8878649452089474,0.7006155794854279,0.46228576967237905,17.30944601990331,0.4391714811887601,Cap_ESR_Increase
22.862700609590867,7.234511707002383,1.4050881233882642,1.6655838689641593,0.3164329459822221,38.0797453362916,0.3164329459822221,Overcurrent
24.635541880930628,10.812918465688194,2.7386802158147106,0.7157090368967373,0.43891538972227906,17.631879953030094,0.43891538972227906,Inductor_Short
23.575457622616632,23.575457622616632,1.4753975206124577,1.6949865267591013,0.4060914090010698,39.96008303251534,1.0,Switch_Short
24.60493190816597,0.0,0.5811877870504312,0.0,0.5744364615773947,0.0,0.0,Short_Circuit
22.426372121231964,1.5239083142900722,0.056356919703055876,2.0199301629484188,0.6795161990767672,45.29970549318195,0.06795161990767673,Switch_Open
24.631381218412145,9.027327013435976,0.8363687118837098,0.6487789553456378,0.4072188749514551,15.980321775601594,0.3664969874563096,Cap_Degrade
25.997654903082665,14.614002946433985,1.172084390606063,1.9406451932390814,0.6245863756606727,50.45222402315581,0.5621277380946054,Cap_Degrade
22.192848155442224,7.149291251123548,1.064239512135629,1.186250442631245,0.3221439267753638,26.32627594764135,0.3221439267753638,Inductor_Short
25.90869673688527,12.01447317943147,0.6333992351774894,1.092208485084278,0.5152484040159252,28.297698413501433,0.4637235636143327,Cap_Degrade
23.627631842891482,0.7755061925599417,0.05931861163863217,1.0286192308877748,0.32822002548395784,24.303836493934533,0.03282200254839579,Switch_Open
25.48301380134904,17.16569438196367,0.7123706553024978,2.153564254978479,0.6736131964522557,54.87930763170854,0.6736131964522556,Overcurrent
25.129541936233093,25.129541936233093,2.7151753515248034,1.7798922424547563,0.606540512222956,44.72787674874276,1.0,Switch_Short
24.26806504394667,12.983923609018154,0.6144499764811491,1.3482459209508544,0.5631799644818369,32.71931970487112,0.5350209662577451,Cap_ESR_Increase
24.953796837005306,15.709876219823858,1.4309639655711492,1.1626964443963619,0.6295585526498657,29.013690856575252,0.6295585526498657,Inductor_Short
25.51406224520539,0.0,1.4985602484850686,0.0,0.5590079182280653,0.0,0.0,Short_Circuit
23.61656128660413,0.0,0.9330761025867926,0.0,0.6875777588697164,0.0,0.0,Short_Circuit
23.308132646252954,23.308132646252954,2.405931327089287,0.7919572814748722,0.5855831791459085,18.45904536678221,1.0,Switch_Short
24.67037354225434,16.52578138165852,0.6826630488570137,2.1495140225176135,0.6698634438328986,53.02931386982323,0.6698634438328986,No_Fault
25.231383767765035,12.788596420677845,1.6648031024783068,2.0517483559158802,0.5068527568042552,51.76845016299454,0.5068527568042552,Core_Saturation
25.049140539106464,8.687687334896209,1.2261060683694185,0.875301389872288,0.34682576519274505,21.92554752898616,0.34682576519274505,No_Fault
25.191254595434536,11.591604143488665,0.8144766358665105,1.1332003408277955,0.5112710885692068,28.546738293426188,0.46014397971228616,Cap_Degrade
23.742333259251733,7.911222625745472,1.4617868231734659,0.6337650658143581,0.3507491312252373,15.047061400636098,0.33321167466397544,Cap_ESR_Increase
25.271336864700086,13.570641980372065,2.2068351569445666,1.2818993329593837,0.536997391670562,32.39530986985093,0.536997391670562,Inductor_Short
22.480836221482434,11.08298985513441,1.7782460192300604,0.6577959111940881,0.4929972242110652,14.787802146715098,0.4929972242110652,Inductor_Short
24.1779563918434,11.946984520794517,1.0576423933431585,2.3747621552309655,0.5490301591331127,57.416895830174326,0.49412714321980145,Cap_Degrade
22.023034641992485,6.695416397324945,1.0767608474359243,1.1668032536972242,0.30401879242193264,25.696548476563514,0.30401879242193264,Overcurrent
23.29834331960108,0.0,0.665535292693866,0.0,0.3779361966621456,0.0,0.0,Short_Circuit
23.465846139485592,11.651547569404503,1.8054647397339323,0.7918854874047109,0.49653217276485234,18.5822630075305,0.49653217276485234,Inductor_Short
23.58469076643702,16.042340258921815,0.8434305880194931,0.8229312577783992,0.6802014246356539,19.408579236738614,0.6802014246356539,No_Fault
24.78186882675945,11.237180215564077,0.9009027225791261,1.7758387752101257,0.45344361614206335,44.008603584730494,0.45344361614206335,Overcurrent
23.554232405081382,11.06457265267744,1.2611105884852578,1.1174556716287136,0.46974881042145383,26.320810591919027,0.46974881042145383,Overcurrent
23.794774490490123,0.0,0.9825384074666726,0.0,0.5858784356026489,0.0,0.0,Short_Circuit
22.95017652349731,11.18512179214148,1.4403161532392643,2.274915445950417,0.5415171029144472,52.209711060592674,0.4873653926230025,Cap_Degrade
23.49300716651736,9.856971824563042,1.1905146200376544,1.3169059380266395,0.4195704600393333,30.938080639689105,0.4195704600393333,Core_Saturation
22.909078509052605,10.637293576259868,1.831407156569858,0.9734983935330525,0.4643265582269711,22.30195112588529,0.46432655822697116,Inductor_Short
22.292783695073773,0.8629088919076273,0.06434784052395208,0.8854880728971115,0.38707991954289295,19.739994073663023,0.038707991954289304,Switch_Open
24.413794373525512,16.75783801750485,1.0460245933207504,2.5957754205054617,0.6864085836520833,63.37272735607206,0.6864085836520833,No_Fault
24.672851194220065,24.672851194220065,2.0940562928488955,0.7564124317176429,0.3522537526229439,18.66285136922755,1.0,Switch_Short
24.47796138403846,10.984110996724274,0.8300102445077753,1.0905875977837998,0.44873471382656777,26.695361104463117,0.44873471382656777,Core_Saturation
23.85397617520229,0.0,0.8985996627184558,0.0,0.31033558888800444,0.0,0.0,Short_Circuit
23.51914312071692,8.685059961973806,0.8478071056639058,0.9682698273797089,0.38871179677341855,22.772876649615238,0.3692762069347476,Cap_ESR_Increase
25.453334598287302,15.582237591284699,2.9986702456622307,0.8516493765561106,0.6121884553520619,21.677316541905462,0.6121884553520619,Inductor_Short
24.076327140544873,9.16032242422833,0.8083550706323103,1.9222702894314376,0.3804700929155518,46.281208340901166,0.38047009291555184,Overcurrent
23.916727510518925,7.146864077306204,1.3844965347938634,0.5054931944374524,0.33202536101158625,12.08974298978231,0.2988228249104276,Cap_Degrade
22.10256826322574,10.82542399705496,2.352467470080955,0.7633910362640441,0.4897812719378093,16.872902490560673,0.4897812719378093,Inductor_Short
23.364991310504625,0.7102669826329149,0.042045820459604526,0.6226197191592994,0.30398769389380736,14.547504327905859,0.030398769389380735,Switch_Open
23.520782475143427,7.068367128914557,1.0435343783741238,0.9147803696771625,0.33390646177053324,21.516350087707828,0.30051581559347995,Cap_Degrade
23.5952911235876,14.701054341587872,1.3405358799491938,2.7908394238693117,0.62305034782519,65.8506686853819,0.62305034782519,Overcurrent
24.32068947690933,14.801312307090026,1.3833682980309119,2.1325068524679334,0.6085893379438425,51.864036966253906,0.6085893379438425,Overcurrent
24.134410186907512,14.467371591526229,0.6603938750061452,1.5665520070982792,0.6660555281619583,37.80780871843312,0.5994499753457625,Cap_Degrade
24.43162037117378,15.680364803943936,1.2593597118122544,1.9067874761578134,0.6418061743642998,46.585907745996266,0.6418061743642998,Core_Saturation
25.059533046168514,14.365884155187757,1.6704463604271433,2.1292440023229107,0.5732702252959272,53.35786043956709,0.5732702252959272,Inductor_Short
25.251942954864376,0.8104185417347871,0.027102239803797237,0.44537046164340655,0.32093314292026515,11.246469491200914,0.03209331429202651,Switch_Open
24.87249230490598,0.0,1.0982377598518966,0.0,0.613139447194663,0.0,0.0,Short_Circuit
25.82209478381974,16.479772554453614,1.354820052992188,2.292339613645335,0.6382043243362241,59.19301078025457,0.6382043243362241,Overcurrent
22.072930330705447,13.67711291206562,1.7631487756510356,1.106906837153453,0.6196328583087818,24.432677499069687,0.6196328583087818,Inductor_Short
22.783111942734184,11.468827495602753,1.240035944984177,1.2680795982095872,0.5033916141232104,28.89079943830641,0.5033916141232104,Overcurrent
22.03025149991257,8.228358387966333,1.2404704549608139,0.6559690195914398,0.39316073545979263,14.451162477750495,0.3735026986868029,Cap_ESR_Increase
24.58989885661841,0.0,0.8756487354930008,0.0,0.6381319902754906,0.0,0.0,Short_Circuit
25.59212219579995,15.121492451984325,1.2821195989845942,0.8013927895612931,0.5908651238960554,20.50934219728561,0.5908651238960554,Inductor_Short
22.9739291863052,22.9739291863052,2.4186477055519346,1.006939381836678,0.6923044697555406,23.133354053217772,1.0,Switch_Short
25.708138179185227,25.708138179185227,2.709130337882481,1.3956423212152405,0.36227703910237313,35.87936564252021,1.0,Switch_Short
22.241069561158245,7.811936589606916,1.185854492401492,1.132327150348125,0.390265833220822,25.184166916880738,0.35123924989873984,Cap_Degrade
25.737744107222056,9.901805865779888,0.5178784840348181,1.1783064670406556,0.38471925995260103,30.326950328577272,0.38471925995260103,Overcurrent
23.40649074895854,12.997959408262608,0.7162328943909912,0.8234899460087896,0.6170159070485346,19.2750098031151,0.5553143163436811,Cap_Degrade
22.405683313796867,8.396819271458778,0.5694799848835319,0.6371912980586321,0.37476291858004723,14.276706434608858,0.37476291858004723,No_Fault
23.943487036745303,23.943487036745303,2.1407721991524538,0.587337568226842,0.3266639319293224,14.062909451032901,1.0,Switch_Short
23.027106270882033,16.105718205738587,1.8847165182606185,1.1123506034480886,0.6994243226342514,25.614215556078893,0.6994243226342514,Core_Saturation
23.13949160784769,6.454395490266353,0.6105791870686594,0.6189448145327537,0.30992688457805967,14.3220683416015,0.2789341961202537,Cap_Degrade
23.229159859705145,14.72955507603133,2.007506730890078,0.9688592918728404,0.6340976240635462,22.505787372474934,0.6340976240635462,Core_Saturation
25.212103591330653,11.248297740604135,1.0555089783954832,1.6972878023633005,0.4461467366202611,42.79219589748548,0.4461467366202611,No_Fault
24.156645106701017,15.379235923083327,1.189969012141725,0.7919607874327029,0.6366461839031261,19.131115680435286,0.6366461839031261,No_Fault
23.245230796624014,12.130481768083223,1.4714018486086462,0.7463845167281823,0.521848196484458,17.349880354373276,0.521848196484458,No_Fault
24.441335133243673,16.147228958562966,0.5836809882476973,1.1160948866579776,0.660652491794544,27.278849165307243,0.660652491794544,No_Fault
24.864602696892774,15.837591607196794,1.5413464252755682,1.7107684379570347,0.6704771945658506,42.53757751618552,0.6369533348375581,Cap_ESR_Increase
23.090496002934135,7.011181408279331,0.6261026959874093,0.9456254607138099,0.3036392725123104,21.834960920884978,0.3036392725123104,No_Fault
23.654196406101406,7.419295456229961,0.9822546873003506,0.7010487808851227,0.3301648703971153,16.58274555331464,0.3136566268772595,Cap_ESR_Increase
22.48754437334779,8.548332301786365,1.486582565964226,0.6029519494062837,0.4001434918283422,13.558908717270358,0.38013631723692504,Cap_ESR_Increase
22.72459739813872,12.901348567132882,2.812508473475736,0.8894018530801647,0.5677261665454006,20.21129903640527,0.5677261665454006,Inductor_Short
24.72447141585993,16.202165637618716,1.509557510317718,1.5086352842776791,0.6553088786046024,37.3002099630812,0.6553088786046023,Core_Saturation
22.725753390782508,10.998736960907511,1.0941046382754251,0.7745973485277109,0.4839767805175851,17.603308319794767,0.4839767805175851,No_Fault
24.10065353466824,1.308157557247406,0.06040736672992786,0.7602815843198337,0.5427892465097062,18.32328305248097,0.05427892465097062,Switch_Open
24.83618504688973,0.0,1.3327586684527142,0.0,0.37539994111822445,0.0,0.0,Short_Circuit
22.427507692378974,12.554651026179242,0.6215111695376662,1.1862605431050488,0.6219867335526741,26.60486745565414,0.5597880601974067,Cap_Degrade
24.269248878515615,16.671305336203414,1.3100693082292276,2.0357761673307926,0.6869312445413879,49.40675846590165,0.6869312445413879,Overcurrent
23.026251134805456,9.38180593397455,1.4719142257674251,0.7111648824240354,0.40743957316583895,16.375461180950236,0.40743957316583895,Core_Saturation
25.85170750095032,12.872350556147785,1.4259351376622535,0.8713936780206015,0.4979303806402185,22.52701448236587,0.49793038064021855,Core_Saturation
23.9341825868797,8.004702261076494,0.9238997519969983,1.2556252031487931,0.3344464442025495,30.05236287285113,0.3344464442025495,Overcurrent
25.223970199100634,11.887784643301977,1.0092115852460426,0.664481893635555,0.5236546625851873,16.760871482905195,0.4712891963266686,Cap_Degrade
24.200906168625046,12.127397810295458,2.1675758300919057,2.083987727034348,0.5011133767386722,50.434391438524436,0.5011133767386722,Core_Saturation
22.173650131419276,7.536510232483943,1.153024150071367,0.6415477020781639,0.357774593662031,14.225454288497215,0.33988586397892945,Cap_ESR_Increase
24.53260550237609,11.697796055654845,2.9063550765262782,1.8360289257354574,0.47682648524723,45.042573326019344,0.4768264852472299,Inductor_Short
25.805613368826627,25.805613368826627,1.3605802612312812,1.5128730352268267,0.4336418608346253,39.040616623186715,1.0,Switch_Short
24.406447280585326,11.79553181902358,1.3465495767158966,1.155484837904168,0.5087323501220757,28.201279779823757,0.4832957326159719,Cap_ESR_Increase
25.27675543770716,13.504403194378817,1.3122395386087473,1.8415677771765804,0.5342617341715197,46.548858325654415,0.5342617341715197,No_Fault
25.53682585339363,7.747827800584539,1.7686932470022927,0.39823723191349497,0.3033982314428838,10.169714839712453,0.3033982314428838,Core_Saturation
22.91231908779573,13.155847465465284,1.2176145082491945,0.7211942029195766,0.6044023931798221,16.524231701561842,0.574182273520831,Cap_ESR_Increase
22.84817935963291,22.84817935963291,2.1296255621723645,1.3315433464176074,0.5852057167446962,30.42334120407531,1.0,Switch_Short
24.443923955403967,10.914567814753973,2.7218609651573917,0.7477669591637153,0.44651455448260885,18.27835868616152,0.44651455448260885,Inductor_Short
23.64411387922682,7.593883479325067,2.643293194329,0.5838619431273396,0.3211743742275273,13.80489827304947,0.3211743742275273,Inductor_Short
25.35944521146688,1.5265701715853073,0.031114436059029978,0.8857998552693391,0.6019730159140201,22.463392898028097,0.060197301591402005,Switch_Open
25.600092493592044,16.588003893886018,1.483446422733966,1.2115903007583748,0.6820700641912529,31.016823763753397,0.6479665609816901,Cap_ESR_Increase
23.413685517210872,9.273239233449546,0.9140686194404425,3.7064885343556733,0.3960606384088057,86.78255691655158,0.3960606384088057,Overcurrent
22.94748223589793,9.853874801411946,0.7536968299958108,0.5991065775569813,0.42940984549481515,13.747987545898432,0.4294098454948152,No_Fault
25.122102060975447,9.383737086166615,2.7395371360278515,0.5791457256833847,0.37352515579272594,14.54935802879568,0.37352515579272594,Inductor_Short
23.099224142192543,11.03443017678522,0.9320247996337416,0.9695265327166696,0.5307744493379358,22.395310691025124,0.4776970044041422,Cap_Degrade
25.290457274054713,8.695863999828463,1.4392011591944984,0.4936177404257333,0.361936557858982,12.483818373952438,0.3438397299660328,Cap_ESR_Increase
23.69495301459505,10.484485406138798,0.7634036119558445,0.5628742234649002,0.44247757738455173,13.337278278127487,0.44247757738455173,No_Fault
24.670199597165883,14.279239949381937,0.5039293214222178,2.2209504139706735,0.5788052055737052,54.79129000806471,0.5788052055737052,Overcurrent
22.382141255338674,11.729280397036847,0.9954591929029444,1.6613919322238355,0.5240463932037394,37.18550890751394,0.5240463932037394,Overcurrent
24.495437298706292,0.0,0.6002282566428843,0.0,0.4545850257311741,0.0,0.0,Short_Circuit
23.807070714948917,1.1144086009749186,0.06271879777624549,1.1752509275507146,0.46809984072301675,27.97928194000917,0.04680998407230168,Switch_Open
24.346433852701896,11.500279492030833,0.7760751360694104,1.294736392821584,0.5248443530492918,31.522213944516555,0.4723599177443626,Cap_Degrade
22.672056830979454,6.854803226876216,1.8872912932069574,0.8854494762296936,0.3023458911548645,20.074960846040604,0.3023458911548645,Inductor_Short
24.947494979776728,8.267698313576762,1.1740671301831085,0.4484052761025804,0.3314039473814439,11.186588374474523,0.33140394738144385,Inductor_Short
25.451188310172913,1.6606982506050085,0.03933296242236264,1.027194148303245,0.6525032271052046,26.14331169957357,0.06525032271052046,Switch_Open
22.8669592003631,7.193808525227589,1.4096392675844294,1.1500138023500088,0.3311515956365163,26.29731869819209,0.31459401585469043,Cap_ESR_Increase
22.382858222080646,22.382858222080646,1.303175823804639,0.661190000835426,0.582721438484202,14.799322046556725,1.0,Switch_Short
22.094554344185347,14.759499589508396,1.1471595611269574,1.8490486208014367,0.668015265643621,40.85390523733831,0.668015265643621,Overcurrent
24.567886001773065,10.03041537374551,2.8348517056090023,0.564844603484707,0.4082734417206924,13.87703782712899,0.4082734417206924,Inductor_Short
24.428376144355124,10.401278790587154,1.2978204357334924,1.9133543390952872,0.4481965748238057,46.74013949285368,0.4257867460826154,Cap_ESR_Increase
24.18678965085628,0.0,1.3110216892922268,0.0,0.5275685623378865,0.0,0.0,Short_Circuit
22.927788384463902,1.496459118436204,0.03044858146519579,0.9667689146228858,0.6526835878554338,22.165873091151376,0.06526835878554338,Switch_Open
23.56362398362206,1.594697082959752,0.03753659130010273,1.2132326291139308,0.676762234904168,28.588157477101866,0.06767622349041681,Switch_Open
24.377905340744693,14.524972744603478,2.0918082783608867,0.9683501095657736,0.5958252992445072,23.606347307694183,0.5958252992445072,Core_Saturation
23.98706743543668,0.8027221848576181,0.06075528068090446,0.46485813474479565,0.3346479043418776,11.150583426034723,0.03346479043418776,Switch_Open
25.951142080859547,13.25832160497378,1.1395538263773113,1.3877899963154132,0.5676616622139403,36.01473537277683,0.5108954959925464,Cap_Degrade
22.54575901022693,10.463971236804165,1.7456501041825498,0.590183499833556,0.4641214887490648,13.30613495905966,0.4641214887490648,Core_Saturation
24.780578216190374,1.2099870638588008,0.04571002771523217,1.6255092311302919,0.4882803997964246,40.281058643163675,0.04882803997964247,Switch_Open
23.61727507241717,7.549482943384581,0.5445566316176532,0.832973705558548,0.3196593561380708,19.672569132266855,0.3196593561380708,No_Fault
23.71279845970246,8.033478065415583,1.284441542070729,1.5797868294442705,0.37642485573854323,37.46116669590433,0.3387823701646889,Cap_Degrade
24.870391062632706,15.325270342667558,1.1787132362153538,1.4642348052086591,0.616205443013459,36.416092213057176,0.616205443013459,No_Fault
24.76974460529748,11.928701123954989,0.9728044641127247,1.1149732664017469,0.4815835332191439,27.61760305050558,0.4815835332191439,No_Fault
25.96502397480875,10.922574126941557,2.0996394230523863,0.6395302079425025,0.42066489665245954,16.605417181841503,0.4206648966524595,Core_Saturation
22.5135771578165,10.212330368058279,0.8361596649850989,1.3803281661302622,0.4536076295859832,31.076124671281008,0.45360762958598316,Overcurrent
22.416438597536665,1.4385969270553127,0.0397160872115618,1.2454480624547952,0.641759805330272,27.918510018438926,0.06417598053302721,Switch_Open
24.897355268514964,14.928444433394422,2.7455926501588857,1.0099267782429204,0.5995996069619827,25.14450579310072,0.5995996069619827,Inductor_Short
24.313547668025635,9.44532337362515,1.4266864202348841,1.7166564879361912,0.4089261588724331,41.738009349062054,0.3884798509288115,Cap_ESR_Increase
23.096642666239223,8.014552006276057,1.5224697159725171,1.04030062596464,0.3470007360849493,24.027451823370274,0.34700073608494936,Core_Saturation
22.317677475955946,8.050418331168173,0.63073473945785,0.6209923623257623,0.40079928865762865,13.859107257418339,0.3607193597918658,Cap_Degrade
22.34263299838572,14.931639286240522,0.7150714714650525,1.0212808692700168,0.6683025804218934,22.818103650372333,0.6683025804218934,No_Fault
25.576763498656472,13.623093113253606,1.1562279904088066,1.640148905570923,0.5326355351399021,41.949700660367746,0.5326355351399021,Overcurrent
22.76746929887497,10.519774649391772,0.8850412378404117,1.0582745427012925,0.5133920834979131,24.094233160732628,0.46205287514812177,Cap_Degrade
23.293486248462084,12.544880319781486,2.004709787498957,0.7920592015117618,0.5385574398769846,18.449820118382082,0.5385574398769846,Core_Saturation
22.90662560890795,22.90662560890795,2.899910018664408,0.6701162747731457,0.4464113062986061,15.350102620664538,1.0,Switch_Short
23.41998522332775,13.857620894668697,1.4362006178024103,0.7499379903341359,0.622842808127805,17.56353665203757,0.5917006677214148,Cap_ESR_Increase
22.277695370984375,11.346353272789692,0.8775454229955572,2.7583365861281806,0.5093144997200999,61.44938219640461,0.5093144997200999,Overcurrent
24.076239163633083,7.512490728590009,1.288686429231424,0.6287826951930994,0.3466991611075182,15.138722551422862,0.3120292449967664,Cap_Degrade
22.27045025436886,7.830870453142479,0.8514416734706834,1.1165849046357252,0.35162604993162516,24.866848573469117,0.35162604993162516,Overcurrent
25.201426031289447,12.972274237309602,0.6671000877656339,0.6492721298368873,0.5147436586010473,16.362583554262073,0.5147436586010473,No_Fault
22.93484832764173,15.472492858148934,1.0667864097317148,1.9297769879492452,0.6746280872283357,44.25914252478925,0.6746280872283357,Inductor_Short
24.160047658418044,1.0227935079633927,0.044285835638051003,0.79605540988848,0.4233408486704795,19.232736641647186,0.042334084867047955,Switch_Open
25.52031635024583,16.53248118861366,2.807118607394564,1.621979657358739,0.6478164675436873,41.39343396945836,0.6478164675436872,Inductor_Short
24.603509476188776,14.900826044899622,1.1084798816335146,1.1561429169269815,0.6056382346315516,28.44517321244152,0.6056382346315516,Core_Saturation
24.131831146205343,24.131831146205343,1.413026329859568,1.1355455249981774,0.39912497716276274,27.402792868085115,1.0,Switch_Short
23.297335012461502,0.0,1.4698207852410403,0.0,0.31453629932649696,0.0,0.0,Short_Circuit
23.332007652232793,23.332007652232793,1.0500082257011842,0.5850633555384754,0.34073890605695306,13.650702688464705,1.0,Switch_Short
24.67794782079276,14.5944784611383,1.2857821503937543,1.4539497731528612,0.591397573538976,35.880496635919776,0.591397573538976,No_Fault
25.97655744488467,25.97655744488467,1.6427399114817407,1.2766859476089925,0.37986789521625863,33.16390585714201,1.0,Switch_Short
24.647356759397514,10.501818472621105,0.5912367525566253,1.1212605952250754,0.4485083682021575,27.63610991076684,0.4260829497920496,Cap_ESR_Increase
24.2311336694801,0.0,1.4178025402095837,0.0,0.5006796664025699,0.0,0.0,Short_Circuit
24.922602040956985,14.709002394553236,0.9594634953143755,0.7638408024893064,0.5901872673800651,19.03690034308621,0.5901872673800651,Core_Saturation
23.860822449134872,0.8238962780294199,0.052588964186284774,0.6006292489540446,0.34529248930365014,14.331507867049684,0.03452924893036502,Switch_Open
22.24056937040314,9.258569011503754,0.7740542074295478,0.5973510350201713,0.46254656211098455,13.285427132848234,0.4162919058998861,Cap_Degrade
24.24918726351164,11.979805703156527,1.130385604369382,1.055789671829404,0.49402916365707816,25.602041463072716,0.49402916365707816,Inductor_Short
25.83050113802152,12.670229779064217,0.6049147342297171,0.7189911205269481,0.5163308255886159,18.571900956998704,0.49051428430918503,Cap_ESR_Increase
22.70121176943064,1.4241474820461153,0.03077783494181694,1.1625908859384049,0.6273442565580867,26.39222190289771,0.06273442565580867,Switch_Open
24.76001956328266,8.671892653322017,0.628503715278318,0.6707463762060866,0.3686712780172867,16.607693396863656,0.35023771411642235,Cap_ESR_Increase
22.803734754636224,14.209750087953662,1.260558115519923,1.1480854616621006,0.6231325807306489,26.180636343396618,0.6231325807306489,No_Fault
24.143310737892325,24.143310737892325,1.9711324045668583,0.870941494433867,0.5771513710786609,21.02741113464117,1.0,Switch_Short
22.386705798586878,1.1693658291373283,0.042144604567448986,0.866207101942054,0.5223483256795837,19.391523551823315,0.05223483256795837,Switch_Open
23.80148374503274,13.800365618143495,0.9183689101320072,3.041743481284066,0.5798111481610287,72.398008026342,0.5798111481610287,Overcurrent
25.024653315580984,11.631636425528194,1.4289467355726233,3.2386150295887868,0.4648070955806625,81.04521833808944,0.4648070955806625,Overcurrent
23.39028609695593,8.311949481455773,2.8215036254762946,0.589840236900832,0.3553590343872498,13.796531892606723,0.3553590343872498,Inductor_Short
24.65964689794887,24.65964689794887,2.431352960245154,1.1318891705099718,0.5663060961061469,27.91198727238815,1.0,Switch_Short
25.181799843158917,1.2839417157030006,0.0692341188710844,1.9938111801265632,0.5098689226742489,50.207754062999584,0.05098689226742489,Switch_Open
25.70871127791781,14.287614241587546,1.6392960551752496,1.306682998697705,0.5557499202171102,33.59313594528315,0.5557499202171102,Inductor_Short
22.938568327421812,8.984568376358517,0.8811093260082828,0.7847139821803334,0.435199512411396,18.00021529772684,0.3916795611702564,Cap_Degrade
23.597263663237232,15.63900699211742,1.1137121818542282,0.8986179903587312,0.6627466309359343,21.204925651023355,0.6627466309359343,No_Fault
22.60966405332167,12.094993377411498,2.2472518945945286,1.9693824289369735,0.5349479474302308,44.527075110779606,0.5349479474302308,Inductor_Short
25.9699340086335,25.9699340086335,1.963399676024682,0.8485160754234828,0.3341609937163495,22.035906484012536,1.0,Switch_Short
25.70800387169718,11.104043629790585,0.9006578484379533,0.7115304954163448,0.47992159628177145,18.292028730994005,0.43192943665359435,Cap_Degrade
24.15982852112224,14.55732158974417,1.4861803116086951,0.9885214405612133,0.6025424218974537,23.882508493411642,0.6025424218974537,No_Fault
25.368133177505683,0.0,1.3211236261177244,0.0,0.6176538246929089,0.0,0.0,Short_Circuit
24.08383190908817,11.390373161057381,1.0284782176768499,0.6781588399373053,0.4978388211055035,16.33266350871229,0.4729468800502282,Cap_ESR_Increase
24.49434275201104,0.0,1.2272924772395686,0.0,0.6578990283325203,0.0,0.0,Short_Circuit
22.356497728464067,22.356497728464067,1.539123386504919,0.7294908035014722,0.407067374877719,16.30885949141609,1.0,Switch_Short
25.021081681987233,11.034985225370521,0.660186258861063,0.5911693313445622,0.4642394788953066,14.791696127458065,0.4410275049505412,Cap_ESR_Increase
22.51085393454094,14.844529700301413,1.7048620511054813,0.7728809712722774,0.659438764227588,17.398210653096367,0.659438764227588,Inductor_Short
25.304270521010114,0.0,0.9029728001233942,0.0,0.6585026865886315,0.0,0.0,Short_Circuit
25.128112350681544,1.4430700703333863,0.025826856228033542,2.0300093175495926,0.5742851075298723,51.01030220431653,0.05742851075298723,Switch_Open
24.834978790971906,14.385239194632016,1.314792001635896,1.6169547307826064,0.6435922188488881,40.15703644494772,0.5792329969639992,Cap_Degrade
22.14464152209905,0.7429733326026264,0.04295967011945908,1.3614430010086598,0.3355093067824931,30.148667210107508,0.033550930678249304,Switch_Open
23.212513423781314,1.4995237025824955,0.05402090828900735,2.8231545439603094,0.6459979904831105,65.5325127490879,0.06459979904831105,Switch_Open
23.05245027964337,9.872164865658213,1.147926374541912,0.9029833099176381,0.4282479626200907,20.81597785522415,0.4282479626200907,Inductor_Short
23.440545629886078,8.704238870693903,1.012495243125876,0.455354615503204,0.3713326049712865,10.673760642482083,0.3713326049712865,Core_Saturation
22.350570987055356,0.8845192303845698,0.069484686266378,0.48948622195959823,0.3957479345368185,10.940296551093535,0.03957479345368185,Switch_Open
25.74783129212425,12.029062439542253,1.6630312918242012,0.9492899149595129,0.4671874032055548,24.442156577692515,0.4671874032055548,Core_Saturation
24.215208962849506,9.697629441372543,2.900568100340971,0.7194943407646396,0.40047680184178686,17.422705809203396,0.40047680184178686,Inductor_Short
23.222097242632096,8.949896851422615,1.498750034391317,1.954082343306202,0.4282270344065996,45.37789019636702,0.3854043309659397,Cap_Degrade
23.587926068297133,8.349922840596568,1.7437202306661888,1.0142611911128565,0.35399139442865685,23.92431798991305,0.35399139442865685,Inductor_Short
23.78881016201934,0.0,0.7988030640832746,0.0,0.4184707062235994,0.0,0.0,Short_Circuit
24.40237733344247,12.906747433743028,1.3583560551590967,0.7909470451793447,0.5289135258168004,19.300988247237736,0.5289135258168004,No_Fault
24.06271771078599,24.06271771078599,2.9972228540749084,1.5966869297585415,0.47674148323642557,38.42062686328136,1.0,Switch_Short
25.67756789285767,11.264428180402348,1.694461851348686,0.6245626228835803,0.43868750449436444,16.037249152434395,0.43868750449436444,Core_Saturation
23.98785393162332,13.64073653142266,1.4246547947626746,0.980123047009558,0.5985808515428456,23.511048486682853,0.5686518089657033,Cap_ESR_Increase
25.96863205929325,25.96863205929325,2.5634917176305487,2.022428114500671,0.6574039885573271,52.519691571838116,1.0,Switch_Short
25.40569983098038,1.5312413882245794,0.04276698541097735,2.078851447868691,0.6027156891609587,52.81467587775092,0.06027156891609588,Switch_Open
22.834042057429343,8.894321833796338,1.0742703802570872,0.685606062771628,0.43280028084707167,15.655157672155898,0.38952025276236446,Cap_Degrade
25.722380858575665,0.0,1.3330569412642137,0.0,0.5977768671350214,0.0,0.0,Short_Circuit
22.465465591541903,7.700093806376923,1.3069252638871611,0.5137974450273619,0.36079207298962046,11.542698822284342,0.3427524693401394,Cap_ESR_Increase
25.269798833964767,8.898183387595004,1.0423276279640765,0.8699657402243979,0.35212719523651637,21.983859247911784,0.3521271952365163,Inductor_Short
23.52249317390632,10.308751799932102,1.673411337795067,0.7464293298473357,0.43825081481446354,17.55787881613742,0.4382508148144636,Inductor_Short
25.51189728178028,15.89597713385511,1.2889513931892107,1.6453035059952263,0.6230809476176228,41.97481404230318,0.6230809476176228,Inductor_Short
25.472226760429802,10.151683394445076,0.7329722120780391,0.5079081261801734,0.39853929889692075,12.93755096352637,0.39853929889692075,No_Fault
25.223701600470484,0.0,1.4054894774913258,0.0,0.3253013635594718,0.0,0.0,Short_Circuit
25.160121745228246,0.0,0.5368932889107682,0.0,0.352683814082542,0.0,0.0,Short_Circuit
23.218716556392163,1.4941197374324142,0.03599003559809619,1.3165341401364818,0.6434979874118321,30.56823303664245,0.06434979874118321,Switch_Open
22.32367713220501,1.2356452507856224,0.040478467611911574,0.8657655776375759,0.553513313898915,19.327071227358214,0.055351331389891505,Switch_Open
23.611920715060645,23.611920715060645,2.2337681439327897,0.9358728808658355,0.40128046534799067,22.097756262379505,1.0,Switch_Short
22.694098059946036,0.0,1.0341016900858655,0.0,0.5221183301312725,0.0,0.0,Short_Circuit
24.779804355609848,1.266326923696563,0.03591347414266931,1.1589684501316795,0.5110318489701401,28.719011448587384,0.05110318489701401,Switch_Open
23.38439890615114,11.831499200488771,0.6642410672231545,0.6934622042047552,0.5621743913762645,16.216196809462836,0.505956952238638,Cap_Degrade
25.90244080343966,10.186782970833809,0.7367980345961188,0.7076849733932125,0.3932750217686465,18.330768130801456,0.3932750217686465,No_Fault
24.563888309381326,24.563888309381326,2.005059253403311,2.534199636491084,0.6457611948777591,62.249796824441745,1.0,Switch_Short
25.289922254537444,10.180712458083766,0.8482955642823239,0.5864074203474733,0.4237474248320051,14.830198070071459,0.40256005359040486,Cap_ESR_Increase
22.530098690967392,13.014571474733835,2.1714037524115835,1.4407610578484202,0.5776526615904947,32.46048882342749,0.5776526615904947,Core_Saturation
25.44805792909049,7.408626065077954,1.0602517435717325,0.9008855263159277,0.30644985854888596,22.9257870611669,0.29112736562144165,Cap_ESR_Increase
25.691028762053577,10.38319798105262,0.5587960165446371,1.2200128925797797,0.4490628519576589,31.343386313343302,0.404156566761893,Cap_Degrade
23.948247675275745,10.553607834704197,1.2292664058366334,0.7727033179656609,0.4406839271835233,18.504890438148994,0.4406839271835233,No_Fault
24.42501175100391,12.637348947152281,0.8288452882089896,0.9595323122261635,0.5173937714332058,23.436588001591996,0.5173937714332058,No_Fault
25.05923920361198,8.246857914144117,2.306977864116495,0.6666171189182732,0.3290945047108786,16.704917840195662,0.32909450471087864,Inductor_Short
22.69935450904165,13.9839952170825,0.779594370523232,1.7742749782105665,0.6160525494904433,40.2748967269238,0.6160525494904433,Overcurrent
24.01026430585377,9.294669136228157,1.0707437417333199,0.9534885345267012,0.3871123207070274,22.893511726587274,0.3871123207070274,No_Fault
23.594652111089253,0.0,1.2721525048074647,0.0,0.570815125952804,0.0,0.0,Short_Circuit
22.585495968648996,14.032026459194485,1.428008741774554,3.6782039263293496,0.6212848492976373,83.07405994998044,0.6212848492976373,Overcurrent
23.470137689166126,0.0,0.761127144433077,0.0,0.5247507824966052,0.0,0.0,Short_Circuit
22.272689237541975,13.282391341115533,1.6697139019979623,0.8880294667858011,0.5963532826887942,19.77880434750025,0.5963532826887942,Inductor_Short
22.10324762779795,12.482679238699356,1.9285328405718793,0.8186370147659301,0.5647441248860022,18.09453665465264,0.5647441248860022,Inductor_Short
22.54066515661929,9.96775079130746,2.854349675471978,0.8154712729766709,0.442211918860803,18.381264909009225,0.442211918860803,Inductor_Short
25.852460446356694,1.6120131488732252,0.07006934284053286,1.0743156807721395,0.6235434156134261,27.7737036440625,0.06235434156134261,Switch_Open
24.198118143580068,10.111922869299978,0.8848174201509571,1.6317565206935511,0.41788054795421115,39.48543706929971,0.41788054795421115,Core_Saturation
25.86328864461288,13.668364421119467,1.2638596515076217,0.7690406388968861,0.5284851671006069,19.889920023227667,0.5284851671006069,Inductor_Short
23.729991513320527,0.0,0.9955091773306383,0.0,0.5981590956566157,0.0,0.0,Short_Circuit
23.24726453234104,0.0,0.6066192728054235,0.0,0.451582363925003,0.0,0.0,Short_Circuit
24.024567451360976,24.024567451360976,1.691161746697395,0.7410657017375376,0.42110704304697,17.80378293728363,1.0,Switch_Short
23.75804675453164,11.492679620836887,0.9725780673262165,0.7142226645102768,0.48373840406912905,16.968535456581325,0.48373840406912905,Core_Saturation
22.422658737046977,14.063164138375502,1.7040605326978286,2.2890108527027024,0.6271853977396614,51.3257091955496,0.6271853977396614,Core_Saturation
24.563305258760824,15.680483810013412,1.594444974913078,0.877431189102193,0.6719687052582659,21.55261014147466,0.6383702699953526,Cap_ESR_Increase
22.8641527300384,1.1844393979907162,0.07483668851471907,0.604178976802615,0.518033365143956,13.814040401893315,0.05180333651439561,Switch_Open
24.478351819591317,13.820146542150345,0.8752411324969148,1.9617998114309327,0.5645864821294607,48.021625983814275,0.5645864821294607,Overcurrent
24.600804369592613,16.268744380042914,2.1980252742292246,1.3314680380064539,0.6613094488955656,32.75518472736207,0.6613094488955656,Inductor_Short
22.60809941251459,7.673612629168019,2.712535307048163,0.4760032583174949,0.33941874056517696,10.761528984722787,0.33941874056517696,Inductor_Short
22.245398508442673,0.0,0.617462072796384,0.0,0.392831431146466,0.0,0.0,Short_Circuit
25.12304634427376,14.66080498748791,2.37912882210393,1.182421532778518,0.5835600025006329,29.70603096646192,0.5835600025006329,Inductor_Short
23.839201695077282,15.00672465761527,1.8176873234501365,0.8006889421084031,0.6294977847649198,19.08778518594028,0.6294977847649198,Inductor_Short
22.232655182021904,1.4291408901749378,0.03530730801400821,0.7391535318766865,0.6428116113322311,16.43334560078801,0.06428116113322312,Switch_Open
25.979465268679068,25.979465268679068,1.805507237494884,0.6404062755283152,0.46604287074197304,16.637412592931984,1.0,Switch_Short
22.231122243985467,7.463787188842124,1.1519205739298337,0.8351818508286446,0.33573596091674673,18.567029821729633,0.33573596091674673,Inductor_Short
24.780140915434213,11.77335695369088,1.1954071485893056,2.7744332659993587,0.4751125909198479,68.75084729193249,0.4751125909198479,Overcurrent
25.934715701053655,9.665327654579533,0.8280169356232985,1.0749143105331473,0.3922938360828215,27.87759704667128,0.37267914427868043,Cap_ESR_Increase
22.956720416863703,0.9560982366554844,0.040570282252243905,0.8228275926552058,0.4164785819986496,18.889422995866575,0.04164785819986497,Switch_Open
22.568997474748784,22.568997474748784,1.2421625964829255,1.4149194566646148,0.6089070227350023,31.933313644436613,1.0,Switch_Short
22.485539757689715,7.05372040327623,1.501125025278881,0.6995980936054046,0.33021083441035476,15.730840748168255,0.313700292689837,Cap_ESR_Increase
23.213100590270383,14.6482205962803,0.9934442792827386,1.0236671462855682,0.6310324869922808,23.76248843768192,0.6310324869922808,No_Fault
22.404183244042585,0.0,1.0721468777864003,0.0,0.4710676343296676,0.0,0.0,Short_Circuit
24.76864536677653,12.002464854158312,1.0694326830948546,0.8317695897043194,0.538425572440238,20.601805994255503,0.4845830151962142,Cap_Degrade
22.24916719252025,0.0,0.9104931145413417,0.0,0.3358608924942716,0.0,0.0,Short_Circuit
24.03768851259916,10.455039530759676,0.6925299154381395,1.9068914191830062,0.4349436313429118,45.837261961669256,0.4349436313429118,No_Fault
25.986787415411907,8.292029124486625,1.3696460233482401,1.5270191142867693,0.3358803676059383,39.682321102240856,0.31908634922564133,Cap_ESR_Increase
25.255881078024075,17.290617889969557,0.9405843980365115,1.0267133963130624,0.6846174891524438,25.930551438496906,0.6846174891524438,Core_Saturation
24.460877752924045,0.0,0.6038737902788105,0.0,0.6229046597305001,0.0,0.0,Short_Circuit
23.225014483146445,11.237495295686845,1.2101450375965035,1.6438567577656302,0.48385310174258406,38.17859700732492,0.48385310174258406,Overcurrent
24.495583345166555,9.539584947011612,0.7088370204519838,1.6479374244565161,0.3894410193294684,40.367188528393704,0.3894410193294684,No_Fault
24.108165855646607,16.23400595515938,0.8067727513528323,3.6771335499258315,0.6733820420999408,88.64894549497453,0.6733820420999408,Overcurrent
23.704333535561485,1.0378673116800916,0.04876137335008701,0.7120719806504855,0.4378386382907887,16.879191730666992,0.04378386382907887,Switch_Open
22.5228415069608,8.207183188081398,0.9493513167295462,0.45881640344340857,0.3643937726749499,10.333849135549674,0.3643937726749499,No_Fault
25.546416860961866,13.418657949765915,2.417158250129998,0.7154804657238951,0.5252657553815819,18.277962233257764,0.5252657553815819,Inductor_Short
23.79913859528529,16.12414601567748,1.6851476901650413,1.2892826628054503,0.6775096481379264,30.683816780605383,0.6775096481379264,Core_Saturation
22.77849004728306,22.77849004728306,2.2887923245637314,0.5210428746841094,0.30153211620012904,11.86856993519974,1.0,Switch_Short
23.471037403509158,23.471037403509158,2.4281086613109144,0.5302390006981486,0.39524993730159946,12.445259418185563,1.0,Switch_Short
23.65651901011571,14.379405733063376,0.7926127274234653,1.2229536281064801,0.675379056164163,28.930825751790923,0.6078411505477468,Cap_Degrade
25.310151582267498,8.392617158923507,0.8223333118004736,0.731217711177857,0.3684343867428648,18.507231109550258,0.3315909480685783,Cap_Degrade
24.93445752224561,8.609802870507908,1.8759954957911082,0.4634841786228142,0.3452973806559279,11.556726564103457,0.34529738065592797,Inductor_Short
25.07721957456536,13.242649876058318,0.8074621730335261,1.5719220243873726,0.5280748863199217,39.41943375965742,0.5280748863199217,Overcurrent
22.044125057714588,1.4212674725686418,0.07424689344854317,0.7626426106940483,0.6447375293179319,16.81178908448154,0.0644737529317932,Switch_Open
23.664615992719046,10.454069741984004,1.3140519264214297,1.4039214466822714,0.4908439270775704,33.223261919678535,0.44175953436981336,Cap_Degrade
23.925376606541295,16.69574274219521,0.6646546882560296,1.2977009099207168,0.6978257026738098,31.047982992504473,0.6978257026738098,No_Fault
22.076769107292225,0.0,0.5055941558818695,0.0,0.5716686798151971,0.0,0.0,Short_Circuit
23.039252834980136,7.214706654030033,0.5970615950719947,1.1390701078979848,0.32962996288417906,26.243324212629776,0.3131484647399701,Cap_ESR_Increase
25.04115929248854,17.457014811806282,1.1160951765643878,1.0317425913660105,0.6971328526727901,25.836030579241182,0.6971328526727901,Core_Saturation
22.548438822915998,10.443482944578053,0.6142912858368565,1.3484856456840333,0.46315769471207613,30.406246085286803,0.46315769471207613,No_Fault
24.141240525810368,0.0,1.033338114892572,0.0,0.414961013538193,0.0,0.0,Short_Circuit
22.86080748806895,11.959669693370731,1.3579952227273586,1.6868346730740456,0.5231516734311542,38.56240272534548,0.5231516734311542,Overcurrent
22.048483098575574,9.298353247584897,1.2367502209132275,2.3544486444199104,0.4217230367283457,51.91202114295657,0.42172303672834577,Overcurrent
22.964805830398166,0.7683633694557277,0.03578045315410952,0.6349946395114476,0.3345830028480609,14.582528599724075,0.0334583002848061,Switch_Open
25.903495019640214,7.78584813702718,1.7985985120515717,0.5112656214020112,0.3005713372316707,13.243566477700256,0.3005713372316707,Inductor_Short
25.20614844753196,12.0947504275585,1.0078942095312775,1.6673452674260525,0.4798333411681049,42.02735232403095,0.4798333411681049,Overcurrent
25.838306577284133,25.838306577284133,2.620411699006671,1.4375637908486276,0.6347453688906368,37.14421395234961,1.0,Switch_Short
23.95141617570545,12.668528530592468,2.0086824046592473,0.6851372297241007,0.5289260742520306,16.410006926591848,0.5289260742520306,Core_Saturation
22.438944794710014,22.438944794710014,2.8194366238155517,1.2276336143137778,0.6996829195773763,27.546802899717186,1.0,Switch_Short
24.191837955894773,9.53162589391184,1.110169775553163,0.7970513870548562,0.41473865825887996,19.282137998152248,0.3940017253459359,Cap_ESR_Increase
23.817509338239844,0.9817149251023664,0.05971373732179315,1.6544570651833255,0.4121820259040221,39.40504659972074,0.04121820259040221,Switch_Open
25.377428330958463,8.773098655961725,0.672980408357331,0.4903852963190231,0.36389978409357765,12.444717711891839,0.3457047948888988,Cap_ESR_Increase
22.392330323136978,8.187205521915702,1.065288959953982,2.1385593348533134,0.36562543530613406,47.8873270416635,0.365625435306134,Overcurrent
23.952964548087113,9.91831513395346,1.4973836189422702,0.7673643616153285,0.4140746384040191,18.380651349237464,0.4140746384040191,Inductor_Short
22.600194658775937,12.5526547261931,0.9317168850266111,0.8178604200304807,0.6171360181094108,18.48380469639711,0.5554224162984698,Cap_Degrade
23.29870370756024,0.0,1.1340505083067194,0.0,0.6623027162545791,0.0,0.0,Short_Circuit
24.949428309551198,0.0,0.7569859378537811,0.0,0.6900348678830724,0.0,0.0,Short_Circuit
23.904072517475065,0.9392289249874841,0.027609252889838055,1.0908235492123775,0.39291586163858105,26.0751252241422,0.03929158616385811,Switch_Open
23.503553140583076,15.336515420577419,0.5102338564087575,0.9354143275607268,0.6525190182456366,21.985560356286328,0.6525190182456366,No_Fault
23.577905114280142,10.169198473588287,0.5221595355445215,0.7552253784581364,0.4313020357109348,17.806632313182252,0.43130203571093484,No_Fault
23.837787073623947,23.837787073623947,1.0166994750275393,0.4611799698434355,0.34513621780675374,10.993509923748128,1.0,Switch_Short
25.140066175348228,25.140066175348228,1.220710113115751,0.8844981122184331,0.6480099702080662,22.23634107314199,1.0,Switch_Short
25.568338755760937,0.0,0.7394887145701299,0.0,0.5544422538574474,0.0,0.0,Short_Circuit
25.821338746015712,9.447830531662236,1.0818322712734487,0.5949190006333243,0.3658923584324247,15.361605041794201,0.3658923584324247,Core_Saturation
25.14761354502118,11.274577394663874,1.6354762535978866,0.8964878316474905,0.471932503005201,22.544529538085097,0.44833587785494095,Cap_ESR_Increase
23.261627582992052,23.261627582992052,1.6120122104178864,0.8964271341083538,0.41490307795082704,20.8523541489174,1.0,Switch_Short
24.752538824346168,14.720776114330466,1.2548415667187982,0.9999325671396906,0.5947178274840788,24.75086968985332,0.5947178274840788,Inductor_Short
23.750412496221568,0.0,1.0455625441677578,0.0,0.4813664922497072,0.0,0.0,Short_Circuit
23.018682488184204,16.01437312578813,2.0369361830962625,1.4234738051568268,0.6957119780425539,32.766491551152384,0.6957119780425539,Core_Saturation
25.36348631770369,7.7562325717771365,1.2958664144664427,0.8402973406426748,0.321897992903838,21.31287010219328,0.30580309325864613,Cap_ESR_Increase
22.1537053958493,9.792073065559368,0.7960820891354503,0.904449651731406,0.44200610645449867,20.03691112983607,0.44200610645449867,No_Fault
25.607047968541693,0.0,1.061616159791455,0.0,0.49276006684399093,0.0,0.0,Short_Circuit
23.845909858498935,11.952843914875508,1.8222839613006139,1.958386094281998,0.5012534218993279,46.69949827238632,0.5012534218993279,Core_Saturation
24.54880590723312,1.0466980645324766,0.061405224618387114,0.8389270703127211,0.4263743289542547,20.5946578194307,0.04263743289542547,Switch_Open
24.637415688823133,24.637415688823133,2.333076910595378,1.1742407514315434,0.5916960996390271,28.930257511774972,1.0,Switch_Short
25.580470962826144,14.96224632071573,1.3708104247756179,1.202367111270479,0.6498988293955898,30.75711697651164,0.5849089464560309,Cap_Degrade
24.54667872866883,24.54667872866883,2.7402109166882087,1.5878665946826707,0.6754877207911452,38.976851163660925,1.0,Switch_Short
24.455734339040248,14.451761188255885,1.1868302153477037,1.071549896557792,0.6220373507198105,26.205539601243423,0.5909354831838198,Cap_ESR_Increase
22.26660816224276,0.0,0.9298563691112123,0.0,0.6402320789226397,0.0,0.0,Short_Circuit
24.073632087780815,12.523539632247228,1.1415702955650997,0.6478117947879545,0.5202181202479982,15.595182809850181,0.5202181202479982,No_Fault
22.600676003268166,14.246455689134935,1.9773180020556949,1.0357907436852984,0.6303552905707258,23.40957100521561,0.6303552905707258,Core_Saturation
24.949735074885943,9.462471636095321,0.5056521048411847,1.8645345580712385,0.42140156365918086,46.51964326184694,0.37926140729326274,Cap_Degrade
24.048887683250697,24.048887683250697,2.983994018029702,0.5654391129431662,0.45939150484368574,13.598181718887108,1.0,Switch_Short
24.720911116833413,10.550024713600436,0.6828937723291992,1.353614507554886,0.4267652055274177,33.462583927720566,0.4267652055274177,Overcurrent
22.166691602409536,10.7941798502213,0.9702489856599762,2.1503518153807057,0.48695493417917013,47.66618552822559,0.4869549341791702,Overcurrent
22.339168064183212,9.2535948363989,1.3720297348428667,1.2839080823414486,0.4142318464954545,28.6814384303888,0.4142318464954545,No_Fault
24.86529355225073,17.023888383619227,1.4500807980883987,2.380537515972395,0.6846445769017787,59.19276414679936,0.6846445769017787,Inductor_Short
22.288337343994694,8.528054260767437,0.9767952239003832,1.2606980379616917,0.4251378512022672,28.098863159002413,0.3826240660820405,Cap_Degrade
22.285026911061035,7.559478141432248,0.9488732702717688,1.3300538982146504,0.33921781524437594,29.64028691487512,0.33921781524437594,Core_Saturation
22.04843390093955,22.04843390093955,1.7901526507763852,0.6076266712698465,0.5107268664201653,13.397216497941136,1.0,Switch_Short
25.82600559319792,25.82600559319792,1.354270909586005,0.6359030764428314,0.32283963137807054,16.422836408944328,1.0,Switch_Short
24.950033437836026,8.58823230964015,0.863627748771157,0.5541012678478044,0.3442172665234322,13.824845160750057,0.3442172665234322,No_Fault
23.413005634008258,9.078527692319815,0.873464216792722,1.0422134923815989,0.3877557556784985,24.401350368969798,0.3877557556784985,Overcurrent
23.18614232515062,11.262439090539822,1.4931707895983326,1.3349567080092457,0.48574009995285666,30.95249622981691,0.4857400999528566,Overcurrent
23.3988129189834,11.074666880524653,2.9896260586075445,0.607194235434434,0.47330037292361116,14.207624320415482,0.47330037292361116,Inductor_Short
25.098614124724726,15.558047222653686,0.6147862786606124,1.594975785382297,0.6198767448011164,40.03168177559003,0.6198767448011164,Overcurrent
24.645482444281658,14.683528573401366,1.2259687793283471,1.267344512327671,0.5957898615536453,31.234316929428314,0.5957898615536453,No_Fault
22.74078227146987,10.70015928223577,1.1034909593382023,0.555707166948432,0.4705273175962805,12.63721569026965,0.4705273175962805,Inductor_Short
22.69643734133634,9.838489857513132,0.5301920153371886,0.6207503991334908,0.4334816830302519,14.088822538542798,0.4334816830302519,No_Fault
22.39358259885359,0.9552822721992049,0.030266694712248216,1.5763674413715083,0.4265875136245994,35.30051450449637,0.042658751362459946,Switch_Open
24.641210878805353,14.270172043224518,1.6120342227087274,0.9865031519254186,0.6095980349176036,24.308632199200396,0.5791181331717234,Cap_ESR_Increase
25.057490648886944,8.039168727447887,1.4408635478946974,1.050820225557982,0.3208289624885079,26.3309179755804,0.3208289624885079,Overcurrent
23.060185713300015,6.332691205382552,0.6939278202806805,0.37854305006160066,0.3051286598042423,8.729273034899537,0.27461579382381807,Cap_Degrade
22.08377984412365,22.08377984412365,1.323344671107423,1.2887113507402839,0.6182177567706592,28.459617752371646,1.0,Switch_Short
22.32868666990571,10.412215432476518,0.8145885951675418,0.7957374307965781,0.4908585503956197,17.767771763772572,0.4663156228758387,Cap_ESR_Increase
25.871440139380123,9.11586545839914,1.0155469940751423,3.5177286898023477,0.3523524554214304,91.00870722480151,0.3523524554214304,Overcurrent
23.18177910990968,0.0,1.06970463203541,0.0,0.39422637383780046,0.0,0.0,Short_Circuit
25.076892591352536,16.87678836653964,0.7215934304394473,2.844247909321458,0.6730015812389529,71.3248993252332,0.6730015812389528,No_Fault
24.498654275417056,15.772262782035753,1.8849341821349177,1.2295093920276532,0.6438011902499592,30.121325523663693,0.6438011902499592,Core_Saturation
23.527758558611584,13.738188083656123,0.8095531694026508,0.7958762079302719,0.5839140200895889,18.725183262726787,0.5839140200895889,No_Fault
22.82274904878222,10.124196193284003,1.4221313255294104,1.3893548868150214,0.4928900921349306,31.70889792147846,0.44360108292143763,Cap_Degrade
22.485545672637627,11.42556796630282,2.3134454129134614,0.8849061377362517,0.5081294504765542,19.89759737606585,0.5081294504765542,Inductor_Short
24.460051872155468,1.6879828330079354,0.04681755971518059,2.094237844474437,0.6900978141135834,51.225166308475785,0.06900978141135834,Switch_Open
25.09853512255115,17.225329899225983,1.2899120017028454,2.529295561648306,0.6863081775537148,63.48161348934275,0.6863081775537148,No_Fault
24.57561701416452,9.48883295394428,1.3179146260466648,0.749219818960904,0.3861076183143337,18.412539330204854,0.3861076183143337,No_Fault
24.121208532996633,15.062291514265539,0.7904816056089436,2.4344162385552854,0.6244418265221272,58.72106174630532,0.6244418265221272,No_Fault
22.167804893726544,7.979350432029434,0.9236859982196929,0.6081913068172932,0.3788970664668067,13.482266227586333,0.35995221314346637,Cap_ESR_Increase
25.873955110377537,0.0,1.4359551537286035,0.0,0.3854149911535805,0.0,0.0,Short_Circuit
25.194856766618297,13.65347969802647,0.7312151421995992,2.1773494292589204,0.5704372136658307,54.8580070010566,0.5419153529825391,Cap_ESR_Increase
23.17128814680386,10.705145306098839,0.8132256254444012,0.8079377946902506,0.46200043943501934,18.720959445461055,0.46200043943501934,Core_Saturation
25.919881317435404,17.434172584879313,1.9081106452190983,1.2568692112474333,0.672617762842608,32.57790078707212,0.672617762842608,Inductor_Short
24.40752635854529,0.0,1.301209900243629,0.0,0.3356038939584035,0.0,0.0,Short_Circuit
24.329690632828985,11.663160855184994,1.3988349169418204,0.9026781649123505,0.5046102563237972,21.96188049332727,0.47937974350760726,Cap_ESR_Increase
24.99229271771813,1.668007139785981,0.07097653144564163,0.9489424236699654,0.6674086121772485,23.71624682462067,0.06674086121772485,Switch_Open
25.24707915236055,16.704615405250763,1.0332006643690401,1.0549344415979227,0.661645464191802,26.63401334757403,0.661645464191802,No_Fault
24.62591442932601,8.929644334904102,0.6000646715665333,1.281562957642635,0.36261168536629645,31.559659730701483,0.36261168536629645,No_Fault
22.5123829854648,9.552506713020403,1.1975578717696178,0.7240716888535339,0.44665508003858256,16.300579168403058,0.4243223260366534,Cap_ESR_Increase
23.353070023977992,23.353070023977992,2.556791228706423,0.8478822159025409,0.5476485600186785,19.800652760057663,1.0,Switch_Short
25.7123345613042,8.417759589209151,0.5933281202698264,1.682669787071629,0.36375795390856086,43.265368521384225,0.3273821585177048,Cap_Degrade
22.898462447375408,0.0,0.6726574010975898,0.0,0.6872088688182955,0.0,0.0,Short_Circuit
23.488668095350054,15.641097777776324,0.7684359917335064,0.8411900913672065,0.6658997314910641,19.7584348612215,0.6658997314910641,Core_Saturation
23.728307531776785,0.8703070335779067,0.054682628972340525,0.49012649399540825,0.3667800716137877,11.629872178994596,0.03667800716137877,Switch_Open
23.75761995877781,0.0,1.3867343919459043,0.0,0.34846218450439415,0.0,0.0,Short_Circuit
24.4517583299781,8.170882531376547,2.3413266320041988,0.505171328746389,0.3341633931233061,12.352327245740625,0.3341633931233061,Inductor_Short
25.77230335097883,17.107074201364743,2.223060131386473,1.1796777741185895,0.6637774656146525,30.403013450991775,0.6637774656146525,Core_Saturation
22.96277084733002,8.667286924167078,1.1260673049995231,0.5709898959441069,0.3774495239181843,13.11151013670534,0.3774495239181843,Inductor_Short
22.48600550520367,10.490035729553773,2.8060021703029925,0.6135984469811034,0.46651397141774187,13.797378056801515,0.4665139714177419,Inductor_Short
22.78988195943975,10.38223882184647,1.445475116125349,0.7316277397578864,0.47954054626080117,16.673709827333937,0.4555635189477611,Cap_ESR_Increase
25.547699600837078,12.407086409680717,0.8142415204995049,1.390256609926927,0.539604417685427,35.51785823849126,0.48564397591688435,Cap_Degrade
24.583243250620825,8.080367937190188,2.9470531036745036,0.7594747242546414,0.32869413749897,18.670351889050025,0.32869413749897,Inductor_Short
23.14362715695664,23.14362715695664,1.57587549634283,0.4899416181617497,0.39070344696020637,11.339026139411551,1.0,Switch_Short
25.263787755874468,16.992326499465193,2.0839570857423277,3.232427592193107,0.6725961547675704,81.663364625399,0.6725961547675704,Core_Saturation
25.445479985453744,25.445479985453744,2.761497154148379,1.0902518987056447,0.6633640429074278,27.741982867617423,1.0,Switch_Short
25.386057354761114,13.994435592666063,1.2576576166029725,0.804763681587515,0.6125162589622768,20.429776977809365,0.5512646330660491,Cap_Degrade
25.67570613455822,0.790196811282254,0.05317352369064259,0.5067500792596679,0.3077604982472862,13.011166118735318,0.030776049824728622,Switch_Open
23.008964080693445,8.921091618356593,0.6200027496168881,0.4978895691871741,0.43080270739844084,11.455923213579622,0.3877224366585968,Cap_Degrade
25.020167714985114,13.790703465043334,1.0319717344964983,1.8011555071015106,0.551183494137163,45.06521286844885,0.551183494137163,Overcurrent
23.84215798909656,0.0,0.8567962556549346,0.0,0.4100760847093903,0.0,0.0,Short_Circuit
25.367994211560244,25.367994211560244,2.5844340663107035,0.9675386875235403,0.6638346780215109,24.544515824557767,1.0,Switch_Short
24.91396270864645,13.101704769093258,1.3839421271465293,1.4878196811320108,0.5535557847329767,37.06748405291317,0.5258779954963279,Cap_ESR_Increase
25.105789785998898,0.8253846907458842,0.07053062536863026,0.7060086296206053,0.32876268692657823,17.72490424235607,0.03287626869265783,Switch_Open
24.624647350724285,16.34097103118395,0.5148301624317079,3.3757528699959654,0.6636022355342812,83.12672396684604,0.6636022355342812,Overcurrent
22.709715077878826,13.961841921605986,1.309103216823046,1.7182789418180682,0.683106663270489,39.02162519300746,0.6147959969434401,Cap_Degrade
24.180107675587752,0.0,1.4384620531246688,0.0,0.3310849673566902,0.0,0.0,Short_Circuit
25.938678958098034,13.305092176279535,2.5786008982163002,1.2456468215421148,0.5129440939445259,32.31043299915615,0.5129440939445259,Inductor_Short
25.749552265988477,10.849463455999686,0.6301944598703667,0.7482347964993696,0.42134571288566813,19.26671099969177,0.42134571288566813,No_Fault
22.17269494318805,10.135928884790754,0.8719186572613316,0.5893918078185614,0.4571356305925609,13.068404756775077,0.45713563059256085,Core_Saturation
22.65925926291775,22.65925926291775,1.0416904796154016,0.891052170224391,0.3718604871821367,20.190582141899995,1.0,Switch_Short
22.526915093818246,1.1966946992200937,0.056437261291403557,1.4583491888597244,0.531228840804965,32.85210835458172,0.05312288408049651,Switch_Open
24.903919639941183,1.7014152223995636,0.05648363259299436,1.1340175737486413,0.6831917412995562,28.24148252691724,0.06831917412995563,Switch_Open
25.27114131942778,12.666629905986666,1.4869137142182123,0.8413681400727895,0.5012290401086436,21.262333169443572,0.5012290401086436,No_Fault
22.854045465242688,0.7614187084741222,0.04490215870520479,0.41120051848789757,0.3331658325577925,9.397595344853778,0.03331658325577925,Switch_Open
24.023410771807317,12.506599820979591,0.9150969133872465,2.5127650905690087,0.5480005333909633,60.36518794379691,0.5206005067214151,Cap_ESR_Increase
25.3628121120448,25.3628121120448,2.248849854368785,0.6215267939576055,0.4360891977805028,15.763667297748329,1.0,Switch_Short
24.931206179065,14.41355472354769,1.325608672507594,1.2497089403548225,0.6423700758365191,31.156751255806924,0.5781330682528673,Cap_Degrade
24.168948821967394,1.1452970214865548,0.0718386974761501,0.7998145990160536,0.4738712593265881,19.330678110681372,0.04738712593265881,Switch_Open
24.361390761835093,0.9187553655671133,0.06515620830895193,1.4421867016652257,0.3771358435768982,35.13367379078865,0.037713584357689824,Switch_Open
24.03344218766512,8.142482727156317,0.9266739806158047,0.7874511834413106,0.37644224907645796,18.92516249284522,0.33879802416881216,Cap_Degrade
23.190193805275282,12.67935685035618,1.1349142353120643,1.6752617619185175,0.6075056722884641,38.849644933457355,0.5467551050596177,Cap_Degrade
24.260087971436064,9.855297791054408,1.356299326716117,2.236441155963793,0.4062350393229439,54.25625918662178,0.4062350393229439,Overcurrent
24.755541208200363,0.0,0.9906096883117395,0.0,0.6068933576636891,0.0,0.0,Short_Circuit
25.49329166344323,0.0,0.7166866437053927,0.0,0.38235492430663975,0.0,0.0,Short_Circuit
24.54516541591699,0.0,0.669723439747873,0.0,0.42867454748052375,0.0,0.0,Short_Circuit
25.04448614817263,12.176498657820135,0.5001577445780567,0.8782184779511147,0.48619478897587975,21.994530506115943,0.4861947889758797,No_Fault
22.64028653981829,1.5333775682036332,0.06091189974906422,1.1712975361031754,0.6772783398773803,26.51851184075905,0.06772783398773803,Switch_Open
23.84622989767916,16.04118167233249,0.6110972088459905,1.4059384044963088,0.6726925699015298,33.52633041559521,0.6726925699015298,No_Fault
22.037326479308373,0.0,0.7438390996959404,0.0,0.3827487501689151,0.0,0.0,Short_Circuit
22.986715458086493,1.0189726306515172,0.03989381657613967,0.7602634647221042,0.4432876164972291,17.475959936745987,0.0443287616497229,Switch_Open
24.90584686045202,8.96012137408554,1.0603798601367682,2.034196144668225,0.3597597553815089,50.663377663228715,0.3597597553815089,Overcurrent
25.967239805397455,13.087333882302524,0.8979572772957692,1.548547330856039,0.5039940317253988,40.211499890346914,0.5039940317253988,No_Fault
22.396712398348864,9.760704920052492,1.1746739920231617,0.7653494394888144,0.48423302027786663,17.141311280468482,0.43580971825007997,Cap_Degrade
23.605977263445155,15.587122744885207,0.5556386593287027,1.2137222852534104,0.6603040649802929,28.6511006698287,0.6603040649802929,No_Fault
25.20028387479664,1.6934644972608002,0.031196959713221974,3.310478755094167,0.672002151116429,83.42500438985638,0.06720021511164291,Switch_Open
22.816142538515596,10.345454068094247,0.9992115035332667,0.592829383937879,0.4534269564029168,13.526079724947035,0.4534269564029168,No_Fault
24.220339797209146,12.03012596760298,1.2554471817702448,0.7730531602000174,0.49669517720759576,18.72361022135078,0.49669517720759576,Core_Saturation
24.932285184118697,14.775995391892298,0.7958133627513597,1.0998385106799058,0.6584944996584532,27.42148740474779,0.5926450496926079,Cap_Degrade
24.463941801040715,15.233283683960343,1.1340561580750455,2.5255332275147926,0.6226831230980245,61.784497894516406,0.6226831230980245,Inductor_Short
22.752098938461664,6.858905184523811,1.3957191747480016,1.3151206733749568,0.3014625245378597,29.921755676643343,0.3014625245378597,Overcurrent
23.421538274742957,9.022478773960998,1.1918185861250508,0.526778234743852,0.428023825673433,12.33795658735466,0.38522144310608974,Cap_Degrade
25.13516713794159,0.0,0.6216181568196494,0.0,0.46870969677445035,0.0,0.0,Short_Circuit
24.216906056528067,9.015764937522897,0.6215505535108548,1.0223130021511897,0.3918865134732927,24.757257933462537,0.3722921877996281,Cap_ESR_Increase
22.02091845417165,22.02091845417165,2.9497450668624863,1.137072918463536,0.3798286463583755,25.039390013932493,1.0,Switch_Short
25.043963040112374,0.7891698426702146,0.05905862752197524,0.6724168102702276,0.3151138026382719,16.839981743957836,0.03151138026382719,Switch_Open
22.141245419760956,12.340376417293767,1.3761841066406122,1.1937537435977637,0.5573478900279042,26.431194607756478,0.5573478900279042,Core_Saturation
24.98293513092493,24.98293513092493,2.4034620815115697,0.6642111709494106,0.40500411619326626,16.593944597064816,1.0,Switch_Short
22.80992224066095,0.0,1.256331786480159,0.0,0.32093887137252525,0.0,0.0,Short_Circuit
25.83229392047752,9.122740516608598,1.2799622023887793,0.9704506696734432,0.3923917242112254,25.068966934328625,0.3531525517901029,Cap_Degrade
23.471763005208338,14.570462602178251,0.9778773056530576,2.4556838355482316,0.6207655811344506,57.6392290037091,0.6207655811344506,No_Fault
23.307726465352317,13.437745841893909,0.929882758124848,0.8086362000879612,0.6405956726586186,18.847471361632106,0.5765361053927567,Cap_Degrade
22.595552201329777,10.03025257594667,0.5110280842689003,2.0011192138470806,0.49322649807732105,45.21639365756572,0.44390384826958895,Cap_Degrade
23.22241686196086,0.0,1.4265571151418381,0.0,0.46642826816347444,0.0,0.0,Short_Circuit
25.5066030473128,0.0,1.103307878388943,0.0,0.6911414774007126,0.0,0.0,Short_Circuit
25.98533735050899,9.880297341147093,1.4063078743799362,0.5166077209056097,0.38022586383522794,13.424225905609863,0.38022586383522794,Inductor_Short
23.473238122027393,8.61084116150721,1.5615637613635804,1.133728834222899,0.38614371314184337,26.61228689152263,0.36683652748475115,Cap_ESR_Increase
23.79444252381817,23.79444252381817,2.8298638035405927,1.767447623696763,0.41674687081455986,42.05543089591163,1.0,Switch_Short
24.88828375281095,9.186338388945034,1.489184164366096,0.7454537704931856,0.3691029273124349,18.553064964637215,0.3691029273124349,No_Fault
25.5447831218603,11.539759708566386,1.374056563138979,0.9813262223481294,0.4517462392816746,25.067765521677423,0.4517462392816746,No_Fault
24.372177336747136,16.19125852285345,2.9955687756401295,1.6236095965020083,0.6643336907959014,39.57090101159141,0.6643336907959014,Inductor_Short
23.566102792711316,0.0,0.7446861881232726,0.0,0.5461391362514297,0.0,0.0,Short_Circuit
23.650487363394497,10.992240865957676,1.3422495851992342,1.2679388160375427,0.46477861944490545,29.987370946253282,0.46477861944490545,Overcurrent
24.78247258598723,15.862668449200795,1.455331139675341,1.1188587154321878,0.6737643178284859,27.72808544279108,0.6400761019370615,Cap_ESR_Increase
22.012873054417113,7.030596715193148,1.4618807184414675,0.9446077363897157,0.31938569299032893,20.793530187367118,0.31938569299032893,Inductor_Short
24.478357349839364,9.402393374887872,0.5984375490009908,0.5871046382205405,0.38411047116074454,14.371357136110548,0.38411047116074454,No_Fault
23.42197204176543,11.0954542027576,1.4794205136775997,0.7751108230694833,0.5263554420407036,18.154624027203226,0.47371989783663326,Cap_Degrade
25.176789325108338,13.064487668463814,0.8756270066726715,1.2088664695047073,0.5462210492772717,30.43537642490752,0.5189099968134081,Cap_ESR_Increase
22.371962559292527,7.065580390090858,1.3708917904678062,0.7487981688155408,0.31582300262504526,16.752084597208086,0.31582300262504526,Overcurrent
24.35280906779356,0.0,0.5041271546746039,0.0,0.46121550316285287,0.0,0.0,Short_Circuit
23.923891559544494,13.389283091888212,1.0420496144392044,1.4860364953848044,0.559661585932349,35.5517759691116,0.559661585932349,Inductor_Short
24.56930210362091,0.0,0.9658713086963684,0.0,0.5792282185613606,0.0,0.0,Short_Circuit
22.259414377931872,12.359672521860634,1.4774293678701271,0.7299695560266134,0.5552559610065076,16.248694830871344,0.5552559610065076,Inductor_Short
24.319935149712524,10.414411276049929,1.1898412834359644,0.726938935818999,0.4282252897443698,17.679107776919093,0.4282252897443698,No_Fault
24.245938351838095,8.180774766115906,1.0655643255679543,1.6825764664339797,0.3374080494391638,40.79564527741185,0.3374080494391638,Overcurrent
24.242640377664685,11.414525489046802,1.154971594900983,1.5306707485697626,0.4708449785677336,37.107500494187555,0.4708449785677336,Inductor_Short
24.41395066638582,8.581546992708533,0.6626282963157171,1.5318127950709368,0.3515017749472222,37.39760200900042,0.3515017749472222,No_Fault
24.705871748905448,16.776508954127703,1.7760985401168286,2.2365149297305758,0.6790494634082668,55.255051018435886,0.6790494634082668,Inductor_Short
25.21995599872308,0.0,0.6856040639554332,0.0,0.4900683464090513,0.0,0.0,Short_Circuit
23.079282880512856,8.867367501049706,1.2922223472439285,1.1314907495399258,0.426903669742747,26.11399508531547,0.3842133027684723,Cap_Degrade
25.30019764072025,15.34511707309476,0.91607023555328,1.7271332360538878,0.60652162844756,43.6968122240201,0.60652162844756,No_Fault
23.993022729053813,11.976823578606789,0.8901478002637488,0.6604752242783399,0.4991794370329055,15.846797068087124,0.4991794370329055,Core_Saturation
22.308233116537323,9.458994447652344,1.4765143534081873,0.7432188310428269,0.42401360960498,16.57989893950375,0.4240136096049801,Core_Saturation
22.234203716975916,13.197061413791573,0.6499219991675557,0.8715625628039808,0.6247870969563206,19.378499573473324,0.5935477421085045,Cap_ESR_Increase
23.336953274784243,14.340973590729403,0.691831035961799,2.7270009582329395,0.6468608604004488,63.63989394257396,0.6145178173804262,Cap_ESR_Increase
25.13958790844587,12.878582000706198,0.7396098320282053,1.3657459685880202,0.5692032665154707,34.33429083792409,0.5122829398639237,Cap_Degrade
24.830723738963663,0.7915681361035012,0.06797638526237448,0.6494896610831308,0.31878576896306693,16.127298345668358,0.031878576896306694,Switch_Open
25.154459858689627,13.244556420089497,2.1369187984994578,1.6988361860537093,0.5265291520666128,42.73330664857741,0.5265291520666128,Core_Saturation
24.069076225766437,1.4569444235570834,0.06631288646660345,2.141660438900887,0.6053179647989126,51.54778835361385,0.060531796479891264,Switch_Open
23.76079599182196,7.583046197851323,0.8340772174178472,0.4666748143975618,0.3546012048334329,11.088565059421844,0.3191410843500896,Cap_Degrade
22.589810106825137,8.843194572352825,0.7724464411088316,0.9264024751638281,0.3914683005538413,20.927255996443666,0.3914683005538413,Overcurrent
23.312771014437246,15.223193826657253,1.5737335361853586,2.4624630251245403,0.6529980420272545,57.40683663624684,0.6529980420272545,Core_Saturation
23.7360774646955,0.0,1.2218531605331124,0.0,0.3080486887412296,0.0,0.0,Short_Circuit
22.35440171871847,12.093323800529479,1.4933727881601748,0.6935495604502827,0.6010908551303904,15.50388548614624,0.5409817696173513,Cap_Degrade
22.882447810844845,11.201171399306817,0.6315707118789262,1.79292582332451,0.48950931700576916,41.02653158093912,0.48950931700576916,No_Fault
24.392901176254956,0.0,0.5492919990238044,0.0,0.47870886353584274,0.0,0.0,Short_Circuit
24.942652456956758,7.5535982745548145,2.388711777990542,0.3857159080695318,0.30283861299795484,9.620777842097814,0.30283861299795484,Inductor_Short
25.9933900455718,16.31759214173697,1.9983386752558583,0.8294259986624215,0.6277592923865971,21.559593497170237,0.6277592923865971,Core_Saturation
25.73245332537423,11.423406981987416,2.6926975597328466,0.9465591415962975,0.44392996025462655,24.357288930833022,0.4439299602546266,Inductor_Short
24.570260798140765,12.685779276132457,1.767695323615741,1.7047945025160887,0.5163062525202171,41.887245534056945,0.5163062525202171,Core_Saturation
23.684992213176287,1.3522242256688506,0.07270079020595936,1.6837002290767222,0.5709202745342637,39.8784268150053,0.057092027453426376,Switch_Open
24.54470945883293,12.835573525791427,1.011004763544587,0.7774603190243469,0.5810518305751663,19.082537646224154,0.5229466475176497,Cap_Degrade
25.142606472320928,17.157114107476335,1.4138147983362126,0.9187089137416847,0.6823920235304288,23.09873668082061,0.6823920235304288,No_Fault
22.47334476369355,10.366558030289264,1.467812136991523,0.8158548660342616,0.5125359812946436,18.334987681524975,0.4612823831651793,Cap_Degrade
23.639619558785153,23.639619558785153,2.6943149140062155,0.6591770125287622,0.459887820389771,15.582693798076491,1.0,Switch_Short
25.35920914254247,17.28183063244451,1.214637844887931,1.073474386908654,0.6814814505966831,27.22246148677911,0.6814814505966831,Core_Saturation
23.535331807732177,23.535331807732177,1.3924313023405905,0.8779544507902656,0.5568440940102084,20.66294931142417,1.0,Switch_Short
24.287489084908746,9.673637328215822,1.1529320714800004,0.5849092923178267,0.4192601425106222,14.205978052830917,0.39829713538509115,Cap_ESR_Increase
24.351077443448794,8.537139486494507,0.9530147503801885,1.1173462449807288,0.3505856981614284,27.208584942672434,0.3505856981614284,Overcurrent
22.737905012534558,13.036087073375862,1.3777583421927329,1.1133361019647081,0.6370218005860725,25.314930533499023,0.5733196205274652,Cap_Degrade
23.448941766609153,1.0431792655125638,0.030001583553357688,1.2194729251618517,0.4448726411176606,28.59534960807678,0.04448726411176607,Switch_Open
23.33804515496773,13.167042418767137,0.7577400613115186,0.8148768347936713,0.5641878885457724,19.017632366151883,0.5641878885457724,No_Fault
22.10478683412826,10.794354685474763,1.8776984167780628,0.891979838463826,0.48832656774635924,19.717024189583032,0.48832656774635924,Core_Saturation
22.096767055565422,8.387312118487982,0.5949866449773121,0.8901956231574765,0.3795719119180153,19.67044531879466,0.37957191191801537,No_Fault
25.326788174703093,13.008874557743063,0.9028408554238703,0.8041221479174465,0.540674643448186,20.365831306892435,0.5136409112757767,Cap_ESR_Increase
23.09228323989125,7.488209218397377,1.7743107881079663,0.484651651849064,0.32427322758027294,11.19171321717975,0.32427322758027294,Inductor_Short
24.072315064955262,11.201738488983766,1.12259379656269,0.5877063782613822,0.4653369839484769,14.147453103191765,0.46533698394847695,No_Fault
23.194902294355092,12.029942735559988,0.9871989685790469,1.6079318835516923,0.5186459758654683,37.29582293495985,0.5186459758654683,Core_Saturation
25.762716980461363,25.762716980461363,2.7212089806994193,0.829315395856883,0.4744187896474316,21.365417831000155,1.0,Switch_Short
23.037187035463095,1.381007648244056,0.04737711177331372,1.5940358743176626,0.5994688701003963,36.722102577893935,0.05994688701003963,Switch_Open
23.71862725095574,14.970485530736617,1.4170217118805564,0.8068713733336255,0.6311699818181249,19.137881343567013,0.6311699818181249,No_Fault
25.490921001938407,1.5511154809970271,0.04839349568169658,2.389091382500939,0.6084972296132711,60.90013969774325,0.06084972296132712,Switch_Open
25.367734267167236,8.00415889863626,1.5500805178814667,0.5392756081268101,0.31552517912472083,13.68020032372593,0.31552517912472083,Inductor_Short
22.74440567138511,0.8589459104419689,0.03209144143438374,0.5092679677434991,0.3776515081783889,11.582997253800011,0.03776515081783889,Switch_Open
25.210573239182843,12.9744451369508,1.0074901894225696,1.2567548624472704,0.5146430037055097,31.68351050342607,0.5146430037055097,Inductor_Short
23.83274754695157,16.061575340574777,2.0643149699696712,0.8316857980650949,0.6739288161775204,19.821357663670348,0.6739288161775205,Inductor_Short
23.931875488341422,15.172395277980169,0.6071566969269234,1.7085106940575732,0.6339827100208467,40.887865200685624,0.6339827100208467,Overcurrent
22.533919889663775,14.354418013089834,0.8917277636311782,3.0478818767395857,0.6370138033407207,68.6807260436079,0.6370138033407207,Overcurrent
22.322406055028498,0.9404056384634638,0.05446358806185434,1.8392024874821329,0.42128327750386996,41.05542474299464,0.042128327750386996,Switch_Open
24.91175722789506,11.752847869990399,0.7756858969027003,1.2437063409336082,0.471779158831481,30.98291042813173,0.471779158831481,No_Fault
23.9858446094212,1.171186526644655,0.033761214618305765,1.2703146325249357,0.48828237892637494,30.469569380817102,0.048828237892637495,Switch_Open
23.74740281046072,8.619087395430341,2.5494432452186833,0.46971862469592945,0.36294863333996413,11.15459738822986,0.36294863333996413,Inductor_Short
24.918032914609586,7.785072551193571,1.4467911722816207,0.7981899130211683,0.3124272520977825,19.889322524770833,0.3124272520977825,Overcurrent
25.06205159596444,0.0,0.600440417861966,0.0,0.6787611597842067,0.0,0.0,Short_Circuit
22.635632670677413,22.635632670677413,1.3111806487700157,0.7432138962763175,0.3962850342654027,16.823116751853668,1.0,Switch_Short
24.440900597910566,0.9678097101167924,0.07300063286263594,0.7318042913718168,0.3959795614894525,17.885955942542957,0.03959795614894525,Switch_Open
22.541416329110742,6.762795915946311,0.5377842218122463,1.175258013344348,0.3333516215075038,26.491980172918534,0.3000164593567534,Cap_Degrade
25.005500344116182,15.109893420779459,1.4776323365504722,1.5745673692185038,0.6714031007775114,39.37284489282741,0.6042627906997602,Cap_Degrade
24.62782062506856,13.09941085809315,0.7569667246274832,1.3426705245545636,0.5318948459759087,33.067048837296504,0.5318948459759087,Core_Saturation
25.82645848433383,1.4638817424527537,0.06868343278256657,1.1225359300746147,0.5668147428501416,28.9911275952451,0.056681474285014154,Switch_Open
22.275832065425686,1.48052030817858,0.04036625904938748,0.992447952468285,0.6646307549052209,22.107603922859088,0.06646307549052209,Switch_Open
22.228218884605017,9.254400272911571,1.5824477439950264,0.6263696425963688,0.43824806756031576,13.923081518303901,0.4163356641822999,Cap_ESR_Increase
23.128748298772802,12.688498955695769,1.633890577271171,1.799448801229491,0.5486029244552336,41.618998400165346,0.5486029244552336,Inductor_Short
23.046822734943625,7.271728482622743,1.7314594823010838,0.4229171415402196,0.315519781891555,9.746896392646503,0.315519781891555,Core_Saturation
22.987915196288,8.613778974875803,1.1600651395318733,0.5675125144715703,0.3747090112924517,13.045929555504623,0.3747090112924517,Inductor_Short
25.625018322084145,16.20778109085939,1.484659622907478,0.88392624912329,0.632498322035977,22.650626329155422,0.632498322035977,Inductor_Short
22.998184799398025,13.953167582779294,1.2736793464792506,1.1885109866051817,0.6067073425353342,27.33359530606084,0.6067073425353342,No_Fault
23.087798904514525,23.087798904514525,2.0573717073576394,0.5521716403537332,0.44025707658285873,12.74842779326291,1.0,Switch_Short
25.037593049671855,1.12850503769024,0.07139845308935225,0.6274139054209688,0.45072425110968495,15.708934037635522,0.04507242511096849,Switch_Open
23.79895936980216,12.218903925228425,1.3931271125120315,1.055524893500826,0.5134217734214318,25.120394054240908,0.5134217734214318,Core_Saturation
25.106842227820724,7.534473014988552,1.3698123658139232,0.7030295559203791,0.3000964018740538,17.650852141987826,0.3000964018740538,No_Fault
22.261464630257542,8.826620290661472,0.9489554374782375,0.9295004771753443,0.39649773441521113,20.692041996446434,0.39649773441521113,Overcurrent
23.950284774693536,0.0,1.4792482787019852,0.0,0.38329272344328574,0.0,0.0,Short_Circuit
22.13445440073313,8.8580576654175,2.9196687627977536,0.4680938154420159,0.40019317869990534,10.36100121316649,0.40019317869990534,Inductor_Short
22.25061281382142,12.463149051710714,0.8291367055560803,0.8167651068450321,0.6223623370133765,18.17352415224829,0.5601261033120389,Cap_Degrade
25.625749813377645,10.554465854893941,2.078885505625205,0.746454579488928,0.4118695426185772,19.128458301033287,0.4118695426185772,Core_Saturation
22.55698148447038,8.07039403091332,1.4823725116372144,1.2608213560762753,0.37660852882005924,28.44032398423738,0.3577781023790563,Cap_ESR_Increase
24.129682729100868,1.210599174705596,0.03553401986637814,1.291690181131292,0.5017053843172126,31.168074254992906,0.050170538431721264,Switch_Open
23.644382410402827,13.75233446860778,1.1242904007832697,0.782299508806205,0.6462580145490927,18.496988745684206,0.5816322130941834,Cap_Degrade
23.38937330503537,9.274819319556615,0.5726823155898149,0.947248016046247,0.3965398815349999,22.155537459759806,0.3965398815349999,No_Fault
25.59933338274909,7.63559117961955,1.3367107205834616,1.3258672942746597,0.33141449711711946,33.94131888742051,0.2982730474054075,Cap_Degrade
22.087293587101957,0.9774994490748613,0.03372729417517483,0.6260684338764396,0.44256189433986587,13.82815730464605,0.044256189433986584,Switch_Open
24.655158744702355,13.292943652419353,0.5708147013857645,0.9225408192831867,0.5990607298259911,22.745390347894734,0.539154656843392,Cap_Degrade
25.853577736854202,13.451001643543242,0.9002190955388112,2.898340037905156,0.5202762178779178,74.9324594778179,0.5202762178779178,Overcurrent
24.24067273384737,14.432447619097216,1.184614352459608,1.6050630974722637,0.626717347829739,38.9078092630005,0.595381480438252,Cap_ESR_Increase
25.747289848132368,17.606945818634415,2.032375437839656,1.4631736211336779,0.6838368590436935,37.67275532147022,0.6838368590436935,Core_Saturation
22.209031517144094,1.3704415826596892,0.07371212627608684,2.572713021016491,0.6170649907006468,57.137464568322244,0.06170649907006468,Switch_Open
23.675173276296647,11.538548090499509,0.9394925125698637,0.761325824027512,0.5415212315375013,18.024520803570677,0.48736910838375114,Cap_Degrade
23.040631163848204,10.886002477575511,0.6164916152837973,1.1745141719855448,0.4973366352209522,27.06154783343151,0.47246980345990447,Cap_ESR_Increase
24.92328385992292,0.787644644320312,0.062455778951293534,0.44233679245996077,0.31602763453930666,11.024485440167414,0.03160276345393066,Switch_Open
25.925188361988987,17.085797112814767,1.1716905818463312,1.05549433329655,0.6937287915256165,27.363889405725043,0.6590423519493357,Cap_ESR_Increase
23.02612024977699,9.39588214653545,0.9478913448444631,0.6996748015465679,0.45339244903001696,16.110796116150127,0.4080532041270153,Cap_Degrade
24.616698405896297,8.8839519341128,1.6185377575843793,0.8998117341669525,0.3608912855667467,22.150394082074403,0.3608912855667467,Inductor_Short
22.79239053103896,12.916072600390898,1.5035977917653036,1.0134427271344477,0.5666835421585826,23.09878241768949,0.5666835421585826,Core_Saturation
24.261321018286438,24.261321018286438,1.6773592089140619,0.8599128425390912,0.4137153156381837,20.86262152058809,1.0,Switch_Short
23.855729946753346,23.855729946753346,2.5140237354947206,1.2641175929691837,0.534311308372419,30.156447918812713,1.0,Switch_Short
25.88802131852615,13.842510438480952,1.5658405447389616,0.7810899337155287,0.5347071631378365,20.220872855713786,0.5347071631378365,Core_Saturation
24.434109090785867,11.686637154818621,2.753695548308224,0.953808278960001,0.47829192836114764,23.305455539803383,0.4782919283611477,Inductor_Short
23.398025488347276,1.4844817517625999,0.052177195732472106,0.8487192169727211,0.634447446218017,19.858353871177872,0.0634447446218017,Switch_Open
22.456383139551733,8.661145899159324,0.8120886546739231,1.3859245404116518,0.40598682462217717,31.122852481991202,0.3856874833910683,Cap_ESR_Increase
22.604987314939738,10.83802981151689,2.702183764464289,1.5231853052762254,0.47945303664709366,34.43158450407169,0.47945303664709366,Inductor_Short
22.90126771980494,22.90126771980494,2.114438089860088,0.6000015323144248,0.5150768514363886,13.740795723825837,1.0,Switch_Short
23.003866645361192,1.3007533825246764,0.03534205190717806,0.941447433395459,0.5654498883069198,21.6569312114467,0.05654498883069198,Switch_Open
25.40246423136455,15.58666602575533,1.1235078099562221,1.2324841211131805,0.6135887402022357,31.308133802302343,0.6135887402022357,No_Fault
24.244891153130098,11.102291185877574,1.715433529884855,0.8641703549037025,0.4579229131513024,20.951716192402074,0.4579229131513024,Inductor_Short
24.093563645497465,24.093563645497465,2.6888112245841316,1.6349795451899536,0.5584187776386383,39.39248373112064,1.0,Switch_Short
22.45907548747687,7.28168017673317,0.9532997386465428,0.5127039940460825,0.36024438122740765,11.514857705011858,0.3242199431046669,Cap_Degrade
25.44055877339774,16.266853000782856,1.3490854939181585,2.730197173834942,0.6730592402169914,69.45774166391224,0.6394062782061417,Cap_ESR_Increase
24.891257212833935,11.281303275156723,0.5955362076362372,1.6590327907703335,0.45322352256840137,41.29541191959007,0.4532235225684013,Overcurrent
22.270673447600007,1.317997537902643,0.04480121731511731,0.9718647884912311,0.5918085687905753,21.64408333970906,0.05918085687905754,Switch_Open
24.831340388919074,6.886296583122432,1.4832414364723987,0.4088874924554662,0.30813643275287106,10.153224505933261,0.27732278947758393,Cap_Degrade
24.174152869370584,9.236336004575252,1.3084602894771482,1.4327962036297182,0.3820748571619228,34.63663445719863,0.3820748571619228,Overcurrent
22.326901382987113,11.048087987890924,1.3198816047338573,1.565785324074726,0.49483301772943117,34.959134517544925,0.49483301772943117,Inductor_Short
23.833202566114625,13.970329521206773,0.7777640494772551,1.1420974907539183,0.6513009870929386,27.21984084738936,0.5861708883836448,Cap_Degrade
23.93878514852019,11.00733718122367,0.8298158088563611,1.9200217409635416,0.5109020599802708,45.96298793741391,0.4598118539822437,Cap_Degrade
22.663098160653103,22.663098160653103,2.3007311209908914,1.8901083075867464,0.6719481929175516,42.83571010910434,1.0,Switch_Short
25.78279258800113,0.0,1.2569947594896556,0.0,0.4935187586331185,0.0,0.0,Short_Circuit
25.399901485922648,11.342622547942149,1.2495266088079098,0.9924020216434082,0.49617963869438,25.206913584173044,0.4465616748249419,Cap_Degrade
24.676089349316435,24.676089349316435,2.0197481126128056,1.3696226128558489,0.3478987154002127,33.796929969675155,1.0,Switch_Short
23.849182244002428,14.811832691629846,1.3108205378381512,1.2301251074060406,0.6210624976608878,29.337477869449724,0.6210624976608878,No_Fault
23.647062166338035,9.430121234518985,0.9370780827574751,0.9929487299612649,0.39878616498682495,23.48032034538043,0.39878616498682495,Overcurrent
24.603893868603816,15.423018432879113,0.6862686218251182,1.0277490100084585,0.659844995748926,25.286627565810754,0.6268527459614796,Cap_ESR_Increase
24.18172747762762,16.064639473709203,1.0644418416538133,5.214797235294866,0.6643296881321584,126.10280559498642,0.6643296881321584,Overcurrent
22.249092423527543,1.5069845272312687,0.07261506923005534,1.8019347193490214,0.6773240447496598,40.09141211195954,0.06773240447496598,Switch_Open
24.050010595081325,1.2219622688449858,0.06464968256962557,0.8089820736114594,0.508092195641236,19.456027441586457,0.0508092195641236,Switch_Open
25.225614468931358,12.959754345345711,1.0787006476922425,0.7817217354761437,0.5708375139134577,19.71941112110514,0.5137537625221119,Cap_Degrade
23.836959510387832,13.11666161184529,1.1468056603490968,2.6528313178052567,0.6114063520246653,63.235432710412695,0.5502657168221988,Cap_Degrade
22.207826310217072,7.043551065990601,1.4305620270355726,0.45536009548022177,0.3524058474601862,10.112557909028627,0.3171652627141676,Cap_Degrade
25.145112797536132,13.587988421142033,0.9283427944349605,1.0119742103951763,0.5403828779989989,25.44620566858427,0.5403828779989989,No_Fault
22.805455128543898,7.15450823823353,1.247091208413956,0.542362795040818,0.31371916052132465,12.368830385695025,0.31371916052132465,Core_Saturation
23.034483339552153,10.920075261867018,1.624965721500494,0.5935198379583118,0.49902643335549035,13.671422819144427,0.4740751116877159,Cap_ESR_Increase
22.658825413729183,8.201068939889309,2.0451647002655,0.5057808361256843,0.36193707264809094,11.46039966338185,0.36193707264809094,Core_Saturation
23.32086025948599,23.32086025948599,1.6460871692372048,0.4902395475133745,0.3731691703848339,11.432807981233049,1.0,Switch_Short
25.02700602275454,25.02700602275454,1.9275611947218456,1.0826957147851088,0.4460190266770406,27.09663217473745,1.0,Switch_Short
24.07754343801575,11.388072897736347,0.9150781290077991,1.710503786419354,0.47297486668660116,41.18472921840241,0.47297486668660116,Overcurrent
22.81952509660285,11.907354189358585,0.7140052465385773,0.8807520227208345,0.5492689698128749,20.098342886361806,0.5218055213222311,Cap_ESR_Increase
25.511320312608163,8.41290298304077,1.457819323813259,1.7127665474583216,0.32977136737540624,43.69493601292923,0.32977136737540624,Overcurrent
25.518327419806116,12.157004401772792,0.9947436743417347,0.9441573951031919,0.5014767044949778,24.093317544074498,0.47640286927022896,Cap_ESR_Increase
25.48231370018403,25.48231370018403,2.7506581652758157,1.1118557543123109,0.3730500521012404,28.332657120741047,1.0,Switch_Short
22.95518484552616,10.941154154546936,0.6893562276806651,1.7001060517351934,0.5295900700126968,39.02624867457902,0.47663106301142716,Cap_Degrade
23.80495737672395,11.88975875729317,1.0478708106372197,1.2451836525527131,0.5549618449044734,29.64154377521078,0.4994656604140261,Cap_Degrade
25.939958624563502,12.880473938739762,0.5763575236366969,0.8426939753640251,0.5226837026211415,21.85944685411175,0.49654951749008447,Cap_ESR_Increase
25.088049905239963,14.935372816249744,1.2642204838423086,0.796858903794806,0.595318204191323,19.9916359458389,0.595318204191323,No_Fault
22.10866968490224,9.600550475119377,1.6213708473694177,0.8091003277604817,0.4342436976963605,17.888131888402626,0.43424369769636045,Core_Saturation
22.260818365041967,13.491005056009175,2.2511791669395054,0.9213685064570994,0.6060426366532523,20.51041696951149,0.6060426366532523,Inductor_Short
23.855725507249332,11.286306736096405,0.8275813238319802,1.724269882164322,0.47310683268327747,41.133709009329216,0.4731068326832775,Core_Saturation
25.63688082344624,0.0,0.7110383302086154,0.0,0.4936737993290387,0.0,0.0,Short_Circuit
24.154807191810857,13.508354927380713,1.1486617447071603,0.9984693488487162,0.5592408509044285,24.117834608373673,0.5592408509044285,Inductor_Short
23.99125003213716,6.6361961177331255,0.7889143158038118,0.44139591168517794,0.30734335359968956,10.589639680402236,0.2766090182397206,Cap_Degrade
22.42189479982652,12.59208429289966,1.127439007682151,1.4887236068831138,0.5615976885680993,33.38000409955147,0.5615976885680993,Overcurrent
24.627120418897178,13.481724507885334,2.13237196863475,1.5238394606630317,0.5474340596288462,37.52777789681581,0.5474340596288462,Inductor_Short
25.288412642400903,9.648666441473685,1.1121498216133903,0.8286487888873952,0.42393884670131193,20.955212509010202,0.38154496203118077,Cap_Degrade
23.52168003003025,7.863714296133494,2.0985025427557886,0.405195793629694,0.33431771395979576,9.530885807271831,0.33431771395979576,Inductor_Short
25.10244740370131,7.5994336444860044,0.7730287956758594,1.3308835960765242,0.33637417996521646,33.40843547095981,0.3027367619686948,Cap_Degrade
25.857906615603248,0.0,0.7445074973444252,0.0,0.6692894987940914,0.0,0.0,Short_Circuit
22.815065836510755,0.0,0.6370596835365813,0.0,0.5757117284903348,0.0,0.0,Short_Circuit
24.093318524778965,0.8452925060997851,0.06745354374517461,0.8889715338440193,0.35084104550829615,21.41827432436528,0.035084104550829616,Switch_Open
23.148551832338303,9.735234686542835,1.228127294395369,0.5717986964215568,0.44268926772356254,13.23631176177788,0.42055480433738435,Cap_ESR_Increase
25.171417676135356,12.165192058538073,0.6865110125040598,0.7112326953486031,0.5369931975606386,17.902735239543222,0.4832938778045747,Cap_Degrade
24.31037346352463,24.31037346352463,1.354418759642479,0.9513795651793914,0.6342286820362595,23.128392535076678,1.0,Switch_Short
24.538329670201215,7.790045406047147,2.7460712030522734,0.9197301860554875,0.3174643714852034,22.568642513065054,0.3174643714852034,Inductor_Short
25.191656638463577,0.0,1.2427308637633194,0.0,0.39465325258800354,0.0,0.0,Short_Circuit
23.58388189064982,23.58388189064982,2.3187981598107426,2.7936191314841223,0.655899596118152,65.88438364438127,1.0,Switch_Short
25.66036027362817,7.792184610017551,0.9068641075392998,0.44598640511543847,0.30366622007352656,11.444171832402438,0.30366622007352656,No_Fault
24.13211546898456,9.18370920228416,0.7619755642785175,1.0351242511910925,0.3805596411175549,24.97973795448962,0.3805596411175549,Overcurrent
22.631819291341394,15.471330526061518,2.2191761446692357,1.06767643700645,0.6836096703891863,24.16346018395322,0.6836096703891863,Core_Saturation
24.78359647267521,0.0,1.2972395750228003,0.0,0.5453607386088685,0.0,0.0,Short_Circuit
25.17304540175302,25.17304540175302,1.603558446272553,1.6557974324674563,0.40466854665500257,41.68146394360935,1.0,Switch_Short
23.267046708270108,7.60358798141956,2.6951295925569894,0.4665961812166374,0.32679643775833905,10.856315142267965,0.32679643775833905,Inductor_Short
25.428717027995013,7.123826660352675,1.2589319486146815,0.49788755048675404,0.31127653617888884,12.660641633089249,0.28014888256099996,Cap_Degrade
25.624573019063064,0.0,0.7970805498779984,0.0,0.3978980318547709,0.0,0.0,Short_Circuit
23.107617949511237,1.5079900403642303,0.046327642712081986,0.944975498521681,0.6525943278355641,21.836132791487923,0.06525943278355642,Switch_Open
25.93408589086089,11.490023843714058,0.7545487899301294,0.6938879884968118,0.4663654617190038,17.995350692313007,0.4430471886330536,Cap_ESR_Increase
22.562846112195032,0.0,0.6110524443781093,0.0,0.5881333476663971,0.0,0.0,Short_Circuit
22.80806267360996,15.220139857756674,2.4455240656793933,1.0525460482780902,0.6673140141519831,24.006536235987177,0.6673140141519831,Inductor_Short
22.736899356952105,9.478889793626976,0.7675118573538666,0.923504190905591,0.4632161846411266,20.997621844343904,0.416894566177014,Cap_Degrade
25.575958840031483,9.629628519482203,1.9800890486193805,0.5196283953566637,0.3765109484149588,13.289994451753637,0.3765109484149588,Core_Saturation
24.617170209299847,12.477143111664247,2.991217423028852,0.8450756179061948,0.5068471723427678,20.80337032572604,0.5068471723427678,Inductor_Short
22.60841713288909,14.244926102549408,0.6342817953226136,1.3662148917864276,0.6632334748239417,30.887956166672485,0.6300718010827445,Cap_ESR_Increase
23.761293673473396,14.773578773143624,1.9460702501674005,2.363001536365735,0.6217497656550802,56.147973456455055,0.6217497656550802,Inductor_Short
24.46119210027921,7.184221387072848,1.302062559310803,0.8527756095194094,0.3263319373452615,20.859908002886968,0.29369874361073534,Cap_Degrade
22.333856339957535,1.2887285470745198,0.06444754482706168,0.9795821243068913,0.5770291200310327,21.877846437460533,0.05770291200310328,Switch_Open
25.529665473629354,1.3499040615518616,0.06299985791654843,1.4778034340428836,0.5287590089835815,37.7278273068955,0.052875900898358155,Switch_Open
25.21441414176614,16.716785181250373,0.848994935301911,4.019167988001879,0.6629852705385701,101.34096615480834,0.66298527053857,Overcurrent
24.020827094306554,7.544781092576372,0.9538532556850523,0.6493031734732236,0.34899256674011886,15.59679926178484,0.31409331006610697,Cap_Degrade
25.86850646103668,1.3286438596255634,0.05474841786707352,1.7604215364992946,0.5136144452818626,45.53947589108012,0.051361444528186265,Switch_Open
23.6710439171004,15.428433191758682,2.2109108753598856,0.9072266403627728,0.6517850774047569,21.475001646790645,0.6517850774047569,Core_Saturation
25.93644127614599,1.2034755529503887,0.041377363546924645,0.9811857387273447,0.46400951469669716,25.4484662934937,0.046400951469669716,Switch_Open
24.671679995214507,0.0,1.4231438877168578,0.0,0.4927979670931468,0.0,0.0,Short_Circuit
24.538685093015765,8.05321048018872,0.7693569181804941,1.1168341131548833,0.32818427106678333,27.405640603845217,0.32818427106678333,No_Fault
22.66381958118314,8.854631548856478,1.637981912021075,0.9444725953504112,0.41125745617956433,21.40535650039351,0.3906945833705861,Cap_ESR_Increase
25.527711033218576,10.971878097302744,1.1702636868275917,1.9678124661000924,0.4298026596675789,50.23374800216838,0.42980265966757897,Overcurrent
23.70995875168246,16.076513335516893,1.9270229607171019,0.9388735993703633,0.6780489794979547,22.26065431411496,0.6780489794979547,Inductor_Short
22.648933623129917,8.887749511394402,1.2247294708699654,0.5652068488432122,0.4130669442164636,12.801332402788336,0.3924135970056404,Cap_ESR_Increase
22.050430079903037,10.680070553201633,1.5450623380804136,1.279868543182955,0.48434749410786077,28.22165182292311,0.48434749410786077,Inductor_Short
24.23902273455353,13.780412094198429,0.7741738575114666,1.9350861034733309,0.5685217694257119,46.90459605540867,0.5685217694257119,Overcurrent
24.109598488490704,8.796949942652525,0.6135545438434938,2.0335430350230403,0.36487334896315093,49.027906083472296,0.36487334896315093,Overcurrent
24.877414489476635,12.303795902914539,0.6140502977053988,0.6206606915030418,0.4945769548567498,15.44043327984636,0.4945769548567498,No_Fault
25.561032212071208,0.0,0.8476717414689113,0.0,0.595415615790363,0.0,0.0,Short_Circuit
22.31762633857212,12.99037337564777,1.2628554778963716,1.0732232526509062,0.6467420852108263,23.951795530529903,0.5820678766897436,Cap_Degrade
24.925985961361448,13.721847743771654,2.215942335196325,0.8862216911386962,0.5505037098649707,22.089949431977143,0.5505037098649707,Inductor_Short
22.74964777639033,12.913187059723633,1.2051691206620416,0.7586417555691243,0.5676214061267791,17.258832727659986,0.5676214061267791,Inductor_Short
25.432708212628654,25.432708212628654,2.704473049951822,0.563674872376335,0.35051338903382756,14.335778555938022,1.0,Switch_Short
25.276254055446625,17.145151026261622,1.1013676269900663,2.212644370206707,0.6783105988985388,55.92736123569843,0.6783105988985388,Overcurrent
24.163175019942177,8.530316760928622,1.4608555767847797,0.8803984153868921,0.3530296309937929,21.273220998273228,0.353029630993793,Overcurrent
24.840971194493246,15.149742605422585,1.1701854674112075,1.0862489906874888,0.6098691748727193,26.983479887715273,0.6098691748727193,No_Fault
23.257400452734995,9.440795832627973,0.675174863704181,0.6490955219252094,0.4059265287113275,15.096274485491621,0.4059265287113275,No_Fault
23.88467159573126,14.476344961726502,0.9737833623078223,0.9067478095395919,0.6734372574805005,21.657373651001826,0.6060935317324505,Cap_Degrade
25.286547590841888,14.868080739551345,2.296995195094408,0.9880198079943581,0.5879838157477918,24.9836098955438,0.5879838157477918,Inductor_Short
23.837060788692856,14.338599556454115,0.5282647010499777,1.7929985146761982,0.6015254851913475,42.73981458837254,0.6015254851913475,Overcurrent
23.431193061301766,9.082485028716626,0.5149102641548079,2.133909593540958,0.3876236692239533,50.00004766162217,0.3876236692239533,Overcurrent
23.9768497890012,0.0,0.6294030005985679,0.0,0.4772159906540643,0.0,0.0,Short_Circuit
25.312997009748873,0.0,0.7516644350454708,0.0,0.5471252778357145,0.0,0.0,Short_Circuit
23.340832189483493,23.340832189483493,1.859098247041351,1.127477882501676,0.6079894472826404,26.316272052825806,1.0,Switch_Short
22.695046372542976,7.752259054639816,0.9874404737597884,0.6549778084641412,0.3415837503649558,14.864751736080256,0.3415837503649558,No_Fault
24.848056081323122,15.317621789390904,0.6380276089378968,0.8527936387503189,0.6849461265818113,21.190264161463535,0.6164515139236302,Cap_Degrade
25.303912850832326,1.6601600361538495,0.05866957895579155,1.1717566541943572,0.6560882682218223,29.650028260116883,0.06560882682218223,Switch_Open
22.402549914094134,0.914336409134117,0.05480690308482675,0.5443556855757454,0.40813943619823373,12.194955417131569,0.04081394361982337,Switch_Open
22.959496451023778,14.443913287284847,1.5889281976823204,1.4429166590485059,0.6291040972129327,33.12863991254726,0.6291040972129327,Inductor_Short
22.567887959043976,11.449356876375138,0.513659883435292,1.3105063755927335,0.5073295692159293,29.575361053989614,0.5073295692159293,Overcurrent
23.391765646328665,11.338517290160334,1.1552958307065815,0.7970124077319127,0.48472259262480744,18.64352745888105,0.48472259262480744,Inductor_Short
23.801403915621652,9.62730991571271,0.9808642530619235,0.6557156817832223,0.42577364232456216,15.606953795929707,0.404484960208334,Cap_ESR_Increase
24.995305347853225,13.307186492502916,0.6539743511656839,2.8263666247312127,0.5323874346526369,70.64589681013796,0.5323874346526369,Overcurrent
24.604590339526695,1.4564826195608251,0.043840980307398546,1.1009291856932506,0.5919556470814391,27.087911606811144,0.05919556470814392,Switch_Open
24.483714269913726,1.1369579812659631,0.05640913022551776,0.7835386120745618,0.46437316198510326,19.183935497478345,0.046437316198510326,Switch_Open
23.409499786438616,23.409499786438616,2.094474855758567,0.9333868467107614,0.5516876772033168,21.850119188740184,1.0,Switch_Short
25.36579021233904,1.470518700402308,0.03655879415686971,0.7852018940112769,0.5797251684621214,19.917266517821325,0.05797251684621214,Switch_Open
23.88514866959266,13.959644729518184,0.8438224912587524,0.755633687730258,0.5844487268061143,18.048422971189765,0.5844487268061143,No_Fault
25.91641975206062,7.482272409392366,1.1140311984486506,0.4249290889094716,0.3207864392524721,11.012640633038554,0.2887077953272249,Cap_Degrade
24.536568553182946,15.799074955010983,1.3608550280434488,2.104940753130391,0.6438991222740267,51.648023089572376,0.6438991222740267,Overcurrent
22.505058966258012,10.876724837985643,2.5064268774777547,0.5555383247230574,0.48330132590601915,12.502422755908599,0.4833013259060192,Inductor_Short
24.704710248301737,10.004578379610383,1.053400026833415,1.1442192623891176,0.40496643267848575,28.26760533784869,0.40496643267848575,Overcurrent
23.300416061726796,9.243410263812056,0.8622929983164862,2.039929051801572,0.39670580299187264,47.53119564338046,0.39670580299187264,Overcurrent
24.74530878674439,1.2204525984294898,0.043252563877090276,1.0694902953913417,0.49320564513758014,26.464867603885217,0.04932056451375802,Switch_Open
22.278564592649623,1.4586502871738132,0.0689708655132198,1.700874031600381,0.6547326157875837,37.89303197696946,0.06547326157875837,Switch_Open
22.699525748703838,9.732922893879321,0.5931679336446011,2.0235568184608352,0.45133903267305875,45.93378010461695,0.42877208103940584,Cap_ESR_Increase
25.422949035623144,25.422949035623144,2.9759652888405217,1.950070896389072,0.5998902987134173,49.57655301475132,1.0,Switch_Short
22.90871822809406,7.75981267938335,1.1643754108515623,3.066568869258527,0.3387274923948874,70.25116215288861,0.3387274923948874,Overcurrent
25.34816450097176,11.809749049984738,1.2992514689796297,0.786912755811105,0.4904226808604247,19.94679398221291,0.4659015468174035,Cap_ESR_Increase
23.11710435381764,16.1050961036227,0.5379978373047422,2.829671551764188,0.6966744561570942,65.41381254916183,0.6966744561570942,Overcurrent
24.57152764023483,14.943791798627927,1.1055292748912722,1.5424064934891362,0.6081751211169347,37.89928378724599,0.6081751211169347,No_Fault
24.776602294039325,0.9519452940075127,0.049238903004522355,0.5795422563080879,0.38421139537624516,14.359087997135696,0.03842113953762452,Switch_Open
24.050619012580214,11.43721799817114,0.6663567975834738,0.6884525184203766,0.5005765894791643,16.55770922877984,0.47554776000520604,Cap_ESR_Increase
23.221242706786924,9.136395747635715,1.1668830161540387,0.46544226641602676,0.3934499054594266,10.808147834443538,0.39344990545942665,Core_Saturation
22.850577505484384,10.598654736297323,1.3903144562136514,0.724436576743876,0.46382437090500367,16.553794144693725,0.4638243709050037,No_Fault
22.132757418249703,13.545991410746158,2.099976831731906,1.1361289915028385,0.6120336094939859,25.145667364773004,0.6120336094939859,Inductor_Short
23.215785604962896,13.420243084117889,1.0047582326912996,1.4747493460210692,0.6084899261161614,34.237464638284386,0.5780654298103532,Cap_ESR_Increase
24.612651162125132,0.0,0.572682155840811,0.0,0.391240151160954,0.0,0.0,Short_Circuit
25.75321927379393,17.226053514877353,2.4282430548046112,2.10230489747695,0.6688893272619441,54.14111900509476,0.6688893272619441,Inductor_Short
25.48481792905221,13.68604227804004,1.8042762350940487,1.2287877645227714,0.5370272731059307,31.31543245230991,0.5370272731059307,Core_Saturation
25.06425910614121,25.06425910614121,2.228087213945127,0.5699251761619903,0.45196971638480576,14.2847522864373,1.0,Switch_Short
25.153789373013193,11.336732606715374,1.0102626462206492,2.512838301746986,0.5007742323123442,63.20740537058386,0.45069680908110976,Cap_Degrade
24.65993961390398,1.3366390112924775,0.046689220110368634,1.679598082213695,0.5420285013750975,41.41878728301865,0.05420285013750975,Switch_Open
23.04114743026401,10.865297110235645,1.0932710929879923,1.54264180031562,0.5239562127383142,35.5442371531601,0.47156059146448276,Cap_Degrade
25.62878012282332,1.2675021119403305,0.03666977258642034,0.804416336254616,0.49456201421447127,20.61620940907666,0.049456201421447125,Switch_Open
24.682929247623335,11.151150340989679,1.4412590641776477,1.2044172987334534,0.50197312163576,29.728546969251447,0.45177580947218404,Cap_Degrade
24.24176252392176,24.24176252392176,2.177589058360459,0.7575014436902421,0.37056476417115447,18.36317010946674,1.0,Switch_Short
22.443957876853926,14.029564590795127,1.2167886665315648,1.9406366252164764,0.6250931617218717,43.555566670638555,0.6250931617218717,Core_Saturation
23.7882221752257,12.291472595159002,1.424519776327736,1.1098439630633998,0.5167041279764061,26.401214773185142,0.5167041279764061,Core_Saturation
23.841433084807704,0.0,1.3056847888768923,0.0,0.3524319446818812,0.0,0.0,Short_Circuit
25.45825443809068,15.439485304084984,0.6616160607302974,1.1880503179098185,0.6064628406331112,30.24568727860268,0.6064628406331112,No_Fault
24.186592880751153,0.0,0.7928356224602604,0.0,0.6729775913509403,0.0,0.0,Short_Circuit
23.521602195881638,1.596935107527087,0.05897540113682778,0.9473072509019332,0.6789227596947848,22.28218431298951,0.06789227596947847,Switch_Open
25.907201314042638,11.016434713672703,0.8970381271304464,0.8590432576783643,0.4476070929644691,22.255406614144388,0.42522673831624563,Cap_ESR_Increase
22.442882373305263,7.9494204131604125,1.9387525227921991,0.5012397198784275,0.3542067494243016,11.24926407406003,0.3542067494243016,Core_Saturation
23.69019371324778,1.201945314429939,0.03152267435886804,1.0657673401827275,0.5073598506532261,25.24823474218166,0.05073598506532261,Switch_Open
22.168098700685622,0.0,1.2626861704546086,0.0,0.34504369173968824,0.0,0.0,Short_Circuit
24.95961648306772,16.812672051354472,0.8525275722758494,2.597300438497884,0.6735949674050469,64.82762283621081,0.6735949674050469,Core_Saturation
25.672306208796602,0.9586856825502214,0.025629630633374742,0.7456043332597719,0.3734318509420584,19.141382754050493,0.03734318509420584,Switch_Open
23.120149318201957,23.120149318201957,2.7964470376643242,0.7292010918863072,0.40110634398046563,16.859238127407327,1.0,Switch_Short
25.433366707196484,11.76686437408143,1.622008825398448,0.9788158180748855,0.46265461075398817,24.894581639903084,0.46265461075398817,Core_Saturation
23.16887292184759,0.0,0.8518268970868115,0.0,0.4532657874236503,0.0,0.0,Short_Circuit
25.64308064657566,15.843966048612755,1.4651892739277008,0.9060132238055915,0.6178651569591556,23.232970164910785,0.6178651569591556,Inductor_Short
25.015847614387134,1.2070815103029946,0.05584428916304081,0.7422783214831081,0.4825267282203849,18.568721377684497,0.048252672822038496,Switch_Open
25.219627107365753,25.219627107365753,2.0180043670734764,1.2976516974793055,0.3683073040013347,32.72629192566828,1.0,Switch_Short
22.072026222401817,8.082678055267886,1.4915977755299852,0.6266709004683197,0.40688395819442963,13.831896547952912,0.3661955623749867,Cap_Degrade
25.851241428296102,11.717871878189454,1.4832159866537458,2.0983367539155675,0.5036453540750088,54.24461002333848,0.4532808186675079,Cap_Degrade
24.906683968281293,8.941040438971504,1.1350245661416096,1.1597180861745755,0.35898156697045397,28.884731864650163,0.35898156697045397,Overcurrent
23.219004381544533,23.219004381544533,1.885741012211781,1.1788779983645057,0.5446622702584056,27.372373409331907,1.0,Switch_Short
25.317578659435387,13.324614371819552,0.9911409691346621,3.8138516570049927,0.5262989226204583,96.5574893216419,0.5262989226204583,Overcurrent
23.12608479365972,13.549131986450359,1.182479066236862,1.511272230444201,0.585880926552903,34.94980974755585,0.585880926552903,Overcurrent
25.491015358264512,17.208521708339745,0.6015745442353814,2.4220084770115795,0.675081846151747,61.73945528534902,0.675081846151747,Overcurrent
22.450321561647748,14.180896777333901,0.91118728119179,1.446317338499433,0.6649018244404622,32.470289329498804,0.6316567332184391,Cap_ESR_Increase
24.814743909843184,16.83507284564282,0.8629083615054058,3.082834170920816,0.6784302472275325,76.49974046791378,0.6784302472275326,Core_Saturation
24.16279390657964,9.614043186617604,0.8600411392753793,0.7361637047380093,0.3978862388094804,17.787771879088666,0.3978862388094804,Core_Saturation
22.386137880781764,7.104543301923209,0.6958392418942337,0.4188123105214198,0.35262612265574184,9.37559012950129,0.31736351039016764,Cap_Degrade
22.967575313035354,0.966729774752181,0.049262662729661344,0.6932100566560193,0.42091068019857936,15.921354184000629,0.04209106801985794,Switch_Open
22.04961614510926,14.509398634203194,1.2847743211627893,0.7412299984302024,0.6580340691065258,16.343836940625902,0.6580340691065258,No_Fault
23.875071861858025,23.875071861858025,1.970991782331745,2.3337880633690022,0.6888213898493952,55.7193577232814,1.0,Switch_Short
23.20506104304,14.937793491071103,0.8354766105608697,1.1044925077651533,0.6437299804281904,25.629816064270713,0.6437299804281904,No_Fault
24.393429937191037,0.0,0.5823529903367581,0.0,0.3440070884510174,0.0,0.0,Short_Circuit
23.18895123083447,1.5744630025944613,0.05251477615915648,1.2221139805761208,0.6789711992239172,28.339541494100647,0.06789711992239172,Switch_Open
23.19967644602794,10.888610635955136,0.7712685864831768,3.4208666688331397,0.4693432109403144,79.36299988193025,0.46934321094031445,Overcurrent
24.972772794926414,7.205591681381952,1.2264275957088624,0.5518935666797845,0.30372411630494145,13.782312647675829,0.28853791048969435,Cap_ESR_Increase
22.192571343913414,10.584913264636032,1.4771877391324182,0.7466748061495072,0.4769574962992774,16.570633906175658,0.4769574962992774,No_Fault
25.61157998076795,8.155435683746708,1.2226286429551003,0.5119340048718694,0.318427667870187,13.11143871065073,0.31842766787018706,Inductor_Short
25.409055497564726,12.492962044225475,0.7833379385941339,0.800971373649287,0.517551168464447,20.35192608501539,0.4916736100412247,Cap_ESR_Increase
24.671218732905626,0.0,0.9730945380993747,0.0,0.4354216109748205,0.0,0.0,Short_Circuit
24.372886280429537,11.331083393037192,1.6154751968805225,0.7977342644835208,0.48937397343761946,19.44308651025895,0.4649052747657385,Cap_ESR_Increase
25.56920999255861,13.942075683789051,1.2718097762699956,3.385162480260672,0.5452681442972468,86.55593031671566,0.5452681442972468,Overcurrent
22.741320718114856,14.72546995953153,1.3982291931628301,2.6619824819477755,0.647520438327128,60.536997367977754,0.647520438327128,Overcurrent
22.315876648763314,12.60312856829681,0.8337148484757929,1.514621649432668,0.5647606305887715,33.800109898285854,0.5647606305887715,Overcurrent
22.958040679638152,1.087337683568064,0.07460192368892973,0.5633463976299662,0.47361954739127227,12.933329513516373,0.04736195473912723,Switch_Open
25.178313114800762,15.806218364320863,1.2056656321283148,2.5559016417523184,0.6277711414681459,64.3532918266732,0.6277711414681459,Inductor_Short
22.13868106690593,1.4660961969519182,0.02764864530230504,1.1249064326237634,0.6622328550292529,24.903944741968406,0.06622328550292529,Switch_Open
24.33122734033396,8.464930989913208,1.355602627054028,1.7475383927651271,0.34790398657287885,42.519753920330125,0.3479039865728788,Overcurrent
25.98175006476524,0.0,1.4272648702069861,0.0,0.5127731910211165,0.0,0.0,Short_Circuit
25.422784375350158,10.52006979450123,0.5905853575461018,1.6715557096628886,0.4138047838969776,42.49560037814503,0.4138047838969776,Overcurrent
24.085782756174357,0.7679137142176102,0.030671371337292076,0.5449543537471496,0.31882447915077894,13.125652176385238,0.0318824479150779,Switch_Open
22.254563637146568,11.99627232549769,0.5864915735313513,2.4535995869703955,0.5674186780455941,54.6037881483092,0.5390477441433144,Cap_ESR_Increase
25.32549405754284,15.520802361474496,0.6649583189069965,0.9781231078226146,0.6451083109836901,24.77145095470696,0.6128528954345056,Cap_ESR_Increase
24.39591403270884,8.908437871544882,0.7094198168002809,1.029982473071858,0.3651610617909576,25.1273638682579,0.36516106179095753,Overcurrent
22.459731988238268,12.632901121798511,1.470076618910001,0.7204639969883827,0.6249654630495601,16.18142827953398,0.5624689167446041,Cap_Degrade
22.375429139293423,13.633133694840469,1.2846462444636486,1.8613887636794388,0.6413582934147766,41.649372382386275,0.6092903787440378,Cap_ESR_Increase
25.63850727774637,17.0684818207809,1.917829538277813,1.2263348255774904,0.6657361770665934,31.441394350522312,0.6657361770665934,Core_Saturation
24.676801051752314,10.021595261674856,1.9142091055372832,0.8791350698289961,0.40611403563442094,21.694241215788516,0.40611403563442094,Core_Saturation
25.317147197267023,16.74934928351336,2.0701474995584292,1.6711884958620988,0.6615812260759557,42.30972514412003,0.6615812260759556,Inductor_Short
25.51591560112907,10.927576194850863,1.9462334665695258,0.8103804189410987,0.4282651018945729,20.67759837450869,0.4282651018945729,Core_Saturation
24.28708940819329,12.019399913543399,1.2053882856289666,0.7559865934774185,0.5209352053822011,18.360713987181537,0.49488844511309105,Cap_ESR_Increase
24.069785407020166,7.707217215859794,1.6290921952067152,1.4417354012041983,0.32020298833291283,34.70226172068918,0.32020298833291283,Inductor_Short
23.72170964128396,7.532886667195932,1.0611101087684007,0.3854913267640654,0.31755243534749744,9.144513322730477,0.31755243534749744,No_Fault
23.267786351164478,12.316438717318157,1.0335085861345135,0.7980378655680056,0.5881492850928811,18.568574556175673,0.5293343565835931,Cap_Degrade
23.738383843434846,23.738383843434846,2.6469061075186415,0.6972273094697096,0.47779199119111637,16.5510494983173,1.0,Switch_Short
25.095518622920626,10.101371618472493,2.9634544347633183,0.6157191365333642,0.402516950147687,15.451791057361648,0.402516950147687,Inductor_Short
24.407693724060525,8.722263342280627,1.0021468219630236,0.8473057904760755,0.37616539840996405,20.68078022456305,0.3573571284894659,Cap_ESR_Increase
25.570093159819386,13.79717035667476,1.3897297462854958,0.8924088804968769,0.5679813963436872,22.81897821095527,0.5395823265265028,Cap_ESR_Increase
23.773520057516752,6.422287016908065,0.5997630040381335,0.6606341123336685,0.30016061761013596,15.705598320244244,0.2701445558491224,Cap_Degrade
24.428358314875016,13.68283211283261,1.2768313694482885,0.8226542851303641,0.6223564676787416,20.096093646431893,0.5601208209108676,Cap_Degrade
24.525230212367955,8.135014997540782,1.7428338239864642,1.062243190104171,0.33169984245197154,26.05175877882493,0.3316998424519715,Inductor_Short
24.366788649225303,9.176431384762665,0.5393901628896867,1.9555087316876762,0.37659584596324774,47.64946796674824,0.37659584596324774,Overcurrent
24.810535092342064,10.14862786515515,0.8632461785621772,0.8497512833305648,0.4544945581196358,21.082784034835683,0.40904510230767216,Cap_Degrade
22.949733873499227,11.33587177913969,1.1106427509216448,2.3162403077007974,0.49394349588644143,53.15709864880526,0.49394349588644143,Overcurrent
24.049455110183164,10.629812173895616,0.6192501676814666,0.9354298660980428,0.4419980463255767,22.49657857344953,0.4419980463255767,No_Fault
22.416899211233392,9.120777740943876,1.56643794167328,0.7751134241737613,0.4282848659937175,17.375639506977205,0.40687062269403157,Cap_ESR_Increase
23.53804531057925,16.1368931002824,1.1553448265456772,0.9042657108767869,0.6855664048292753,21.284647275420966,0.6855664048292753,Inductor_Short
23.950668274485057,11.99853479627071,1.430006719833166,1.0376576821860533,0.5566318724973577,24.852594928509205,0.500968685247622,Cap_Degrade
24.60889703818189,7.6133327858291135,1.2071375179356865,0.7294631971448146,0.30937318214695525,17.95128471167972,0.30937318214695525,No_Fault
25.802124210344815,12.180418151894678,1.6594243508284072,1.397471181107415,0.47207036337772523,36.05772499531079,0.47207036337772523,Inductor_Short
24.402604266193425,24.402604266193425,1.7815006954181865,1.4251193736057417,0.650003479897588,34.776624106186375,1.0,Switch_Short
24.97437566470624,1.0503784717759765,0.062040468236637204,0.8247291486251731,0.4205824745642672,20.59709557939842,0.042058247456426716,Switch_Open
24.02506423798081,8.11620817431958,1.1014711008812075,1.0025132279589621,0.3378225379097553,24.085444701139565,0.33782253790975536,Overcurrent
24.536416125505326,1.4804142573242212,0.058582146072747254,2.1720547917035176,0.603353908635967,53.2944402166353,0.06033539086359672,Switch_Open
22.283728864535092,0.0,0.88916461651348,0.0,0.5424055327744325,0.0,0.0,Short_Circuit
23.017566323367387,12.15615228658723,0.987813481807599,1.1366402971191287,0.5281250031306015,26.16269342475156,0.5281250031306015,No_Fault
23.447412372820555,7.536716386498925,1.4898674840378934,1.448536173998558,0.32143062384296317,33.96442500869194,0.32143062384296317,Overcurrent
23.889973420026053,8.509599069829772,0.7139228704997177,0.782404000810001,0.35619960391820693,18.691610783072967,0.35619960391820693,No_Fault
22.182594982009533,12.178682939598893,1.376784279783197,0.7205119430965301,0.5490197584852455,15.982824613411028,0.5490197584852455,Core_Saturation
22.56009639021327,8.643439275262276,0.7918231875739673,1.752821393336225,0.3831295365835343,39.54381958849317,0.3831295365835343,Overcurrent
23.107257231165224,11.011685569088794,1.391622661483835,0.9251924188551534,0.5016280318993697,21.37865921080999,0.47654663030440114,Cap_ESR_Increase
25.886130763604204,13.407790659181265,1.2640126256657207,0.9337808372714587,0.5179526744117574,24.171972858156796,0.5179526744117574,No_Fault
23.325388028412203,9.160643372425005,0.8716900070971355,1.1367615521853314,0.4134028761083757,26.515404300503,0.3927327323029569,Cap_ESR_Increase
23.92816423244833,16.256078423327377,0.8720854749494744,1.0301416115900257,0.6793700622165971,24.649397664805136,0.6793700622165971,Core_Saturation
22.78439085095357,13.061996865452311,0.511432676672204,1.0989394052099923,0.63698564273423,25.038664929818907,0.573287078460807,Cap_Degrade
24.443120284303074,14.39576110019589,0.9274505332424855,1.2302263464554932,0.5889494030531194,30.070570563330328,0.5889494030531194,No_Fault
23.1227328620639,0.7658192393764875,0.04551687971678855,0.44662619728942393,0.3311975465637636,10.327218249122797,0.033119754656376364,Switch_Open
22.827970313753706,7.817484266199873,1.4883898786398628,0.9035017065835368,0.3424520077236078,20.625110136314788,0.3424520077236078,No_Fault
24.066290513783915,10.76728928929106,0.9698020756976796,0.6556275252509275,0.49711253834598224,15.77852249152202,0.44740128451138406,Cap_Degrade
22.022023196641683,8.022300200550049,1.5128367391508413,0.5979771197194856,0.36428533967639426,13.168666001523494,0.36428533967639426,Inductor_Short
22.030656130596903,1.5229928851761803,0.06956147205157337,1.077262326653738,0.6913061854117896,23.732795880955255,0.06913061854117897,Switch_Open
22.87627523640743,0.8313423572582525,0.049553397482678924,0.45864926424783364,0.36340809361096377,10.492186805909204,0.036340809361096384,Switch_Open
22.146885450003285,10.962423360033657,1.6487634528158666,0.6349970028666838,0.4949871341855896,14.063205883583855,0.49498713418558954,Core_Saturation
22.432103016522767,0.9996831327978347,0.029783435521410634,0.7128662953404517,0.44564842273660216,15.991090174083956,0.04456484227366022,Switch_Open
23.355442597355008,23.355442597355008,1.7658328146595481,0.7964192427356214,0.5557545685816392,18.60072390714075,1.0,Switch_Short
25.21034271831925,8.421107469393545,1.5886460419211654,0.7708246705254959,0.35161456355577,19.43275411968327,0.3340338353779814,Cap_ESR_Increase
24.288194573477202,11.467102025026076,1.0895053841754254,1.7360368905630952,0.47212657121695634,42.165201784730804,0.4721265712169563,Overcurrent
24.050670903825665,24.050670903825665,1.6890037102849234,1.662089174545713,0.40988201312285744,39.9743597498102,1.0,Switch_Short
23.17395529283249,15.181272245403974,2.2513343612631864,2.391554204325855,0.6551006098686751,55.42177021143294,0.6551006098686751,Inductor_Short
25.727014877731264,8.135764151284427,1.4104110895781161,0.4664632990927079,0.316234284853878,12.000708235673704,0.31623428485387806,No_Fault
23.588060164948768,0.0,0.77399060047259,0.0,0.6654909976025837,0.0,0.0,Short_Circuit
22.348371067183088,0.0,1.0051167184706744,0.0,0.6331976554212001,0.0,0.0,Short_Circuit
24.468266064471205,24.468266064471205,2.9173813078235105,0.6053373713904969,0.4190282865763262,14.811555861950298,1.0,Switch_Short
22.455353573906407,1.3826126361513702,0.03361980716492263,2.7557514071337708,0.6157162618708418,61.88137220897893,0.061571626187084186,Switch_Open
23.38089257120677,7.306188131780085,1.2196639255967114,0.7910498881317166,0.312485424135499,18.495452452872797,0.312485424135499,No_Fault
24.029647754871235,14.852042789768428,1.1144810082029823,1.1992423230292402,0.6867462201173574,28.817370595126146,0.6180715981056216,Cap_Degrade
25.496890098740703,13.019680380728023,1.1796751311406348,0.934533087472225,0.5106379770359157,23.827687424916153,0.5106379770359157,No_Fault
23.974186321360474,10.100622227058688,0.8512196306675697,1.2127567005055255,0.42131241042617806,29.07485510039783,0.42131241042617806,Overcurrent
24.809035064126657,11.04084637320801,1.2208190602256475,0.8770307012966441,0.4450332850378708,21.758285420784034,0.4450332850378708,Core_Saturation
25.971267355996282,8.481232682235689,1.1842096705883705,0.6709290299340782,0.3265621413841989,17.424877213317178,0.3265621413841989,No_Fault
22.525956479591926,14.10498412419972,0.7155432851045453,0.9869358620698676,0.6957398056168156,22.231674277134378,0.6261658250551341,Cap_Degrade
23.098926102078078,0.7292718525600524,0.04598273724295026,0.5843820888837846,0.315716778060277,13.498598686504565,0.0315716778060277,Switch_Open
23.578304302390585,13.250131066470537,1.376349292105836,0.9379052532898721,0.5619628492591436,22.114215468879323,0.5619628492591436,Inductor_Short
23.687312714155325,11.301083561996414,0.7624572616849946,0.6119738780123579,0.4770943710825833,14.496016621373066,0.4770943710825833,Core_Saturation
23.644084301062183,16.06772731331829,2.205086040057104,1.4578179762367007,0.679566487275486,34.46877112574442,0.679566487275486,Core_Saturation
25.63044401022622,1.0211166231253268,0.04658514893282095,0.9475070670585216,0.39839989612271803,24.2850268315371,0.03983998961227181,Switch_Open
24.856130577867425,12.747087003186612,1.4693496144198253,5.045119536697035,0.5128347295752045,125.40214998509151,0.5128347295752045,Overcurrent
24.431620856362816,0.0,0.6403235197678261,0.0,0.49294248343310115,0.0,0.0,Short_Circuit
23.23749087145113,13.504388292420757,2.174733558914972,2.4794259399619833,0.5811465776200405,57.61563764630572,0.5811465776200405,Inductor_Short
25.29516153688518,25.29516153688518,1.4019480655824792,0.6588545290982618,0.3272040927809682,16.665831742848948,1.0,Switch_Short
25.820242045939956,25.820242045939956,2.5801482539265495,0.5712510098300614,0.3775156520093419,14.74983934279981,1.0,Switch_Short
25.284793130200907,9.755528774686864,2.5674059775219504,0.7363321169326065,0.3858259280371399,18.618005251763858,0.3858259280371399,Inductor_Short
22.00626042076589,13.099453222562222,0.6126071490393118,2.896653590618459,0.5952603019366758,63.7445132638964,0.5952603019366758,Overcurrent
24.545605480733627,9.220691172690666,1.4120644528763893,1.098189872807051,0.37565547853069603,26.955735360858913,0.37565547853069603,Overcurrent
22.204541525768402,10.579510018918677,0.6946296472032246,1.2995057960947007,0.5293967055563906,28.854930412361508,0.4764570350007516,Cap_Degrade
23.03042888133489,8.447392081254172,1.2242750757482963,0.5559066368175577,0.38609752820038146,12.802768263888826,0.36679265179036236,Cap_ESR_Increase
22.238098801391086,14.335789948301795,1.485633620087704,1.0128525295691664,0.6446499800335913,22.523914623798007,0.6446499800335913,No_Fault
24.415181811797552,16.526006212257517,1.3823965347663638,4.377782199334468,0.6768741817958553,106.88434832920198,0.6768741817958553,Overcurrent
24.746359653970426,24.746359653970426,2.913127857122338,0.6759018065597127,0.5073971899768962,16.726109195894995,1.0,Switch_Short
22.457950552263622,0.9902239365956245,0.04212993856090597,1.2362878380978333,0.4409235536836713,27.764491136366033,0.04409235536836713,Switch_Open
23.535355532179917,23.535355532179917,1.2111512844389267,0.46684893953098744,0.3936231100069996,10.987455771682953,1.0,Switch_Short
23.82494603582217,7.2408008966696835,0.7571815606183951,1.4916647416290236,0.3199124006092175,35.538831972850105,0.3039167805787566,Cap_ESR_Increase
23.476212087043667,9.564209519793014,2.000989790153228,1.0683581018993418,0.40740003047899814,25.081001385100357,0.40740003047899814,Inductor_Short
22.48410000194077,11.99773152698565,1.4225526461006546,1.5790625088860069,0.5616943119781271,35.50379935910846,0.5336095963792207,Cap_ESR_Increase
23.675791160749903,12.15625855843181,0.6501536441838752,2.333299270460382,0.5134467725236843,55.242706242950106,0.5134467725236843,No_Fault
25.004712191233672,15.249245257254303,1.159731532260757,1.0599347052178192,0.6776165113123709,26.50336224547167,0.6098548601811338,Cap_Degrade
22.284030658133023,10.21747106403434,0.8235776040395119,1.3268247909283584,0.45851090499668024,29.567004319018476,0.45851090499668024,Overcurrent
22.320720056327612,11.602105006934023,0.8412020723921535,0.7634602236734892,0.5775453369313578,17.040981926757215,0.519790803238222,Cap_Degrade
23.419085167343937,11.029045889719688,1.278109503173719,1.311739516307174,0.4957290989900485,30.719739449768245,0.4709426440405461,Cap_ESR_Increase
25.766902846475702,1.3013071476796036,0.048349970976661015,1.1155628625676064,0.5050304863696846,28.74459989891584,0.050503048636968466,Switch_Open
24.674290586891658,10.045143676166592,1.312033293025994,0.6747729026842632,0.40710972584164695,16.649542680991875,0.40710972584164695,No_Fault
24.714679826690258,1.191198906262869,0.03279592548314136,1.0272031004729643,0.48198031073679987,25.386995745172857,0.04819803107367999,Switch_Open
23.44767996335146,1.144983036560597,0.06449741348835192,0.7406154194627108,0.48831399880508286,17.365713331484944,0.04883139988050828,Switch_Open
24.374643164834154,1.4202056674541774,0.028211762402871043,0.9788040726012166,0.5826570086995735,23.85799999794108,0.05826570086995735,Switch_Open
22.040524736110974,14.90503708876807,1.38810776049121,2.2181048678412356,0.6762559996744455,48.88819520694292,0.6762559996744455,Inductor_Short
24.54438418563817,10.596510437705746,1.1561497145031654,1.2678552680910855,0.4317285109930017,31.11872679181288,0.43172851099300175,Overcurrent
25.653147790304946,8.128974280025952,1.3549256565110712,1.0283237859437826,0.3168801874325194,26.379742057101762,0.3168801874325194,Overcurrent
24.450293873379277,1.2188912828580298,0.037633981386967455,0.8214928281232174,0.49851805020025586,20.085741062486118,0.049851805020025584,Switch_Open
25.494794373865382,13.200810195225163,1.2407874087433695,1.8018130075460703,0.5177845328596674,45.93685212754302,0.5177845328596674,Core_Saturation
24.895892221864376,9.14615878926795,1.03712074828674,1.013992550187764,0.3673762204527661,25.244249243247978,0.367376220452766,No_Fault
22.48223366561476,13.583447288775732,1.0673592097339535,1.2464559300315026,0.6041858425104266,28.023113472859404,0.6041858425104266,Core_Saturation
25.609813229143366,15.995235755876694,1.3111562615875056,1.9320134512818237,0.6939716433765966,49.47850364352018,0.6245744790389369,Cap_Degrade
22.2657753774231,15.103095575849446,1.2736366450057608,1.7943232272616543,0.6783098868033843,39.9519979327009,0.6783098868033843,No_Fault
24.135869890191056,8.686506687599524,0.7098208831623598,0.5353334792341399,0.37884241552946085,12.920739202658496,0.35990029475298774,Cap_ESR_Increase
22.56854849517383,13.205552076710342,0.9638297318166321,1.006817309262683,0.6501452959603042,22.72240526987529,0.5851307663642739,Cap_Degrade
22.046826442923617,11.544108755149892,1.2748277666546213,0.9513951577485101,0.5817974545646738,20.97524392151934,0.5236177091082065,Cap_Degrade
23.688137040510554,10.266077656514106,0.8373295311034148,1.3596802650150228,0.4815386255227646,32.20829244895357,0.4333847629704881,Cap_Degrade
23.180162830616624,11.966629199772498,1.6996602340765974,0.6375011759045374,0.5162443977298916,14.777381062176747,0.5162443977298916,Core_Saturation
23.94400197519041,15.320331899717958,0.5502131214575727,3.894465506379359,0.6398400699929832,93.2490897770583,0.6398400699929832,Overcurrent
24.308799546938204,11.961241465341656,1.108688760529318,0.7067510569874149,0.49205397585534927,17.18026977389377,0.49205397585534927,No_Fault
22.17495628923579,9.464688239188412,0.7179182780006678,0.5109119868249566,0.44928294764205073,11.329450975490026,0.4268188002599482,Cap_ESR_Increase
22.492013180494983,0.0,1.3305833251144512,0.0,0.4972989972103943,0.0,0.0,Short_Circuit
24.2345695858017,0.0,0.8554494635804785,0.0,0.5316519216140196,0.0,0.0,Short_Circuit
23.372669412690634,0.87795006218426,0.03907769313640979,0.5945848101024868,0.3756310615113395,13.897034204332861,0.03756310615113395,Switch_Open
24.916693950197793,16.45406506203132,2.68177795342297,1.991558212690051,0.6603630921067962,49.62304646960092,0.6603630921067962,Inductor_Short
24.609166594367757,14.01922155410891,1.1002880461436204,1.7399420113024937,0.5696747795318455,42.818522820682375,0.5696747795318455,Inductor_Short
25.382417451959626,0.0,0.8966087993343448,0.0,0.5533075669349955,0.0,0.0,Short_Circuit
24.7699713066769,0.0,0.8700035405750314,0.0,0.33979849047225524,0.0,0.0,Short_Circuit
23.719724309560593,23.719724309560593,1.5696007484991017,0.843865380967476,0.5416695752690367,20.01625419093085,1.0,Switch_Short
24.69186648957773,8.172144868073481,1.552929765201625,0.9526292116090735,0.3483842648953969,23.522193307122937,0.33096505165062706,Cap_ESR_Increase
23.101524697021674,23.101524697021674,2.5018567870334447,0.44449638505544686,0.33147907007815963,10.268544217095261,1.0,Switch_Short
23.22525399511285,1.1866347992807866,0.02819615820959694,1.1423581666982994,0.5109243582569573,26.53155857495947,0.051092435825695726,Switch_Open
25.155940639683173,25.155940639683173,2.4293748988699084,0.9508510089687069,0.46111421361859795,23.91955153879964,1.0,Switch_Short
23.78567806560633,12.737804030745345,1.540948699693191,0.6537123867220219,0.5355241080624893,15.54899237806916,0.5355241080624893,Core_Saturation
25.19352136207341,0.8457184647390241,0.07004339472007896,0.9796819536201563,0.3356888672228954,24.68163822656722,0.03356888672228955,Switch_Open
25.289689494673112,11.946677983150074,1.2194184260225378,0.7552196960098263,0.47239322513890336,19.099271612349927,0.47239322513890336,Core_Saturation
25.430249350645134,0.940702270390495,0.053708099980479145,0.576171804027932,0.36991468601806315,14.652192645241353,0.03699146860180632,Switch_Open
25.66654094336483,25.66654094336483,2.001510549481972,2.1448225457619086,0.6948400343696466,55.050175687050015,1.0,Switch_Short
23.723940882053185,0.0,0.9895609062276057,0.0,0.5244600849740697,0.0,0.0,Short_Circuit
23.275467273284555,13.382805845696815,1.434158099275819,1.305253891579357,0.5749747443763469,30.38039423678263,0.5749747443763469,Core_Saturation
24.328794986376455,10.465452350131446,0.7056294755322813,0.6312629750412719,0.4301673122730431,15.357867502269182,0.4301673122730431,No_Fault
23.48468969375051,0.7935372514331381,0.06278549612461963,0.5534794073541565,0.33789556591173764,12.9982921335933,0.03378955659117376,Switch_Open
24.40429666720093,16.847465817858982,1.9026720654785774,1.3877939508475634,0.6903483451134146,33.8681352894308,0.6903483451134146,Inductor_Short
24.8223434505753,10.288951072017293,1.4585162750026057,1.2329148349439232,0.41450361415327325,30.60383547828742,0.4145036141532732,Overcurrent
24.75362007396855,11.62240074220047,0.7608084271927763,1.3629583824627558,0.4695232740694297,33.73815397611377,0.4695232740694297,No_Fault
23.498211548080484,13.157719428277073,1.182743839627041,0.8070077625892821,0.55994556868103,18.96323912626606,0.55994556868103,No_Fault
22.66744080679501,6.321745849854232,1.4407170796391084,0.3906519426537014,0.3098789190744445,8.855079786162255,0.27889102716700004,Cap_Degrade
23.72211735384883,13.324554070756278,1.1634583230160924,0.8143900244924566,0.6241036522069148,19.31905573281388,0.5616932869862232,Cap_Degrade
22.570376576327636,10.453879527780952,1.3712729076173946,0.6932467724534237,0.5146312760114481,15.646840714597488,0.4631681484103033,Cap_Degrade
25.560388140735235,9.987019549892544,1.460229055732707,0.9453643222266979,0.41128687482752885,24.16387901051749,0.3907225310861524,Cap_ESR_Increase
23.38350984295143,0.0,0.8601177154890038,0.0,0.32464319411698767,0.0,0.0,Short_Circuit
22.617838988893297,8.25549689552847,2.200247879878993,0.7719815315414049,0.3649993661897766,17.46055398280275,0.3649993661897766,Inductor_Short
22.101791039623002,14.543277840593337,0.6562613398113556,1.9950473691610928,0.6580135435413748,44.094120067348086,0.6580135435413748,Overcurrent
24.583289545145938,14.120879716343797,1.5532888240433993,1.9040810654727671,0.5744096895743563,46.808576149947015,0.5744096895743563,Core_Saturation
24.547609269818974,9.818078708384666,0.7304219718143372,0.4982093414200326,0.3999606886547559,12.229848247752798,0.3999606886547559,No_Fault
23.362416666325167,7.240673863527338,1.3681104964476904,0.48983710806582453,0.3262403059780118,11.443778617261541,0.30992829067911115,Cap_ESR_Increase
22.286847555390604,12.842709541248949,1.5420876328381867,0.7878642359799191,0.5762461249546544,17.559010121628745,0.5762461249546544,Core_Saturation
23.63851557958093,11.878707140481936,1.0023500988948266,2.0886307203451344,0.528963090387106,49.3721298228698,0.5025149358677506,Cap_ESR_Increase
23.244869980253576,23.244869980253576,1.5375941923339551,0.6525128037306056,0.461807809783294,15.167575283168647,1.0,Switch_Short
24.708482558940037,10.45594664650448,1.6485683300254157,0.6621958970484132,0.4454445796760255,16.36185577282237,0.4231723506922242,Cap_ESR_Increase
24.423116997810762,24.423116997810762,1.1434210417698654,0.6264710196075517,0.38672571037164327,15.300375007613034,1.0,Switch_Short
23.45837491279016,23.45837491279016,1.08712136114484,1.4203235500471536,0.567844502615007,33.318482334471206,1.0,Switch_Short
22.87157021701996,15.741751847147505,0.7172574004938645,2.5502316322740795,0.6882672111175482,58.32780184722204,0.6882672111175482,Overcurrent
25.952143864622368,9.129232190299994,1.6181797044906017,1.4436559179543391,0.3702860983347303,37.46596607376448,0.3517717934179938,Cap_ESR_Increase
23.81600648478446,0.0,1.4792381683199844,0.0,0.5388466480062013,0.0,0.0,Short_Circuit
24.753096943120948,24.753096943120948,2.3098554695442717,1.3428908552654777,0.46967402229839045,33.24070752441697,1.0,Switch_Short
22.562211870313444,10.799977793127079,1.3801066672064048,2.1101012033694246,0.4786754886978659,47.60855041822432,0.4786754886978659,Overcurrent
23.942358798637592,9.13582869764855,0.785357903924875,1.292734758386023,0.40165891205112575,30.951119416748238,0.3815759664485695,Cap_ESR_Increase
22.110146879477863,13.93058538234483,1.4720420941766235,1.6484308947029496,0.6300539502645676,36.44704920255132,0.6300539502645676,No_Fault
24.0218204716418,11.869235343765782,0.6427848501395647,3.860837001113889,0.49410224165889643,92.74433331102975,0.49410224165889643,Overcurrent
25.85606962847081,13.376956708923977,0.6011251881816583,0.7115962509590191,0.5173623408793057,18.399082212155186,0.5173623408793057,No_Fault
23.5368268519432,23.5368268519432,1.2244230784945458,0.7664531577952924,0.42190436511893026,18.039875265152897,1.0,Switch_Short
22.155984050299647,8.25805340130045,1.6096918849088468,0.7540823391151741,0.37272338626677987,16.707436278048448,0.37272338626677987,Core_Saturation
22.123823163677375,7.3974134437120425,2.5619488014361047,0.567920505624243,0.3343641552811282,12.564572837456994,0.3343641552811282,Inductor_Short
23.55194703978748,23.55194703978748,1.7333343557492662,0.9562369381567544,0.5856476563699663,22.521241724956415,1.0,Switch_Short
22.640099745852776,7.712221867329024,1.4778959877861264,0.45512282882169763,0.3784937126751422,10.304026241137914,0.34064434140762795,Cap_Degrade
22.093408385312742,11.453822246058118,0.9344201381183295,1.657007269576068,0.576030141675519,36.60893830417607,0.5184271275079672,Cap_Degrade
25.024854455800707,0.0,0.6504485507732163,0.0,0.45615057841878154,0.0,0.0,Short_Circuit
23.83409203552756,11.114073559794472,0.9659667481861367,1.1319615105316139,0.46630992039586056,26.979274822685287,0.46630992039586056,Overcurrent
23.15697908789062,11.292987112578864,2.3580743308448797,1.0686127489525794,0.48767099843710865,24.745843080548187,0.48767099843710865,Inductor_Short
25.600332732065922,11.445483882210445,1.3322257805043787,2.143981491516762,0.44708340325101725,54.88663955422008,0.44708340325101725,No_Fault
22.464555840802102,0.7643519991047475,0.04793841449782965,1.0594439729502205,0.340247990889036,23.799938290541462,0.0340247990889036,Switch_Open
25.823675315821276,9.850891613698623,1.0936068260491676,2.028780677715629,0.42385272400113827,52.39057350834025,0.38146745160102447,Cap_Degrade
23.25586686950941,13.151047232459693,1.5346894243177067,0.662559751815587,0.5654937442775754,15.408401381318487,0.5654937442775754,Inductor_Short
25.553614689234724,0.0,1.145916526405514,0.0,0.5663137605875483,0.0,0.0,Short_Circuit
24.411771505917848,9.612506986543886,1.6345691383453784,0.536697212250956,0.4144897228959977,13.101729713333432,0.39376523675119784,Cap_ESR_Increase
25.30682943896595,12.249544309576045,1.0981071451755877,0.6143727354897176,0.4840410506230752,15.547826028989226,0.4840410506230751,Inductor_Short
25.93605265284186,9.298332852740216,1.5251837377756847,0.6992417260276648,0.37737889120477497,18.135570223317536,0.3585099466445362,Cap_ESR_Increase
23.153621751274983,8.894436766490575,1.062282502767523,3.2355497225918772,0.3841488326119343,74.91469443433502,0.38414883261193433,Overcurrent
25.84454194163037,7.592038201688325,0.82730852551853,1.28402640773378,0.30921883536264294,33.18507434883666,0.29375789359451077,Cap_ESR_Increase
23.557927579609682,15.517574385879497,1.454889710009258,2.538904253293227,0.6586986199630978,59.81132253064484,0.6586986199630978,Overcurrent
23.542047618947688,23.542047618947688,1.9667086061177979,0.8155722712714084,0.38428266602996247,19.20024124696482,1.0,Switch_Short
23.36154841701802,9.13468199813061,0.8316902516733856,1.2963744624519722,0.39101355077458533,30.28531477115746,0.39101355077458533,Overcurrent
24.16563042939034,9.952387084349235,0.6814976282708411,0.8592445934043524,0.4118405730580527,20.76418729266135,0.4118405730580528,No_Fault
22.61658017271395,7.937587999074407,1.4889044205133242,0.4175227093284485,0.3509632286781716,9.442935829455598,0.3509632286781716,Inductor_Short
24.214845941432046,13.456314675354562,1.999273562387164,1.033424141342343,0.5557051532725451,25.024206374761533,0.5557051532725451,Core_Saturation
24.166819249640017,7.577610629731625,1.2258510102488824,0.5177520912123963,0.3300571812710346,12.512421204453112,0.31355432220748286,Cap_ESR_Increase
25.04760725041948,8.858862041796154,2.826491238976632,0.48022594544972874,0.3536809705305401,12.028510873086177,0.35368097053054004,Inductor_Short
25.334599847750344,14.134241421247253,1.4639369043155717,1.9622501868564468,0.5579026906360371,49.71282328518142,0.5579026906360371,Inductor_Short
23.761765401249697,9.839058811726884,0.6832524312337916,1.2262467106578938,0.4358642481925771,29.13778666270699,0.41407103578294824,Cap_ESR_Increase
23.209332997405976,0.0,0.50608753097559,0.0,0.5831791306804756,0.0,0.0,Short_Circuit
23.037339589268377,12.047835132151425,1.5117930564239905,1.6981755008005532,0.5229698978680568,39.121445694118236,0.5229698978680568,Core_Saturation
22.778495346819486,8.70794647156575,1.6481376234201872,0.722392085755436,0.4024084692246052,16.455004763959423,0.3822880457633749,Cap_ESR_Increase
22.2305903287961,1.245649291538213,0.059748263440931954,1.2687805716713076,0.5603311801957312,28.20574110596056,0.05603311801957313,Switch_Open
23.369791915338855,0.809785426007176,0.040419729598257306,0.7136186987482709,0.3465094721171523,16.677120496641976,0.03465094721171523,Switch_Open
23.080990768523133,23.080990768523133,2.7537171660523434,0.6017348827877959,0.5145641532320121,13.888637274723466,1.0,Switch_Short
25.86566954346563,12.282552233698514,2.5634445319759194,1.6709670441932318,0.4748592420180138,43.22068138312366,0.4748592420180138,Inductor_Short
24.230835305000177,9.865570858623945,0.5154151660765393,1.504794787685897,0.40714943312697627,36.46243466823967,0.40714943312697627,Overcurrent
23.38910815612203,1.2667587734423573,0.06584302402705113,1.9539497428944412,0.5416019990958,45.70114186818492,0.05416019990958,Switch_Open
24.321870403974785,1.5773546205804494,0.040026337861924804,1.6132585446875725,0.648533436936113,39.2374652519961,0.0648533436936113,Switch_Open
22.55678680538278,14.201881363975573,0.6496734645836011,1.222024626653513,0.6995618799052307,27.564948974350784,0.6296056919147076,Cap_Degrade
23.776174996808813,12.912962077518124,1.089496259605612,0.6725684570807978,0.5431051074973697,15.991105332886747,0.5431051074973697,Core_Saturation
24.504937285684257,11.318398013539008,0.968579804375139,1.0414020213483663,0.46188234973166803,25.519491222326536,0.46188234973166803,No_Fault
23.955591327169806,0.9344665100853462,0.04624339635340055,1.5643271071903586,0.39008284008648064,37.47438088186598,0.039008284008648066,Switch_Open
23.607115202617297,9.509853360982309,1.5777745987484535,0.8787176851490649,0.4028384357580447,20.74398962389117,0.4028384357580447,Inductor_Short
25.975393555598792,12.77423076653211,0.6722183222070327,1.7776261689326336,0.49178199125990624,46.1745393327565,0.49178199125990624,No_Fault
25.52125904859571,0.0,1.2622307896421692,0.0,0.4469110805122837,0.0,0.0,Short_Circuit
24.49362383263776,16.301138817782057,1.490109783734917,2.284454959178972,0.6655258090499776,55.954580432733586,0.6655258090499776,Overcurrent
24.27750944472913,24.27750944472913,2.555583160839381,1.8065421363608247,0.44731818706228377,43.85834377780106,1.0,Switch_Short
24.482641919298338,11.001956656474489,0.7959369676715412,0.9190617897789836,0.4493778364581742,22.5010607008683,0.4493778364581742,No_Fault
22.805248431289733,0.0,0.7448089614121334,0.0,0.45341380497359074,0.0,0.0,Short_Circuit
23.580550973057274,14.965351498182965,0.7176658760659382,1.3211083568917439,0.6346480841470632,31.152462950617707,0.6346480841470632,No_Fault
22.157838131563597,12.41537634796417,0.6366950744890363,2.3483303033086,0.5603153283387607,52.0339227401576,0.5603153283387607,No_Fault
23.902184149947306,13.042646028777629,1.051330549692301,0.6592925363757781,0.545667540127557,15.75853161313968,0.545667540127557,No_Fault
24.172098335830654,9.9582844639236,1.2159404091486785,0.9976841704160306,0.43365720895354487,24.11611987539792,0.4119743485058676,Cap_ESR_Increase
22.91099894441284,14.368900376139399,1.2055026606631372,1.7230283809401257,0.6271616707329757,39.476301416912584,0.6271616707329757,Overcurrent
25.856115388662054,0.8153610786985672,0.0590106685466834,0.8248720695449654,0.3153455445422804,21.327987411039096,0.03153455445422804,Switch_Open
25.63781844374897,16.6214814554185,0.7923333112833825,1.3708154139583875,0.6483188689352453,35.14471670295772,0.6483188689352453,No_Fault
24.888572941823625,12.571217195320676,0.8303110053968465,1.1611037096106518,0.5050999599175718,28.898214369666704,0.5050999599175718,No_Fault
24.13354651506145,10.530313172522435,1.2996659889865718,1.0933560349481035,0.4593000939453651,26.38655872694321,0.4363350892480969,Cap_ESR_Increase
25.47987663859074,12.711067384149318,1.6988952815672567,2.3858135418769257,0.49886691228707425,60.79023472970331,0.49886691228707425,Inductor_Short
22.52260937529385,0.0,0.712623189619313,0.0,0.5669662122135324,0.0,0.0,Short_Circuit
25.16203917709954,7.6770934179921495,1.3115042305451095,0.41854470546388756,0.30510617060715894,10.531438276249927,0.30510617060715894,Core_Saturation
22.499283255867393,14.593501813012695,0.7720841575779777,0.9503514439417404,0.648620742583299,21.3822263298678,0.648620742583299,No_Fault
25.17684265019762,11.449446634374107,0.6471439933404356,1.678244484271312,0.4786958101245571,42.25289730906088,0.45476101961832915,Cap_ESR_Increase
23.10307027300543,10.100352924269231,1.3301389022766537,1.456712505658332,0.4371866078800313,33.654531385790264,0.4371866078800313,Overcurrent
25.508362324072756,9.06307588837779,2.0296670837355544,0.49300156004644186,0.35529822625362284,12.57566241999775,0.35529822625362284,Core_Saturation
25.77616837530159,12.263943906421737,1.439500600333759,0.7911961232406685,0.47578614974337685,20.394004490537338,0.47578614974337685,Inductor_Short
22.595183877620464,10.13792118769298,0.5647721995252017,1.5579450401730888,0.49852910851375154,35.20205465393774,0.44867619766237643,Cap_Degrade
23.850702420261573,11.00611360339294,2.477654874702359,0.6108572925783513,0.4614586777973911,14.569375506532916,0.461458677797391,Inductor_Short
25.92394951265074,13.333144371518646,0.7115286258634137,1.555639572069845,0.5714640375307588,40.32832172622027,0.5143176337776829,Cap_Degrade
23.93362974389259,10.64904551533831,0.9827790383805464,0.9490633030062926,0.4683586115036904,22.71452969766835,0.44494068092850586,Cap_ESR_Increase
25.45419009005818,17.425099339989448,0.5641352522373833,2.7032125704565613,0.6845670311386293,68.8080866222361,0.6845670311386293,Overcurrent
24.35492608852528,13.144621687800973,1.0894043771376527,0.7402251644036009,0.5397110071294368,18.028129167916173,0.5397110071294368,Core_Saturation
23.501319631678406,13.177003242615179,1.2929022783296358,0.7716363424207842,0.6229911742607636,18.134472322650094,0.5606920568346871,Cap_Degrade
23.14313422210348,7.955275604087849,1.3043964469152018,0.4199188417641137,0.34374236124379154,9.718238117337116,0.34374236124379154,No_Fault
22.81289236434435,1.0469213110609763,0.03535424124438552,2.0450427010230707,0.45891651717836224,46.653339018927355,0.04589165171783623,Switch_Open
25.04719276551079,1.0888993553959663,0.04179569225533448,0.5783303736885381,0.43473908057886107,14.485552351926703,0.04347390805788611,Switch_Open
23.546162027292112,12.42749844128901,0.6342384190937436,2.1368494182717295,0.5277929552546367,50.314602630551036,0.5277929552546367,No_Fault
24.045101848803004,15.495755471944198,0.5741726302849224,3.448633989519324,0.6444454080245702,82.92275551723597,0.6444454080245702,Overcurrent
23.969301920004728,23.969301920004728,2.984343428896819,0.6241248908342982,0.33133528710480264,14.959837944197286,1.0,Switch_Short
24.309116116932525,7.998426512212479,2.3111879024896784,0.6556686363155543,0.3290299192178843,15.93872501442561,0.3290299192178843,Inductor_Short
25.46230858249821,14.669201993452234,1.0420965091983188,1.158376969606913,0.6401270832630395,29.49495185499037,0.5761143749367356,Cap_Degrade
25.922957374333716,0.9983968695298355,0.06327492502026498,0.8189156618609567,0.38514003441534295,21.228715795595864,0.03851400344153429,Switch_Open
23.630336834295267,13.410246914960686,1.3400771596877241,0.7052221383992702,0.5675013017799254,16.664636673376748,0.5675013017799254,No_Fault
25.31007568842521,13.089137354384723,1.9600721520670912,1.5205371154847696,0.5171512529443221,38.484909479979265,0.5171512529443221,Core_Saturation
25.05811117861887,15.865729473843157,0.7748091739348149,1.7415021298610196,0.6331574379548918,43.63875398785898,0.6331574379548918,Core_Saturation
24.294115805822294,7.6534240737442945,0.6868078981904985,0.4520638625259079,0.3500355639345614,10.982491827831735,0.31503200754110533,Cap_Degrade
25.82418857444773,25.82418857444773,2.309810604235662,1.4774403376223166,0.3519131862890445,38.15369788625443,1.0,Switch_Short
22.80189806211361,0.0,0.8757593478039629,0.0,0.522727344111323,0.0,0.0,Short_Circuit
22.437056841238487,0.0,1.4824826510611069,0.0,0.6785514613433483,0.0,0.0,Short_Circuit
25.41584786782169,11.251574201379665,1.2819452719020796,0.9412416641990934,0.4659991033483017,23.922454944139467,0.44269914818088657,Cap_ESR_Increase
23.756599266534995,10.233792763604535,1.4565489087292065,1.3279018067868966,0.43077684010187794,31.546431089144082,0.4307768401018779,Overcurrent
25.38787541682824,13.777383806675578,0.7014464816457938,3.6297730484196737,0.5426757292791543,92.15222594463954,0.5426757292791543,Overcurrent
25.57236082078166,17.18921518156605,2.727914056230046,0.9662571254364188,0.6721794402180123,24.70947585731139,0.6721794402180123,Inductor_Short
22.249830374476286,14.123550038931251,1.6427046116304507,1.9891244430484611,0.6347711331378494,44.25768145155288,0.6347711331378494,Inductor_Short
25.533859051944244,0.0,1.4895648082378068,0.0,0.6981934442932879,0.0,0.0,Short_Circuit
23.79327622147769,6.617497572061138,0.6576886720731473,1.1996962335150834,0.30902743328095084,28.544703865890778,0.2781246899528558,Cap_Degrade
24.04172995601693,0.8297841002213602,0.05081699094191633,0.6296658341874033,0.34514325788510486,15.138255948063684,0.034514325788510485,Switch_Open
24.50637004437284,1.3326248028983332,0.0646422266918561,0.8856893730173091,0.5437871053466488,21.705031519530745,0.05437871053466488,Switch_Open
25.705530426920348,16.149000179640193,0.9326424806040359,0.8446869994970353,0.6282305757335398,21.713127366795092,0.6282305757335397,No_Fault
22.076464377719056,8.227632544261388,0.9680840601876467,0.568165913108156,0.41409773692270657,12.543094541366427,0.3726879632304359,Cap_Degrade
23.90737387327127,0.9459775728487809,0.07431778977528705,0.7212094825503732,0.39568443521368746,17.24222474028028,0.03956844352136875,Switch_Open
24.75088816972224,24.75088816972224,1.8506163006023066,0.8013271845386032,0.6147903197524803,19.833559531873345,1.0,Switch_Short
24.890827830792915,8.028604756054559,1.1040721005990637,1.3186991489579352,0.3225527415412926,32.82351347732511,0.32255274154129254,Overcurrent
24.770129726148433,24.770129726148433,1.1090793213503014,0.8265636658098212,0.44775305903303403,20.47408922903007,1.0,Switch_Short
22.537740517632486,1.1321240959374281,0.067110504010513,0.8120545775962312,0.5023236890369319,18.301875356019515,0.05023236890369319,Switch_Open
23.197582353486723,12.158768514009513,1.1481680489795436,1.0905022554713821,0.5241394697401294,25.297015877960405,0.5241394697401294,No_Fault
23.434862101668053,13.860456920350005,1.808040205725627,0.7885456782558777,0.5914460627171108,18.4794592307928,0.5914460627171108,Inductor_Short
25.21774883071802,10.030219902060221,0.5161695399545198,1.4329141094873996,0.44193828937226326,36.13486810904522,0.3977444604350369,Cap_Degrade
23.115039489658212,11.339460878073323,1.091668820593504,0.945714042578716,0.5450737378698428,21.86021744013133,0.49056636408285853,Cap_Degrade
22.84281985546881,1.2201496088893726,0.02563289142420811,0.7706127502220421,0.5341501691163825,17.60296823164949,0.053415016911638254,Switch_Open
25.829792076152383,12.736518548330483,0.5513239752999197,0.722366369576871,0.5190464402614988,18.658573128975625,0.4930941182484238,Cap_ESR_Increase
22.035453140453875,1.225597177944768,0.05580492810746773,0.6712373170769694,0.5561933172568848,14.79101844657354,0.05561933172568848,Switch_Open
25.991283422727914,10.49475180242725,1.3780341346691085,0.8308657357841702,0.4037796684272305,21.595266824999733,0.40377966842723056,Inductor_Short
24.707285195429584,8.248761917130103,1.3837750994361906,0.5631545297248635,0.33385950143385157,13.91401957501023,0.33385950143385157,Inductor_Short
25.31387719779647,8.801854543014908,1.1532715658327437,0.8065058212128323,0.34770866881589735,20.415789317489633,0.34770866881589735,No_Fault
23.178477585384773,0.0,0.5536971879393743,0.0,0.3898329530615604,0.0,0.0,Short_Circuit
22.05726111066824,11.03037692153778,1.6268111229491127,0.5932227976509462,0.5000791742091141,13.08487014458803,0.5000791742091141,Inductor_Short
24.95147807424612,15.873558967437083,1.2988638042840381,0.8371883031368694,0.636177100218408,20.88908558973491,0.636177100218408,Inductor_Short
25.336578388002703,14.708323010323504,1.0801763697965339,1.5960235182878428,0.5805173368353536,40.4377749801958,0.5805173368353536,Overcurrent
24.961904527814077,24.961904527814077,2.3235303094547914,2.171834807874364,0.6156162416808189,54.2131331243433,1.0,Switch_Short
22.571401149203353,9.940224985252103,1.2211358535990435,1.1199458298828844,0.44039024957043654,25.27874659166404,0.44039024957043654,Overcurrent
25.013711689027875,1.1552870317701645,0.03776156084592827,0.6009152832858717,0.46186149665942006,15.031121645643307,0.046186149665942006,Switch_Open
25.075691128430563,11.471445488912618,1.178499503273168,1.1010390433793316,0.45747275439624513,27.609314972122778,0.45747275439624513,Inductor_Short
24.63416206268022,9.280902666845272,0.8680254854128467,0.7262225855303984,0.37674927376180056,17.88988486553448,0.37674927376180056,Core_Saturation
25.064463731182343,0.8133084202468203,0.04630757742253619,0.4874071187921962,0.3244866632574288,12.216598051287086,0.03244866632574288,Switch_Open
25.38368575871093,13.614957091649911,1.445844409062715,1.013683469119187,0.5363664371308907,25.731022638921395,0.5363664371308907,No_Fault
24.454416456949833,17.012611634096835,0.7177290342470246,0.8548083366833272,0.6956866733682344,20.90383905612667,0.6956866733682344,No_Fault
22.354418855878716,0.819807809758795,0.03783708006707747,0.6926567728944261,0.3667318819801051,15.48393962464326,0.03667318819801051,Switch_Open
23.950511238668845,6.869163143762791,0.6008888021058589,0.48585747968782533,0.3186739279597095,11.636535027654581,0.28680653516373855,Cap_Degrade
22.31059733868642,0.0,1.1055702738939304,0.0,0.6118126727295732,0.0,0.0,Short_Circuit
23.63017212412972,23.63017212412972,2.3597457478943498,0.7635263426051445,0.4010344026738897,18.042258897066805,1.0,Switch_Short
23.62842595650251,0.0,1.14293120816076,0.0,0.6318575221411713,0.0,0.0,Short_Circuit
22.264039376560966,12.948201282352903,1.3611302430447814,0.98149547564794,0.5815746668138061,21.85205391774217,0.5815746668138061,No_Fault
23.395282135877917,15.868304323858242,0.9864258350260717,1.420012738703885,0.6782694148203218,33.221598658518076,0.6782694148203218,No_Fault
22.44399239516526,1.0404381626349057,0.031722852038353226,1.5722870326420768,0.4635708943026688,35.28839820363572,0.04635708943026688,Switch_Open
25.23294084003689,14.251260570709695,0.7894051307044126,1.3073107369121668,0.5647879357802537,32.987294484049734,0.5647879357802537,No_Fault
25.790752103857884,11.279526657891001,1.162429973421352,0.7828578139466261,0.48594191232530826,20.19049181206553,0.4373477210927775,Cap_Degrade
22.289265901031754,0.0,1.1131219737415599,0.0,0.5522354789234174,0.0,0.0,Short_Circuit
25.820460829166805,12.389678625313653,1.0310031297429625,1.4118984468324576,0.4798395624030949,36.455868541198925,0.47983956240309494,No_Fault
24.090306397346982,8.592536596098702,1.301260860557556,0.8757076706364251,0.37545289856962993,21.096066100138493,0.3566802536411484,Cap_ESR_Increase
23.198262711815495,11.672413888384119,1.7060862755599489,1.5969012608538244,0.5031589664013524,37.04533497411642,0.5031589664013524,Core_Saturation
22.307448301104653,10.83834136942647,1.519457378411447,0.742718357436799,0.511433680574977,16.568151360802762,0.485861996546228,Cap_ESR_Increase
24.00249707228167,1.4983355719542408,0.05430081887391483,0.7722254156134782,0.6242415393040643,18.53533827740401,0.062424153930406436,Switch_Open
25.178062177962996,14.961013078848902,1.9179020380508347,1.0237254043912165,0.5942082823174324,25.775421884922363,0.5942082823174324,Core_Saturation
24.828345909066794,14.040842993023782,1.4974143119329357,0.9848973959990222,0.5655166495765777,24.45337323280286,0.5655166495765777,Inductor_Short
22.200904045855896,7.2838301438612945,1.2960008430479748,0.5763786267830961,0.345354838221029,12.796126587293704,0.32808709630997757,Cap_ESR_Increase
22.291607341471614,11.801664324520928,1.4021941183826758,2.0725936521836292,0.588246516265486,46.20144387290406,0.5294218646389374,Cap_Degrade
23.611493130530548,23.611493130530548,1.7714646557996665,0.7406985184678682,0.5001220625418059,17.488997980598224,1.0,Switch_Short
23.181161976191774,13.720369554525107,1.2791041873386466,1.0865322594878235,0.6576398144424637,25.187080299544867,0.5918758329982172,Cap_Degrade
22.92953729222419,13.784172428645107,1.2247893011954354,1.0263765991940494,0.667948373652217,23.534340507086196,0.6011535362869953,Cap_Degrade
23.124017995634855,7.075013086344283,0.6154788165590048,0.4029496346272958,0.3220626362407142,9.317814602456078,0.3059595044286785,Cap_ESR_Increase
25.213930973187537,15.840819154558957,1.6222624644361083,0.9451894456682489,0.6282566241417915,23.83194143966462,0.6282566241417915,Core_Saturation
25.716912214527415,0.8102857856444858,0.03150946746004012,0.48480252144675157,0.3150789561690682,12.467623885427654,0.03150789561690682,Switch_Open
23.620410778110266,10.555202187097649,1.4673191722305912,0.5582472023356819,0.446867850278009,13.186028234899643,0.446867850278009,No_Fault
25.624444008529988,12.583497979660262,1.4425482529707219,0.667326875393702,0.5169199902484316,17.099880153913183,0.49107399073601,Cap_ESR_Increase
23.285982804991527,7.9470007065125685,0.6706961813718322,0.6097468448978535,0.35924031945085094,14.198554545689252,0.34127830347830834,Cap_ESR_Increase
23.90574794537517,13.59279032317468,0.6839271974124463,2.15705060186168,0.5985255250276307,51.56590799352512,0.5685992487762491,Cap_ESR_Increase
22.904115991264,6.947777642751743,1.094473854912619,1.1689758014148064,0.3033418816688554,26.774357346585518,0.3033418816688554,Overcurrent
24.561904168703375,0.0,0.8448891741731833,0.0,0.3674396193736147,0.0,0.0,Short_Circuit
25.915924460699237,25.915924460699237,1.0698117181462186,2.547237452364594,0.5323187319413902,66.0140133989448,1.0,Switch_Short
24.413972384173515,1.4300606999722254,0.05208207539165266,2.443165175072047,0.5857550248149169,59.64736711418341,0.058575502481491695,Switch_Open
23.431256336454197,15.620616704241801,1.7756901993716938,2.6002435661706924,0.6666572410775664,60.9269735361613,0.6666572410775664,Inductor_Short
24.59126978396211,0.0,0.6010764923717427,0.0,0.5821986607738495,0.0,0.0,Short_Circuit
22.49168271386155,12.151719129572863,1.4321124314815812,1.021872089342176,0.5687117081019464,22.983622807635005,0.5402761226968491,Cap_ESR_Increase
25.554636321061594,11.697288728887177,2.122615147918209,1.110487775603152,0.4577364585402657,28.378111244523204,0.4577364585402656,Core_Saturation
24.012335803119345,6.855235685573201,1.3822533274155433,1.0959534252075516,0.30051377021072057,26.31640167066257,0.2854880817001845,Cap_ESR_Increase
23.797398968158568,8.283010818387485,1.983633465024416,0.5182192293015928,0.34806370349424876,12.332269752661652,0.34806370349424876,Core_Saturation
24.343459153814077,11.257380392801355,0.7164905672661174,1.2743577942431727,0.5138218179024157,31.02227691150328,0.4624396361121741,Cap_Degrade
24.49913545115761,13.965780043518086,0.763572950918601,3.1104668467023764,0.5700519543377678,76.20374859369662,0.5700519543377678,Overcurrent
22.28710322490605,1.0407616165175955,0.03542637701495939,0.7039408443849066,0.46697931355858496,15.68880226303394,0.0466979313558585,Switch_Open
24.73046888489361,1.4647154489247154,0.0632531715682782,1.0942828311932378,0.5922716046113561,27.062127508097653,0.05922716046113561,Switch_Open
22.967726721262117,11.68471425050666,2.895834157868994,1.1196373635425292,0.5087449181328715,25.715524992759214,0.5087449181328715,Inductor_Short
24.85581053002636,8.194226944420068,1.2168372067339026,0.560392016640651,0.3296704782377249,13.9289977881594,0.3296704782377249,No_Fault
25.290139177536787,9.52948883779234,2.762933529759112,1.0508546113662336,0.3768065003871795,26.57625937680838,0.3768065003871795,Inductor_Short
25.215834030210083,14.433527270033347,1.1386990948831726,0.9476907187469535,0.6359992892975771,23.896811875893682,0.5723993603678195,Cap_Degrade
24.210003869631556,0.0,0.8876599005587991,0.0,0.5899650986497758,0.0,0.0,Short_Circuit
24.080679569243003,15.842794550767724,1.8515232298606104,2.1459741467134763,0.657904794804998,51.676515790886896,0.657904794804998,Inductor_Short
22.571503845357647,0.783282871384045,0.028766071608370244,0.4680062174643248,0.3470228996483746,10.563604137147294,0.034702289964837464,Switch_Open
25.101384601612544,17.472798053506384,0.5314571952460261,2.23746605452864,0.6960890138460295,56.16349596777597,0.6960890138460294,Overcurrent
23.085637521786857,7.9734656283180545,1.1954756041890775,1.1446875602366875,0.3837626855799734,26.425842091322725,0.3453864170219761,Cap_Degrade
23.986781691271787,7.309059035716684,1.8768577840223613,1.08383734370573,0.30471195051465677,25.997769752317254,0.30471195051465677,Inductor_Short
23.137096371710065,16.172117177207568,1.578322602081944,0.9201257258653976,0.6989691756214216,21.28903759343738,0.6989691756214216,Core_Saturation
22.53531345199877,9.294229280270358,1.0576612476224163,1.1164925208589949,0.4124295541780452,25.160508924369726,0.41242955417804517,Overcurrent
24.518230787566946,24.518230787566946,1.5547516266666028,1.403484399757608,0.5672077810050239,34.4109544200069,1.0,Switch_Short
22.217328139291617,0.823536202197324,0.04879462554147454,0.5537136790552626,0.37067292567052207,12.302038502785173,0.03706729256705221,Switch_Open
24.9945809365048,12.634431790597782,1.0678362438344726,1.938009510064744,0.5320914128796567,48.43973555502926,0.5054868422356739,Cap_ESR_Increase
23.270347181044468,1.5395987353756713,0.044421361061392856,1.2213497999390328,0.6616139945818237,28.421233874080496,0.06616139945818238,Switch_Open
22.00053877201794,8.476042416153403,1.3206753834010705,1.7833566108595813,0.4280724669713754,39.23480626155073,0.3852652202742379,Cap_Degrade
24.04451655694892,13.659728096828452,1.4267460055313939,1.2561792031644603,0.5681015904177437,30.204221648982767,0.5681015904177437,Core_Saturation
22.187407634110414,8.323859698466217,2.2072890490119756,1.35952081807231,0.3751614355193666,30.164242577629604,0.37516143551936665,Inductor_Short
23.104678231283597,11.435113915648339,1.395520120380826,1.0477005457763098,0.5499181594874901,24.206783992901848,0.4949263435387411,Cap_Degrade
24.827905949822863,10.78971486163084,1.3662336228589225,1.905430602002892,0.434580140727004,47.307851780442164,0.434580140727004,Overcurrent
22.250758486487463,8.55504512682308,2.0856333056687477,0.7333456057398295,0.38448330343518067,16.3174959604438,0.3844833034351806,Core_Saturation
25.35735396942401,10.244603765579468,0.8470054961115154,1.8985653671429594,0.425272820281454,48.14259404873348,0.4040091792673813,Cap_ESR_Increase
22.015279690634333,8.179478364538738,0.5349824883080628,0.7846590588561388,0.3715364274031197,17.274488642507805,0.3715364274031197,No_Fault
22.98729547680761,15.189233469506958,1.5221335997906584,0.9291609464010436,0.6607664431351531,21.35889722043099,0.6607664431351531,Inductor_Short
24.963616224608288,1.1455173267169656,0.038935367281035436,1.0874769836047913,0.4588747545268515,27.14735807180465,0.04588747545268515,Switch_Open
23.265080598917226,9.26210129946519,2.1140404900874517,0.5889082565845685,0.3981117219897469,13.700998054807812,0.3981117219897469,Core_Saturation
22.407569552264054,10.741362819817247,2.2984854656759413,1.0188938103092884,0.4793631364063731,22.830933920876717,0.4793631364063732,Inductor_Short
23.44093567520171,0.0,0.5817039596022288,0.0,0.4282144667225982,0.0,0.0,Short_Circuit
23.0815731455381,12.417677034117391,0.6353785960111011,1.0251915306094033,0.5977677015253303,23.663033301947106,0.5379909313727974,Cap_Degrade
25.37084760864222,1.7467523234162987,0.03278380627709877,0.9069218848284046,0.6884879647541977,23.009376932924024,0.06884879647541978,Switch_Open
23.253391670340573,23.253391670340573,2.2608434963378463,1.6659852572922529,0.47521346267905873,38.73980770482987,1.0,Switch_Short
25.15572988710403,0.0,1.2354140255070032,0.0,0.6444133599888962,0.0,0.0,Short_Circuit
25.56748857924294,0.0,1.3596439105653961,0.0,0.5263452294238478,0.0,0.0,Short_Circuit
23.735269678306118,8.613393269115617,2.881273101612486,0.4477640330212274,0.36289426603769337,10.627800076004798,0.36289426603769337,Inductor_Short
25.639772575417567,14.774895789576012,1.0525568360796627,0.7444830043419681,0.5762490968325366,19.088374917591672,0.5762490968325366,Core_Saturation
23.50927221585277,23.50927221585277,1.6195449694480981,0.9688893266522324,0.5053737988503281,22.777882927301626,1.0,Switch_Short
25.856313665960432,14.485808635118675,0.7403228807448307,1.205019410169828,0.5602426093008414,31.1573598429217,0.5602426093008414,No_Fault
22.357158098102293,14.663500285733196,1.2881423511992067,0.9992533777725213,0.6558749650286659,22.340465746922995,0.6558749650286659,Core_Saturation
24.74807706601297,11.784386598656756,1.4146651074237493,0.8837502511120036,0.4761738282624184,21.87111932162818,0.4761738282624184,No_Fault
23.975256161827716,15.043214464419298,1.1826238236332978,1.0912144209544845,0.6604710492869422,26.16214526986427,0.627447496822595,Cap_ESR_Increase
23.55059522182259,14.136659406911502,1.8572878459867488,0.7806000073599317,0.6002676057126619,18.383594803485487,0.6002676057126619,Core_Saturation
24.530847514994402,12.153611427213514,1.980238472253564,0.7504734308972502,0.49544197035119386,18.409749297395134,0.49544197035119386,Inductor_Short
24.815428366537326,13.432314788573139,0.5288579133361245,1.0786269384195575,0.5412888542631854,26.766589524567994,0.5412888542631854,No_Fault
22.017453078601235,0.9472622846986445,0.028209774299890716,0.7941523428352831,0.43023245300760454,17.48521194563709,0.04302324530076046,Switch_Open
22.667812354988794,15.718743315837518,1.0379230312678858,1.0770669499007939,0.6934389198955097,24.414751514111313,0.6934389198955097,No_Fault
24.852184202537273,14.089708873523554,2.4375780696400513,1.190452169658813,0.5669404652201584,29.585336604670974,0.5669404652201584,Inductor_Short
24.665541654312825,0.7832265042960301,0.035766526376436576,0.6600210223259233,0.3175387409986519,16.279776018902197,0.031753874099865194,Switch_Open
25.86419002051471,0.0,1.221909573992304,0.0,0.43064876229920346,0.0,0.0,Short_Circuit
25.044151161003132,13.757397708259703,1.3106657734835125,3.615153405784805,0.549325773503623,90.53844836468996,0.549325773503623,Overcurrent
25.803090830925353,8.32235632282062,1.3678462175431667,0.6750937496396228,0.3225333111196959,17.419505341341164,0.3225333111196959,Core_Saturation
24.81016200613923,24.81016200613923,2.4928384656882097,0.44291606760261154,0.3095536765276571,10.988819392342908,1.0,Switch_Short
23.19220883455777,11.132485107864069,1.8080599006569198,1.2125694564432907,0.480009695811121,28.122164060239,0.480009695811121,Inductor_Short
22.421459689003427,9.224687803470449,1.2961856924005222,0.7562664524155666,0.433076071877068,16.956597776981255,0.41142226828321454,Cap_ESR_Increase
25.12729545337974,25.12729545337974,2.527994098639086,1.1738731891523009,0.47531944321326636,29.496258448630986,1.0,Switch_Short
24.576596885903662,0.9955422098388962,0.07459633091540555,1.514810019396048,0.405077323952002,37.22887520542458,0.040507732395200204,Switch_Open
22.192744049573186,8.120038734203131,0.8453966620635961,0.4191100813236362,0.36588709877719233,9.301202763411261,0.36588709877719233,No_Fault
23.440201863603914,23.440201863603914,1.822081561149223,0.7572077721756868,0.575657342792135,17.749103032487902,1.0,Switch_Short
25.827199261937146,1.306413208029551,0.033281002970508566,2.114831630101259,0.5058284465071202,54.620177916072564,0.05058284465071203,Switch_Open
24.001604582840805,9.122090268451316,0.7040730584018069,1.154928226937167,0.3800616844997467,27.720130624507313,0.3800616844997467,Overcurrent
23.73091654407882,10.152934964402066,1.1933950025983777,0.9940507740098672,0.4278357705039993,23.589735958605115,0.4278357705039993,No_Fault
23.830798420637176,12.790541506696663,2.125568385231714,0.6420069199639421,0.5367231630653303,15.29953749431485,0.5367231630653303,Core_Saturation
22.835530896020654,0.0,0.8946049516612405,0.0,0.3288917393089911,0.0,0.0,Short_Circuit
23.47482868345918,8.427022257591387,0.6798444468355412,1.9640943838204392,0.3589812037064718,46.10677917832913,0.3589812037064718,Overcurrent
23.479253023948708,7.731676735876367,0.7850994993829941,0.5719390333818414,0.329298241642956,13.4287012790449,0.329298241642956,No_Fault
22.20942008074989,13.879264776673823,0.9550517048081386,1.5837678945256009,0.6249269330856475,35.174566479923854,0.6249269330856475,Overcurrent
25.070270514071673,15.066322359785627,1.1859754940480527,1.9100832530689522,0.6009636932848037,47.886303858836655,0.6009636932848037,Core_Saturation
23.666017727615515,1.4230972198403262,0.03667895415609331,0.9098481170030361,0.6013251727517028,21.532481666431448,0.060132517275170286,Switch_Open
25.288719547265693,14.832596150485323,1.2359844887570794,2.5050411729255138,0.5865301373904112,63.34928367646682,0.5865301373904112,No_Fault
25.401392004479582,14.421746220833072,1.0156898424812464,0.7677667155628902,0.5677541694679477,19.50234331000475,0.5677541694679477,Inductor_Short
22.84797621879463,22.84797621879463,2.0784610546729665,1.803971945593812,0.49079676615127,41.217108112300096,1.0,Switch_Short
24.629413928680513,0.0,1.2937668070297539,0.0,0.556911265402846,0.0,0.0,Short_Circuit
23.88912721665193,6.779977011017077,0.7662282863174682,0.6093869539063641,0.31534462191518986,14.557722466037138,0.28381015972367085,Cap_Degrade
25.52062695168594,13.30024012509059,1.2136206616732192,1.194421532164993,0.5485857690627138,30.482386345443935,0.5211564806095781,Cap_ESR_Increase
22.862962716705816,1.3972724406950259,0.058445005280930884,0.7129084263077207,0.6111510822147508,16.299198771098833,0.06111510822147508,Switch_Open
24.711252801240178,12.359168614241135,2.31004939281018,0.6224474386839948,0.500143344153756,15.38145601280464,0.500143344153756,Inductor_Short
24.43100848901089,10.28191366082944,1.0404345976185896,0.7336343607807613,0.44300533137089476,17.923427296064855,0.42085506480234997,Cap_ESR_Increase
23.181205910287332,8.574116650976043,0.8465779878757792,1.379337888803545,0.41097069392039165,31.97471562021599,0.36987362452835254,Cap_Degrade
22.546403614604692,12.56107087128128,1.3359240730278135,0.9975000766060262,0.557120820064833,22.490039332758567,0.557120820064833,No_Fault
24.606559041909108,14.200949151929631,1.2584459569998643,2.1953248867455737,0.5771204794519634,54.01939144187738,0.5771204794519634,Overcurrent
24.954389832529323,16.180102957147717,1.642510346827825,1.2723511217204393,0.648387039945017,31.75074589526781,0.648387039945017,Inductor_Short
23.2625093750534,0.0,0.6030191944422061,0.0,0.43693363298439625,0.0,0.0,Short_Circuit
24.579330416089256,14.941994280181067,0.8577113181682038,2.8294565630271804,0.6079089229542342,69.54614776061734,0.6079089229542342,Core_Saturation
23.580523630446013,23.580523630446013,1.188551955797872,0.7894217354672596,0.5245423296757351,18.614977887573417,1.0,Switch_Short
24.852827533130473,16.23224147704972,1.0828693611920428,2.0696582844098232,0.6531345962712316,51.436860394952035,0.6531345962712316,Overcurrent
22.796861099576212,1.1652042057668761,0.027583108791449484,1.7308320488719653,0.5111248433182483,39.4575378048291,0.05111248433182483,Switch_Open
25.560860010544697,12.312649263771071,0.9206195624604423,0.956254532596834,0.5070519313591869,24.442688242156525,0.48169933479122756,Cap_ESR_Increase
23.149638385862318,1.229594970249252,0.06265998509571147,0.9090994409198244,0.5311508325763636,21.04532331408354,0.05311508325763637,Switch_Open
23.47114395102461,1.4076258611411867,0.03971740832576891,0.9238356466181316,0.5997261420569737,21.68347944886207,0.059972614205697376,Switch_Open
22.2323678083214,15.248651761096431,2.5266161543602594,2.4277560587632587,0.6858761915313843,53.97476564730551,0.6858761915313843,Inductor_Short
22.446048849285106,7.3942973116832675,1.868200557310583,0.5135802627875954,0.32942534168630627,11.527847666559047,0.32942534168630627,Core_Saturation
24.063447610849312,7.34669445608432,0.820409845896538,0.8395535914246671,0.32137384095640686,20.202553863747866,0.3053051489085865,Cap_ESR_Increase
23.070370706911888,14.794316510813381,1.35170439810202,1.2354549249405995,0.6750201349629353,28.502403110059632,0.6412691282147885,Cap_ESR_Increase
25.341920902968777,12.325112609657625,1.372554302099311,0.781561289724474,0.5119502502072825,19.806264385019883,0.4863527376969183,Cap_ESR_Increase
22.058773554619815,1.2043234608939999,0.044872696283351346,0.7727606610450638,0.5459612058267744,17.04615243391138,0.054596120582677446,Switch_Open
23.516376194687744,11.592854818525444,1.4208409674830365,1.7089669730736425,0.4929694406378915,40.18871024309658,0.49296944063789144,Inductor_Short
23.349382187076372,0.7879552118362878,0.05106354034459346,0.5681916481011493,0.3374629810429898,13.266923947018542,0.03374629810429898,Switch_Open
22.077310523670405,12.735825631813182,1.563537346800216,0.6862008082737661,0.6072357513674665,15.149468325853555,0.5768739637990933,Cap_ESR_Increase
22.49747359600204,13.473508768065603,1.7094250986480928,1.8327460517028924,0.5988898580354347,41.23215590636281,0.5988898580354347,Core_Saturation
23.65457069967454,10.045654512132403,1.009383746440892,0.5645654025269972,0.42468132859712476,13.354552228665069,0.42468132859712476,Core_Saturation
23.971458337789787,9.621446123457828,1.301032617206872,0.6518016373250086,0.4224956980913601,15.624635793639612,0.4013709131867921,Cap_ESR_Increase
23.617158989019476,15.000120936875945,0.9272030272818346,0.9030750186505297,0.6351365523622073,21.32806629448129,0.6351365523622073,No_Fault
24.123750713648377,0.0,1.0915287973553731,0.0,0.3289429030965306,0.0,0.0,Short_Circuit
24.380526699622727,15.11153699537175,1.3574704385254188,1.7070520491100618,0.6524420593426263,41.61882806097355,0.619819956375495,Cap_ESR_Increase
22.039695284511343,8.874606759958882,2.02989470302889,0.4773785606993128,0.40266467595836575,10.521278013171456,0.40266467595836575,Inductor_Short
23.856380637814016,12.815502133293482,2.6279679491466172,1.232558421843964,0.5371938991021975,29.404382869852945,0.5371938991021975,Inductor_Short
25.853996963550355,17.435875353790212,2.4443111586332558,2.932749923968489,0.6743976716007111,75.82330762913385,0.6743976716007111,Inductor_Short
24.076129120518196,13.065791463827223,1.2265806740203617,0.981762669948255,0.5712490006146586,23.637044807378878,0.5426865505839257,Cap_ESR_Increase
24.710169069835814,11.509303014407074,1.301585631664703,1.6747466744573736,0.46577192498681463,41.38327347498698,0.46577192498681463,Inductor_Short
23.247455431667532,13.386202945555766,2.6718982218231364,0.7897957090892891,0.575813683562166,18.360740547175503,0.575813683562166,Inductor_Short
25.095965512611052,9.883611080817987,1.4359055853198162,0.750830196117405,0.43759185452654803,18.842808707589388,0.3938326690738933,Cap_Degrade
25.09168592750446,9.27923239779098,0.6369651238092948,0.5689706139117583,0.4109033665396744,14.27643194625324,0.3698130298857069,Cap_Degrade
24.085184190616555,24.085184190616555,1.9764822588668611,1.0032861200716825,0.6986733111738719,24.16433099781551,1.0,Switch_Short
25.904055293116855,15.550621252740338,0.7588887419705045,2.3273433790611837,0.6003160924719151,60.287631577270325,0.6003160924719151,No_Fault
22.502200859050614,12.553707629270475,1.2545233074255646,2.34297072947123,0.557887990952727,52.72199796143795,0.557887990952727,Overcurrent
22.067790659558323,0.9756520185896735,0.06108148180023501,0.5870912954951472,0.4421158572877275,12.955807807035804,0.04421158572877276,Switch_Open
25.080632847028383,8.017383736705815,1.2817702411407974,0.7120157016256042,0.31966433166201924,17.85780439379109,0.31966433166201924,Inductor_Short
25.22862214945953,25.22862214945953,2.7540545425232743,0.40244071663634656,0.31242275041406226,10.153024777576098,1.0,Switch_Short
22.480828916482306,11.727630271931021,1.0214595959670034,0.7313265280614244,0.5216725021795195,16.440826559433876,0.5216725021795195,Core_Saturation
23.062331331834425,13.948399838871108,1.2972590256481076,5.3314488944408325,0.6048130884156204,122.95564088233682,0.6048130884156204,Overcurrent
22.070209453466514,22.070209453466514,1.9139607192560097,0.6244629328571586,0.514951676177542,13.782027724083488,1.0,Switch_Short
23.173234443122258,14.745454168265683,1.2424084403372269,2.264326113440313,0.6363140287756458,52.471759882436224,0.6363140287756458,Core_Saturation
25.092567495674686,7.470109600626751,0.7240631889416349,1.1062792233984968,0.31337061323728865,27.759386082189355,0.2977020825754242,Cap_ESR_Increase
24.071842110850316,10.75291186427579,0.6676142561466294,0.6713275098772397,0.446700830570376,16.160089822435218,0.446700830570376,No_Fault
23.392382372673154,8.312374086872557,1.1618905547009004,0.5138366362939334,0.3948281564696712,12.019863073275873,0.3553453408227041,Cap_Degrade
23.48695717962532,10.68571359546311,1.1554734267418327,0.8622390821766447,0.4789091872628488,20.251372401682293,0.45496372789970635,Cap_ESR_Increase
22.00541450286187,6.876758695649968,0.684293963816356,0.7753738553244232,0.328950557277649,17.062423081095982,0.3125030294137665,Cap_ESR_Increase
23.199202110260945,23.199202110260945,1.2253957208766504,1.5398450451242092,0.681652656628429,35.723176420320414,1.0,Switch_Short
24.585834966551722,9.571318668398565,0.5723105747727915,0.9436062205640684,0.38930216042774435,23.19934681219979,0.38930216042774435,No_Fault
25.896777775265427,0.0,1.2437673473735442,0.0,0.6689231101934339,0.0,0.0,Short_Circuit
25.388243307935596,11.941544609682925,2.423764170458578,1.381540369005861,0.4703572620146727,35.07488302805592,0.47035726201467276,Inductor_Short
22.094379858582116,15.338131781550908,0.5584309908545751,1.0852702762842368,0.6942096533020872,23.97837373345229,0.6942096533020872,No_Fault
25.59424241869936,25.59424241869936,2.120540151193946,0.721414514450265,0.5216233533840843,18.464057967208376,1.0,Switch_Short
25.132793653194504,16.89761021633539,0.8770142328640349,1.759025061546116,0.672333145670323,44.2092139026363,0.672333145670323,Core_Saturation
25.121504494283922,7.590201205693894,1.4037457706089418,1.9461020290002609,0.30213959547768915,48.88901086786511,0.30213959547768915,Overcurrent
23.831983036014286,14.2824007251206,2.1106761287701987,0.8124849485850486,0.59929552247236,19.36312751169582,0.59929552247236,Core_Saturation
23.59202117181801,14.819546282311208,1.3180562887944431,0.9673072651271315,0.6612202612410061,22.820733478532663,0.6281592481789557,Cap_ESR_Increase
23.21166291533277,8.260757555821693,1.4261889214394499,0.4356352479712017,0.3558882267915816,10.111818529944937,0.3558882267915816,No_Fault
22.262779435817464,0.0,1.3114530304136904,0.0,0.33845034069286056,0.0,0.0,Short_Circuit
22.912941453974796,0.0,1.3285385759270494,0.0,0.4698290428743822,0.0,0.0,Short_Circuit
22.986414539912097,0.0,1.0697078505699333,0.0,0.673471562453174,0.0,0.0,Short_Circuit
23.936308278840805,12.373985248059594,0.8060591982161759,0.870395740903396,0.5169546240761754,20.834060778853733,0.5169546240761754,No_Fault
24.989777626386775,1.2769341182318605,0.03588995575582108,1.0464441577056203,0.5109825854886928,26.150406799495062,0.05109825854886929,Switch_Open
23.895239313591787,0.0,0.8272000220389292,0.0,0.35645044731972875,0.0,0.0,Short_Circuit
22.231377797788642,22.231377797788642,2.2569908601781243,0.8664283726189815,0.3003158044372875,19.261896486415772,1.0,Switch_Short
25.831159203952815,14.508081743225544,0.6726565358323989,1.3219467026183613,0.6240560362981844,34.14741573447536,0.561650432668366,Cap_Degrade
25.77089727637645,0.8634019209609696,0.037932011831866085,0.5805792283272234,0.33502982519449526,14.962047654018782,0.033502982519449526,Switch_Open
25.140758172593635,13.916413456004927,1.4520912941931967,1.2111132060790053,0.5535399274941296,30.448304233666832,0.5535399274941296,Core_Saturation
25.965311606256883,1.7288913978555795,0.03665250492623078,1.1380492344946442,0.6658465818060766,29.549802996915545,0.06658465818060767,Switch_Open
24.177929331201053,9.271287283826092,2.177287339432123,0.7878475805357332,0.38346076526337236,19.048523125950688,0.38346076526337236,Inductor_Short
25.851073401012826,14.634528788807994,1.42317602845633,1.4628686511793665,0.5661091344947643,37.81672487767843,0.5661091344947643,No_Fault
22.302420162467,0.7392793538307707,0.06240446828515633,0.7737842744356657,0.3314794306830038,17.25726200357389,0.03314794306830038,Switch_Open
23.462722993045485,12.705112776108944,1.166426614148913,1.1380908878368514,0.5415020575350452,26.702711242225245,0.5415020575350452,No_Fault
22.901525072027063,7.534954879751021,1.0827214759837789,1.5659620024114191,0.3655726883812811,35.86291806006682,0.329015419543153,Cap_Degrade
22.78333233653708,12.864890046233587,1.0867427001827714,0.9011245868756022,0.5943814242060712,20.530620939411524,0.5646623529957676,Cap_ESR_Increase
22.563211795570705,0.0,0.6865638596346597,0.0,0.42049251791756326,0.0,0.0,Short_Circuit
24.489654566263987,11.886210663774548,2.092065683140298,1.151830849941163,0.4853564035218585,28.20793963382533,0.4853564035218585,Core_Saturation
25.12528742298922,13.561932090321653,0.7485360020128363,4.76651933563096,0.5397722168110487,119.7601683149635,0.5397722168110487,Overcurrent
24.313193597681444,8.959639515969826,0.5913088775781608,0.4524697069804525,0.36850936426649583,11.000983582901938,0.36850936426649583,No_Fault
22.58785083835284,13.47715702071233,2.5000303584573906,1.5049071968595833,0.5966551274470483,33.99261928822796,0.5966551274470483,Inductor_Short
25.244495079733884,25.244495079733884,1.3512310686623328,1.5406379833001942,0.4210561362547258,38.892627989072885,1.0,Switch_Short
24.543818828654913,13.172699638387819,0.9590855994952937,1.314775409082531,0.5649487439651014,32.26960944089229,0.5367013067668462,Cap_ESR_Increase
23.552662824507983,8.129144088088378,0.5811134211200778,0.5322057792948302,0.36331322027974944,12.534863272985646,0.34514755926576196,Cap_ESR_Increase
24.696521182144252,12.785941163881922,0.6370679425404481,1.5099352064368812,0.5752470636825401,37.29014680943379,0.5177223573142862,Cap_Degrade
23.039619916971333,8.093247765268234,0.6732036307599121,1.1883879753346478,0.3512752291241847,27.38000726560939,0.3512752291241847,Overcurrent
23.38076883397684,10.99229541472058,0.831615191625267,0.9785368184496678,0.47014259850799345,22.878943147706845,0.47014259850799345,Core_Saturation
25.66994337252796,9.727324908574804,1.2723226522851299,1.5132417176422102,0.3988824294955507,38.84482920082248,0.3789383080207731,Cap_ESR_Increase
23.162018022685682,13.882157812800687,1.3370077958031172,2.7891766530120226,0.599350099771273,64.6029599055186,0.599350099771273,Overcurrent
23.879953072631746,8.700245429574535,0.873315406365941,0.6090155796383018,0.4048140018027498,14.54326346226427,0.36433260162247477,Cap_Degrade
25.560564549584058,0.0,1.3745764767182007,0.0,0.6526869225581584,0.0,0.0,Short_Circuit
24.83088540107011,16.30713980743932,0.7133465745601265,4.798563454080903,0.6567280845626451,119.15257921804606,0.6567280845626451,Overcurrent
22.248812904658813,8.42287829905239,0.8253904235612395,2.261225115373171,0.3785765260891143,50.30957452725322,0.37857652608911435,Overcurrent
22.589212177115883,12.32328217147144,0.6507369930311684,0.8434249430472404,0.5455383780030897,19.052304993965993,0.5455383780030897,No_Fault
22.031366363087667,0.0,1.1205591954189986,0.0,0.3350870566879857,0.0,0.0,Short_Circuit
24.523687160916655,1.1197879485284206,0.04599347954351535,1.0933168411287244,0.45661483984065165,26.812160179602454,0.04566148398406517,Switch_Open
23.790693701641672,13.925375621408525,1.1132833468418988,1.9993846718656247,0.5853286918005088,47.56674832011242,0.5853286918005088,Overcurrent
22.5370994036091,12.070438490085339,1.3878423959336021,1.6807283785706935,0.5637692987399665,37.87874253831447,0.5355808338029682,Cap_ESR_Increase
25.831736484227083,12.783925957248746,1.0457030160329484,1.4688122763292495,0.5498802677626432,37.941971666934904,0.4948922409863789,Cap_Degrade
24.118638895782478,9.961392094325538,1.6914455323526818,1.8780717188364338,0.4130163454649774,45.296533606997464,0.4130163454649774,Core_Saturation
22.967573176451555,10.363198228399076,2.870500628788666,0.6271551027445914,0.45120997977376076,14.404230715271398,0.45120997977376076,Inductor_Short
24.00241428461883,0.0,0.7990643096088431,0.0,0.34117845788011447,0.0,0.0,Short_Circuit
24.71848133094043,24.71848133094043,1.7183278772679063,0.842414065513929,0.5876091281734404,20.82319635132768,1.0,Switch_Short
22.30495687189426,11.187174213832295,2.435406723418674,0.71595188897097,0.5015555187165094,15.969276005848712,0.5015555187165094,Inductor_Short
23.098815260191568,13.47830313978752,2.2226110341107734,0.7732302415758966,0.5835062529382617,17.860702503754933,0.5835062529382617,Inductor_Short
25.227861963535975,9.576459554118559,0.7463861949936864,1.0856880965274636,0.39957740991874907,27.389589434648972,0.3795985394228115,Cap_ESR_Increase
23.838659481610645,10.245266826582506,1.7522946200209804,1.3174428469088637,0.4297752914540265,31.406071413944105,0.4297752914540265,Inductor_Short
24.186308568129178,9.440340012457694,0.967838013124715,0.5357520245742262,0.43368613490404584,12.957863782352161,0.39031752141364123,Cap_Degrade
23.731264008837876,7.363739171425309,1.8387796759367787,0.4672447997189074,0.31029696389888645,11.088309698885968,0.31029696389888645,Inductor_Short
22.17559977057202,9.677856383370345,0.6782748083220408,0.5526845214699009,0.4364191491322494,12.256110747506641,0.4364191491322494,No_Fault
22.662999119280624,14.081016072645502,1.4244300917842623,5.418901070490468,0.6213218294072134,122.8085501879943,0.6213218294072134,Overcurrent
23.782166554967564,1.5670530876667121,0.0631159380846988,1.5189149803033566,0.6589193982998953,36.1230890444097,0.06589193982998953,Switch_Open
22.83674186163171,11.005550233380996,1.0794914153186377,0.7176688170452903,0.507287326254371,16.38921751700589,0.4819229599416524,Cap_ESR_Increase
22.199916114638715,10.704814603968583,1.1800610283068367,1.7350504681361543,0.4822006780876881,38.517974847287256,0.48220067808768813,No_Fault
25.374598656207294,7.1327200753377396,1.3972826721355218,0.5866163202265876,0.31232984747974807,14.885153690930837,0.28109686273177326,Cap_Degrade
25.924770116656465,15.205229252985822,0.6361741423615712,1.4773140939380327,0.651681735034153,38.29902827544013,0.5865135615307377,Cap_Degrade
25.172571495986958,7.68277165985242,1.1255595760604664,1.4594244483231118,0.3052040853703491,36.73746626840485,0.3052040853703491,Core_Saturation
25.41513968681867,16.367477808660073,1.1469713719823096,2.017524954997724,0.6779000320840847,51.2756785529097,0.6440050304798803,Cap_ESR_Increase
22.967908521268182,10.815638066416131,1.4289114084875947,1.2278936285358044,0.49568649947523624,28.20214853405841,0.4709021745014744,Cap_ESR_Increase
25.842507902052798,11.287330311491557,0.5362548954415274,1.6902516766969904,0.43677379742989064,43.68034231149996,0.43677379742989064,No_Fault
22.787702817813713,15.260636858119899,2.968036300392721,1.0544172108551568,0.669687373937064,24.027746046955333,0.669687373937064,Inductor_Short
25.805719241447328,7.9934866205218915,0.9549066028823971,1.8512079913774784,0.3097563972440387,47.77175368301085,0.3097563972440387,Overcurrent
25.979277175863803,13.835782553059735,1.718462281243446,1.5097491226604953,0.5325699579476348,39.22219092361421,0.5325699579476348,Inductor_Short
24.846891222984194,12.909774056892516,1.1890866567596579,0.6988236592248427,0.519573009799735,17.36359544480744,0.519573009799735,Core_Saturation
25.92457492716729,0.0,0.6743567076508716,0.0,0.38772816048455283,0.0,0.0,Short_Circuit
24.278159118268416,0.0,1.2915739089300278,0.0,0.4715549725400842,0.0,0.0,Short_Circuit
23.038167132704363,23.038167132704363,2.910828329492193,0.8148684309795329,0.5609056023775081,18.773075104071047,1.0,Switch_Short
23.74798354266248,14.031554941562137,0.9136447548453982,0.7525959659614782,0.5908524787527709,17.872636613927355,0.5908524787527709,No_Fault
24.374243741515144,7.319262277991504,2.178631042130184,1.3615851450743317,0.3002867434826319,33.18760820086802,0.3002867434826319,Core_Saturation
22.29232624810806,15.041554798531621,1.3237976154350342,2.566033811604885,0.674741372036406,57.20286289197236,0.674741372036406,Overcurrent
24.489373058468985,8.510538146065883,1.0791562402239503,0.6325828353171336,0.36581014895712494,15.491557044465333,0.3475196415092686,Cap_ESR_Increase
25.92471134704918,9.179653983775182,1.1740261791261326,1.04307116338458,0.3934321736889437,27.041318825176006,0.3540889563200493,Cap_Degrade
22.76043059913491,9.226836809912383,1.4024762687556944,0.5562988286983399,0.4053893782775393,12.661600882968605,0.40538937827753935,Core_Saturation
25.170380465153535,7.931893030049576,1.0587234082125523,0.8105282839706963,0.3151280546208141,20.401305285310432,0.3151280546208141,Overcurrent
25.631595175118477,8.951087439457885,0.8370695055277557,0.46738528435683924,0.34922084943612997,11.979830399442138,0.34922084943612997,Core_Saturation
25.77480637128088,17.9016332226697,2.3925269506010665,1.991340909162961,0.6945399691776648,51.326426352885754,0.6945399691776648,Inductor_Short
25.84054241762179,25.84054241762179,1.1056492889682734,1.311520432446257,0.4260866949509144,33.89039936620518,1.0,Switch_Short
24.08583855488589,8.336600945309229,1.3170849469196495,0.861114225885264,0.3461204361356197,20.740658221988006,0.3461204361356197,Overcurrent
25.909231631966016,8.8815940369376,2.649893858921115,0.747644966719955,0.34279650446984933,19.370906621220836,0.34279650446984933,Inductor_Short
25.029240828537755,14.711786967482812,0.7370772875562146,1.8108005185641118,0.5877839870679887,45.322962271582206,0.5877839870679887,No_Fault
22.64668574494785,13.081738424593686,0.8236627810358003,0.9314519282088902,0.6418274656130563,21.094299104672462,0.5776447190517506,Cap_Degrade
23.90760042587188,23.90760042587188,1.9626207571165866,1.0391979798648927,0.4027809198033879,24.844730065983107,1.0,Switch_Short
24.873324701488016,7.6700330463120325,1.0966629069324814,1.7028048681093526,0.308363804934094,42.35441838775841,0.308363804934094,Overcurrent
22.989361263276333,8.948287190291405,0.7873536617419967,0.983937241638589,0.3892360073781423,22.620088708421143,0.38923600737814223,Overcurrent
24.56246073419555,0.7924003994683181,0.054624320231596246,1.0654570974684003,0.3226062763187029,26.170248120537543,0.03226062763187029,Switch_Open
24.666401916186476,8.420073000062038,1.5955741464585977,1.4113681406393783,0.3413579746520166,34.8133738087117,0.3413579746520166,Inductor_Short
22.650798975234263,10.169599105904856,0.6110397931781668,1.184452542454877,0.47260324793905695,26.82879643485055,0.4489730855421041,Cap_ESR_Increase
24.260341249811024,9.509261629624833,0.502527549831909,0.6742157874880532,0.391967348344653,16.356705080470242,0.391967348344653,No_Fault
25.08650764391443,12.703264383363999,0.6011510579184286,1.855488563709018,0.5063783514101693,46.54772803668209,0.5063783514101693,No_Fault
23.995582658143768,9.631766921285534,1.2922507001640182,1.5954664026521237,0.4013975013028761,38.28414594313032,0.4013975013028761,Overcurrent
22.04841246710443,14.909465482297323,1.4614313123833371,1.0346569647730304,0.676214920441179,22.812543521278112,0.676214920441179,No_Fault
22.03615387631717,22.03615387631717,1.8539323985624385,0.8232028227633806,0.6623775871705058,18.140224073832506,1.0,Switch_Short
23.42811737588005,0.0,1.0126839534499428,0.0,0.5267224420041864,0.0,0.0,Short_Circuit
25.704776273727127,1.1355588650148944,0.032342408453671305,0.6579061678241066,0.4417695967949544,16.911330853023834,0.04417695967949545,Switch_Open
22.914707118414434,9.849561813698784,1.156134487948173,1.2163835941612793,0.4524587528138942,27.87307380385,0.42983581517319946,Cap_ESR_Increase
24.53745475548675,0.0,0.6446549020069768,0.0,0.46474091325779876,0.0,0.0,Short_Circuit
22.88830348277328,0.0,1.11121433119883,0.0,0.5910317288539776,0.0,0.0,Short_Circuit
23.286679958638196,0.0,1.4332586675808539,0.0,0.4806555982075351,0.0,0.0,Short_Circuit
25.392168358405936,16.319342923268124,0.6956985393030396,2.0770513977848806,0.6426919786023589,52.74083878161606,0.6426919786023589,Overcurrent
24.91544576907979,24.91544576907979,2.529127436114204,2.0424332821344913,0.6776379143721458,50.88813567798556,1.0,Switch_Short
22.381597109252844,9.235979529162673,0.5758526651001565,1.2709683761095008,0.43437846135157354,28.446302132684185,0.4126595382839949,Cap_ESR_Increase
23.714808083945734,12.433147233004416,0.875497241321621,1.1983936643559374,0.5242777925502721,28.419675759217533,0.5242777925502721,No_Fault
22.11667905458106,22.11667905458106,1.221497015661018,0.5051529850044684,0.33802261473302575,11.172306442807425,1.0,Switch_Short
23.923560586412037,9.095441539899138,0.8524754415956994,2.1376023482937274,0.3801876191065436,51.139059289061635,0.3801876191065436,Overcurrent
24.64973604680427,1.147164961955928,0.033676845981944176,1.4792731660470155,0.465386306684064,36.4636930841794,0.046538630668406404,Switch_Open
22.474010494392605,8.166089751338449,0.9606354891351763,1.669329156895045,0.38248108636071154,37.516520990654804,0.36335703204267594,Cap_ESR_Increase
23.155539755636664,1.5065554443762412,0.04587614030537652,1.2477014956922483,0.650624196315487,28.891201586669183,0.0650624196315487,Switch_Open
23.591346502008626,8.571078315880925,1.2008866841713774,0.7498963804281401,0.3633145024236392,17.691065351282333,0.36331450242363916,Core_Saturation
25.6781240986242,11.14527895080822,1.1566219494731291,1.4555265356469334,0.48226432862123675,37.375191011182515,0.4340378957591131,Cap_Degrade
25.973020061691855,1.4084641428033904,0.07094260256294549,2.426385747396501,0.5422796961839502,63.02056569453251,0.054227969618395024,Switch_Open
22.179645195982463,12.792011961560068,1.8011907482105447,1.118296441347681,0.5767455632643377,24.803418293021377,0.5767455632643377,Inductor_Short
25.04403169398157,10.215585074487729,0.6923431564750214,0.6747071482860171,0.45322774789060266,16.897387205830935,0.40790497310154245,Cap_Degrade
23.486896265609374,23.486896265609374,1.5414455163919667,0.9670557836170228,0.6476396274898913,22.7131388728706,1.0,Switch_Short
23.56983274491792,12.429024758131554,1.354000823496369,1.3877934286255156,0.5273276604311702,32.71005899719959,0.5273276604311702,Overcurrent
25.01705989338809,0.0,1.071639723270148,0.0,0.4758031121790207,0.0,0.0,Short_Circuit
25.673705728581634,7.553374397312926,0.9550110323069573,0.4304736093874448,0.32689625362081465,11.051852771333653,0.2942066282587332,Cap_Degrade
25.803714378010195,12.537400040694425,0.6496367215089267,1.238728621232076,0.48587578737806597,31.963799534138865,0.48587578737806597,No_Fault
24.308490344153284,14.509242467480172,1.0447000391561603,0.7691837346911297,0.6282943363262921,18.69769538761909,0.5968796195099774,Cap_ESR_Increase
23.42848463720201,12.787651312892033,1.16773800503608,1.4549125737602469,0.5458164072885262,34.08639688281398,0.5458164072885262,Core_Saturation
25.150196343435116,15.91667854339936,1.4431631278533492,2.636729585730963,0.6328649814916473,66.31426678567806,0.6328649814916473,Overcurrent
23.004005533049202,11.446900541457682,1.3840701094157313,2.2207769443091028,0.4976046682397222,51.0867651145547,0.49760466823972216,Overcurrent
24.25629611533407,8.426265713439873,0.875853812742297,0.815202291945451,0.3473846820377927,19.773788187327874,0.34738468203779277,Core_Saturation
23.434313846099492,7.158150325082027,1.0166534892612429,0.405923577259602,0.3054559383343524,9.512540507032927,0.3054559383343524,No_Fault
24.626524294831505,1.0374854702022727,0.036252917275733605,0.6405700616567055,0.4212878186874365,15.775014185930573,0.04212878186874366,Switch_Open
22.96159565157403,13.299268685545735,0.9107770895242906,0.6689008681183648,0.5791961885991169,15.359031264720738,0.5791961885991169,No_Fault
22.766371782939302,14.02645184619639,1.3768479982514563,0.9875891102846343,0.6161039615766775,22.48382085352223,0.6161039615766775,No_Fault
25.67295634670175,9.665124074153038,1.0275145198885447,0.8987498871075824,0.4183011338481317,23.07356661831609,0.37647102046331854,Cap_Degrade
22.40721473179815,11.164653954694888,1.6684305867415197,1.7579065027362395,0.4982615683532988,39.38978848523523,0.4982615683532988,Inductor_Short
24.023831630939725,10.691210084375285,0.7786771895154968,0.5641501744344978,0.4684475617736326,13.553048805179651,0.4450251836849509,Cap_ESR_Increase
22.883411131852036,10.622688000878153,1.3003248594064893,1.6006509724670026,0.4642091137405711,36.628354281561194,0.4642091137405711,Overcurrent
22.15571985330267,22.15571985330267,2.2490360307286945,0.5608372983908646,0.39253948528006016,12.425754066431113,1.0,Switch_Short
22.144075273165704,0.0,0.9680654604262312,0.0,0.3545484420117833,0.0,0.0,Short_Circuit
22.700887088423308,8.596268027323609,0.717484353862978,0.6504570212925332,0.3786754232924852,14.765951396233952,0.3786754232924852,No_Fault
25.467081418024,8.203786188984225,1.251369561235697,0.4286498441555921,0.32213295486533844,10.916460480933763,0.32213295486533844,Core_Saturation
23.129914975908108,8.772073377769606,1.4598434267385185,1.1701883920945422,0.3792522967294308,27.06635801494138,0.3792522967294308,No_Fault
25.801836682301182,7.8355110278346,1.5301349064087515,0.8348449121372892,0.3036803590501518,21.540532078016415,0.3036803590501518,Core_Saturation
24.326489171956773,12.731467396621897,0.9907692093675783,1.84064499498456,0.5509033602543912,44.776430539908326,0.5233581922416717,Cap_ESR_Increase
23.746456759075066,9.622602250179614,1.1235642465831563,0.5999473955159194,0.42655016295507314,14.246624885338486,0.4052226548073195,Cap_ESR_Increase
24.320355338677818,24.320355338677818,2.5579770117992173,2.8264886596477004,0.6892578845707634,68.74120856337525,1.0,Switch_Short
24.06679354090507,9.084897368825994,1.6802178730057375,1.4595444173149983,0.3774868203105191,35.12655415530065,0.37748682031051906,Inductor_Short
25.035105015029302,9.876306001021236,0.6787061209326088,1.1578766113906855,0.4383314281238375,28.987562560612087,0.39449828531145376,Cap_Degrade
23.12998426389141,10.249739426507956,1.6274041775085717,0.8062520541067129,0.4431364634566133,18.648597324218393,0.4431364634566133,Core_Saturation
23.412201566401208,7.102807721661152,2.3304082069621344,0.640231621419629,0.3033805984249842,14.989231769860222,0.3033805984249842,Inductor_Short
25.576377210133003,16.25847282891221,1.8190770044378244,2.8663207959605512,0.6356831812157835,73.31010188273574,0.6356831812157834,Core_Saturation
25.78582605260162,7.259174324416681,1.3819875907661296,0.4165682117593743,0.3127977840577299,10.741555447470542,0.2815180056519569,Cap_Degrade
25.570232909945897,16.422950972813812,0.9582915327580244,0.8960388979531716,0.6760719338916965,22.911923317033843,0.6422683371971116,Cap_ESR_Increase
23.677791975829255,1.5552277957615825,0.02876774481144459,1.692240956547531,0.6568297404374482,40.06852934211075,0.06568297404374483,Switch_Open
25.12146201202753,12.91767599223295,2.9166971672618844,0.8087253251830804,0.5142087664343854,20.316362534751363,0.5142087664343854,Inductor_Short
23.905342933204395,12.369538334052052,1.4025178911562128,0.9042965030378339,0.5174382299645168,21.61751801841693,0.5174382299645168,Core_Saturation
23.990159408584407,13.470742458387884,2.246515019346263,1.5732896281432895,0.5615111691824625,37.74346897503,0.5615111691824625,Inductor_Short
22.818720436229135,10.378410537741274,2.3326106462565845,1.1618612259785883,0.4548200047739548,26.51218650129985,0.45482000477395473,Inductor_Short
24.364521213034067,13.617060785268377,1.5697705630518053,1.1010538607181652,0.5588889133591421,26.826650146160794,0.5588889133591421,Core_Saturation
22.744543591013393,6.507591934062515,0.7052575297362701,0.6405300117335083,0.3179073554753947,14.5685627732251,0.28611661992785525,Cap_Degrade
23.326258796268775,6.751952294430815,1.2551430501161414,0.8007917302474755,0.3216190509398906,18.67947514166447,0.28945714584590154,Cap_Degrade
25.42012080647974,0.0,1.3037519743040815,0.0,0.48289216784781774,0.0,0.0,Short_Circuit
22.82830323684342,0.0,1.05297558601744,0.0,0.5198489204424139,0.0,0.0,Short_Circuit
22.28463314069373,13.869302801171349,1.0874172766433259,0.9849248440749827,0.6551270561343275,21.948688821365966,0.6223707033276111,Cap_ESR_Increase
22.276030370451267,7.61537849494457,0.6139381831279853,1.9429210148734002,0.34186425356315847,43.280567534707856,0.34186425356315847,Overcurrent
25.763138082012432,16.20653828107472,1.1679033229995677,1.2464060774441805,0.6290591708775557,32.11133187945391,0.6290591708775557,Inductor_Short
24.02768175184734,9.227084754864915,1.6791296911270575,0.9444651035612148,0.3840189349168278,22.69330693409441,0.3840189349168278,Inductor_Short
23.637648287268075,10.276509819983934,0.8919307710691327,0.8388033119737367,0.45763345940401273,19.827337670630786,0.43475178643381207,Cap_ESR_Increase
25.243514324031672,25.243514324031672,2.9073129019265425,0.6444272271627903,0.4266409739309651,16.26760793967991,1.0,Switch_Short
25.343303711642065,11.076519070394255,1.4119850166877728,0.7051957554544072,0.4600621091461596,17.871990206641907,0.4370590036888516,Cap_ESR_Increase
23.328764132462418,8.402978830751845,1.15992429525906,1.6295406017703316,0.36019819922903423,38.01516834297094,0.3601981992290342,Overcurrent
24.77447222989518,11.801484058684633,1.1194128979193658,0.8059224383859368,0.501428029761422,19.966303069241803,0.47635662827335085,Cap_ESR_Increase
25.084491263407546,25.084491263407546,1.3347350614533027,0.8142989485171156,0.6206570359325468,20.426274859879538,1.0,Switch_Short
24.618602747463818,10.560204886179777,1.4784566721842838,0.8156780256674212,0.47661360415155873,20.08085328374184,0.4289522437364029,Cap_Degrade
22.606380299200396,11.21831292044224,1.75008139648042,1.5524601685880859,0.4962454303592796,35.09550497046303,0.4962454303592796,Inductor_Short
25.50353233406823,16.309688322352873,0.6069256024472448,2.146628856359647,0.6395070341125256,54.74661844741216,0.6395070341125257,Overcurrent
24.156378210944034,1.4069236205724152,0.04968994478578731,2.1402746460547433,0.5824232458552123,51.70128382539276,0.058242324585521234,Switch_Open
23.129889705480014,0.0,1.3739980116130832,0.0,0.49618176340791387,0.0,0.0,Short_Circuit
23.700912741750777,9.07565651863002,1.5260201019550625,0.7492856476309874,0.40307825927567187,17.75875375314825,0.38292434631188826,Cap_ESR_Increase
22.15028436159563,14.485636941197793,0.7664488740846709,1.3441113189936875,0.6539706987379866,29.772447929349553,0.6539706987379866,Core_Saturation
22.51146720488967,10.754343451035545,1.3862957447513997,2.040831532470545,0.5308081606762233,45.9421121139154,0.47772734460860095,Cap_Degrade
25.062187002063443,9.735633204480477,1.542968434999717,0.9088736886201895,0.38845904404427734,22.77836234545437,0.3884590440442773,Inductor_Short
22.000046539021465,8.968272794748907,0.8084585459526346,0.48351436458124425,0.4076479010552041,10.637338523072765,0.4076479010552041,Core_Saturation
23.666263313929168,23.666263313929168,2.6955805407257487,2.7664060668650037,0.6212532355744983,65.47049441167832,1.0,Switch_Short
24.090040724342355,7.26977959406217,1.5002534315870293,0.631400566873179,0.3176582248349822,15.210465369347732,0.30177531359323306,Cap_ESR_Increase
22.21853768000389,0.0,1.09623107984235,0.0,0.696836874811528,0.0,0.0,Short_Circuit
25.89231265188933,0.0,1.0744337572963585,0.0,0.3521406718859167,0.0,0.0,Short_Circuit
22.904501324998687,1.4164771435397165,0.06565601363107097,1.2400616012489196,0.6184274101587749,28.402992588885873,0.061842741015877487,Switch_Open
23.216794878545123,0.0,1.28630955271028,0.0,0.45791012670867315,0.0,0.0,Short_Circuit
23.215770049020108,23.215770049020108,2.780210946885408,0.9658024240849956,0.4968864733149867,22.421846990343457,1.0,Switch_Short
22.9216666484694,0.0,1.0527474475967034,0.0,0.6522602309858311,0.0,0.0,Short_Circuit
22.005895288345247,10.236360747098093,2.9352941854656174,1.9393169359007723,0.46516447583568526,42.676405422346946,0.46516447583568526,Inductor_Short
24.917379176351986,1.2832388018984284,0.07480734154666693,0.9070636460772091,0.5149975014692938,22.60164880639016,0.05149975014692939,Switch_Open
25.867381999197143,0.0,0.6165446099986326,0.0,0.31971986496366794,0.0,0.0,Short_Circuit
22.89717393314018,6.890652386920684,2.699087519108244,1.044756590473684,0.30093898954698123,23.921973369870447,0.30093898954698123,Inductor_Short
24.65218876721369,0.9809597701935502,0.049991112887429454,1.2015247809893093,0.39791994920069035,29.620215709433538,0.03979199492006904,Switch_Open
24.96758530783486,12.858553948462403,0.8875663382998321,1.3538030318364014,0.5722332371675068,33.801192687380826,0.5150099134507562,Cap_Degrade
25.3937015163621,0.884985625745879,0.05565361549413575,0.5165949054610895,0.3485059573436547,13.118256834152206,0.03485059573436547,Switch_Open
23.69051678805444,8.185186874376784,0.555965557262007,0.9055507391019781,0.34550478352181974,21.452964987130517,0.3455047835218197,No_Fault
23.211723622561717,23.211723622561717,2.01292223753416,0.5912603511667411,0.4643842432143613,13.724171860261182,1.0,Switch_Short
23.301180536092126,0.0,1.3708905700266667,0.0,0.5591348154432906,0.0,0.0,Short_Circuit
24.85048533239405,13.079951495374083,0.7134615161389688,0.7603334645007446,0.5848287968991721,18.894655607304106,0.5263459172092549,Cap_Degrade
25.267117866022545,9.383709046092688,0.9263898947694251,0.6996916555058502,0.3713802696393499,17.67919152953876,0.3713802696393499,No_Fault
22.72645587102641,22.72645587102641,2.878961775429751,0.5067604518106269,0.331835258948817,11.516869045255618,1.0,Switch_Short
23.48376403263106,15.084816325321906,1.021420221586267,1.510055760541075,0.6761588135782176,35.46179315666184,0.6423508728993067,Cap_ESR_Increase
25.6077607869966,25.6077607869966,1.7167352646647966,0.6187934384559293,0.40426655302484066,15.84591434854254,1.0,Switch_Short
25.226774078778956,16.178903946070708,1.8810732962467565,2.157620514565204,0.6413385990434894,54.429805268675196,0.6413385990434894,Inductor_Short
25.939433611049903,1.6741221744510755,0.05097263832587782,2.919805325166876,0.6453965801851272,75.73809638935616,0.06453965801851273,Switch_Open
25.016993038728323,14.473796090183466,1.2451904785446157,1.393571521636348,0.6090090367050177,34.862969055746554,0.5785585848697669,Cap_ESR_Increase
23.572780804111687,0.8663785282028965,0.06503464004583656,0.48658091962902894,0.367533442661028,11.470065361878184,0.03675334426610281,Switch_Open
24.36255133597855,0.0,0.9521022057643143,0.0,0.62872058370168,0.0,0.0,Short_Circuit
24.64405701698928,13.478579065815305,1.3174809350901402,1.173928066640429,0.6077002236966347,28.930350208130722,0.5469302013269712,Cap_Degrade
22.313823265268496,11.419204739631542,1.1370927274872888,0.8850063997465649,0.5386891960424868,19.747876392576412,0.5117547362403625,Cap_ESR_Increase
24.17798783641546,0.0,0.8384805103679777,0.0,0.43488081406758106,0.0,0.0,Short_Circuit
24.83728331389044,10.059185224767972,1.1579508281194142,0.5712128368015151,0.4050034417066176,14.187375060170293,0.4050034417066176,No_Fault
22.66928521600424,0.0,1.2177222547434914,0.0,0.3487556848321436,0.0,0.0,Short_Circuit
25.122526869702227,12.659312305005765,1.5870734634442312,0.8526479851082972,0.5039028267603486,21.42067191628066,0.5039028267603486,Core_Saturation
24.335091122056447,12.347604129354611,0.6122764704481958,1.0837675101252073,0.5341043502039385,26.373581114021153,0.5073991326937416,Cap_ESR_Increase
25.80888714279038,0.0,0.6698828751608249,0.0,0.44373559620631486,0.0,0.0,Short_Circuit
22.169689192827565,10.866331872039124,1.5705954417804564,0.5975279247019067,0.4901436270723474,13.247008374676545,0.4901436270723474,Inductor_Short
23.06130455022187,10.271638408987082,1.5652512119029862,0.7003489750076005,0.44540578294770666,16.150961004086,0.44540578294770666,Inductor_Short
24.406215517199296,13.579677448279485,1.1734208002468707,1.283885622951334,0.5564024229282805,31.33478921318393,0.5564024229282805,No_Fault
23.186239648823722,1.531459668571917,0.02591743308368163,1.0731771584539156,0.6605036831186253,24.882942781556157,0.06605036831186253,Switch_Open
24.85769665628497,9.087181056798169,1.2556817770495199,1.3332509451662358,0.36556810481877794,33.14154756164751,0.36556810481877794,Overcurrent
25.036021130087725,0.0,0.7653424748069332,0.0,0.4525635239612493,0.0,0.0,Short_Circuit
22.410063856265896,7.586480474790877,0.8910240308377128,0.8318414345354348,0.35634744158034454,18.641619666226923,0.3385300695013273,Cap_ESR_Increase
24.05541785682707,0.0,1.0279098279439243,0.0,0.5499775081631327,0.0,0.0,Short_Circuit
24.035562222364224,1.421819365985305,0.035796280046947876,1.0447892792248858,0.5915482037954383,25.11209773006881,0.059154820379543824,Switch_Open
23.477123080862164,0.0,1.3844713135755276,0.0,0.6727650930389824,0.0,0.0,Short_Circuit
25.73169945027869,10.589849271750579,0.5853687793265653,2.3654907038572857,0.41154877050438593,60.86809584408387,0.41154877050438593,Overcurrent
25.310025279492883,15.491659896335202,0.9443823623010649,1.0486465087361168,0.680084482346172,26.54126964536307,0.6120760341115549,Cap_Degrade
24.78883752763855,8.063934495622375,1.34942226945489,1.2432819554125378,0.3253050687282699,30.819514393766156,0.3253050687282699,Overcurrent
24.85730654293999,13.452912143400436,1.1158438944212357,4.473026468296908,0.5412055453458352,111.1873900971405,0.5412055453458352,Overcurrent
23.846864575252475,0.7699033860974261,0.03961647579213168,0.7315171978463282,0.32285308773733196,17.44439155150956,0.0322853087737332,Switch_Open
25.683978084386304,16.043090881379918,1.0128362285541068,0.9241402873224449,0.6575096751047779,23.735598886488138,0.6246341913495389,Cap_ESR_Increase
24.778381709013143,12.684638932293593,1.2066943803425145,1.5536762922401888,0.5119236228280216,38.49758422137165,0.5119236228280216,Overcurrent
24.915924246623266,14.145750394870198,2.9465214867277987,1.4363060980817581,0.5677393403051184,35.78689393476813,0.5677393403051184,Inductor_Short
25.44676361514938,16.098375133010826,1.3931387183794335,0.8440511949386721,0.632629570364181,21.47837123668876,0.632629570364181,No_Fault
23.096286357368765,8.317532778988266,0.8424328083823768,2.7053094060569522,0.36012424899358747,62.482600727574585,0.36012424899358747,Overcurrent
25.22828361546681,7.560028400908896,1.6480176672166433,0.4098110671515757,0.3154366247752535,10.338829830857067,0.29966479353649084,Cap_ESR_Increase
22.780962411825968,1.4842992063349079,0.025175233176552916,1.7089242442336299,0.6515524583651409,38.930938972544425,0.0651552458365141,Switch_Open
23.38136780897955,9.959838193288391,1.0552595116168302,1.9390650179827318,0.42597329098357295,45.3379923909798,0.4259732909835729,Inductor_Short
23.342441817079372,8.20700560669193,2.6476810303423877,0.7132110568076819,0.3515915631708661,16.648087596831008,0.35159156317086615,Inductor_Short
25.91410187355656,12.630131450741805,0.699462686833052,2.4324835667780307,0.4873844948348346,63.03562695523811,0.4873844948348346,Overcurrent
25.42614889499171,1.3712892414667577,0.028038463419812046,1.0478787477797449,0.5393224302784075,26.643521064945254,0.05393224302784076,Switch_Open
24.80467944636104,24.80467944636104,1.4742961464730044,0.4571069062225652,0.31238824136900406,11.338390281568547,1.0,Switch_Short
24.908227046461562,10.211333501920087,1.3891502309712904,0.578989906436097,0.4099582633028351,14.421612047119842,0.4099582633028351,Core_Saturation
24.248291177610284,0.0,1.2305662704334048,0.0,0.3131199497107584,0.0,0.0,Short_Circuit
25.788362668434075,10.865172045699529,1.1243355265512056,1.054572358118849,0.46813415567819955,27.195694431274617,0.4213207401103796,Cap_Degrade
23.985035011529448,14.993957081956353,0.8113833393164626,2.1852198089057695,0.6580400116264977,52.41257362449257,0.6251380110451729,Cap_ESR_Increase
23.52207083947958,15.487117650071802,1.103597492910643,2.853425186806009,0.6930609645974276,67.11846937920619,0.6584079163675561,Cap_ESR_Increase
22.652141347726364,11.939446950433242,1.568835515938426,0.859737691896427,0.554819021401451,19.474899718805883,0.5270780703313784,Cap_ESR_Increase
25.144822609044233,25.144822609044233,2.6300155539675156,1.5367616350963034,0.3646550775138367,38.64159870688131,1.0,Switch_Short
24.937775728302366,1.6517280291059586,0.04115948924158967,1.0318494477687037,0.6623397559997223,25.73203011382858,0.06623397559997223,Switch_Open
23.53742015409654,11.92168281354799,2.964529122711393,0.9110012212585116,0.5064991292800242,21.442618505656654,0.5064991292800242,Inductor_Short
22.100773655836917,7.989423595361963,2.417240800870262,1.0013384213191237,0.3614997248411672,22.130353802467017,0.3614997248411672,Inductor_Short
25.355989310872044,16.95531342452642,1.1248987113335636,1.2950061290573893,0.6686906677806645,32.836161565892944,0.6686906677806645,Inductor_Short
22.045671933816294,11.96394053134428,0.5351607132886387,1.7163752155665166,0.6029876202892411,37.83864491771265,0.542688858260317,Cap_Degrade
24.814799118516206,13.971923104279082,0.735248743911033,1.2699433277271857,0.5926821090892606,31.513388569450104,0.5630480036347975,Cap_ESR_Increase
25.881028438904227,14.350736971113243,1.3506414548551615,0.8889353925746266,0.5836722815177618,23.006562175572405,0.5544886674418738,Cap_ESR_Increase
23.750645312592813,23.750645312592813,1.3674778516848558,0.756864196633413,0.3801359284385769,17.976013084040694,1.0,Switch_Short
22.93989361998381,8.81815651034529,2.0229735384176672,1.2195794179101693,0.3844026766830104,27.97702210798106,0.3844026766830104,Inductor_Short
24.819484040173528,12.851168443041091,0.5932601201808317,0.9004659546413096,0.575317199370902,22.349100389939604,0.5177854794338118,Cap_Degrade
25.26851256806234,9.801380599480215,2.1313292367452927,1.2563414251096416,0.3878891000441587,31.745879090160333,0.38788910004415866,Core_Saturation
24.18572126431139,24.18572126431139,1.687921227167135,0.7152242489863636,0.4754686787212195,17.298214327460638,1.0,Switch_Short
25.868141101024584,25.868141101024584,2.8162641131212616,1.3003811327741726,0.6128007302375765,33.63844262771248,1.0,Switch_Short
22.206674886631845,0.0,1.4448756419105444,0.0,0.6135810072391363,0.0,0.0,Short_Circuit
24.019182393218113,11.560545592434218,0.7591929709705212,0.6505094651716459,0.48130470901034383,15.624705492472527,0.48130470901034383,Core_Saturation
24.8738157892902,14.576856405967002,1.0605487059186054,0.981765146431609,0.616875975310098,24.42024540068536,0.586032176544593,Cap_ESR_Increase
25.450561884596716,16.172526934143136,1.0493121114137858,2.943851854847687,0.6354487184792227,74.92268381088589,0.6354487184792228,Inductor_Short
22.71702244763116,12.126682464808734,1.5495620429331967,1.351842608235141,0.561910300513704,30.70983887694195,0.5338147854880188,Cap_ESR_Increase
25.200013927054727,25.200013927054727,2.036815089469152,0.5459832720529557,0.39137034092336803,13.758786059673394,1.0,Switch_Short
24.21082830287418,9.421025890113297,0.6324384139683465,1.8800135367761548,0.409604712154219,45.516684945966716,0.38912447654650806,Cap_ESR_Increase
23.586214727959852,1.0046228857055721,0.030513836413828346,0.7623021493436108,0.4259364621634941,17.979822182003726,0.042593646216349416,Switch_Open
22.526860114316374,7.810549952575022,0.883509024492739,0.9813860673873843,0.3467216430935808,22.10754665817467,0.3467216430935808,Overcurrent
25.46118303563565,10.420341747564262,2.160351289309334,0.7272792559797485,0.409263848147978,18.51739025452129,0.409263848147978,Core_Saturation
22.62909283271886,8.685219840698672,2.385818303136162,0.5293289141017263,0.38380768972501283,11.978233136250234,0.3838076897250128,Inductor_Short
23.239151436836398,11.204326939189919,2.0514282992836987,0.705323293345778,0.48213149992344084,16.39111482599072,0.4821314999234409,Core_Saturation
23.160182127849748,0.0,0.8664566463399797,0.0,0.663375019148906,0.0,0.0,Short_Circuit
25.485656136763417,8.275256780801142,0.5975350695049982,0.5028428895727571,0.3417921267015832,12.815280974467788,0.32470252036650404,Cap_ESR_Increase
24.69081197683559,13.794801368987867,1.6217494009248559,0.9887972456827439,0.5881071695789581,24.414206876365537,0.5587018111000102,Cap_ESR_Increase
25.18672558876549,14.480181050219947,1.034345981324739,1.3120530145465361,0.5749132017652511,33.04631923529614,0.5749132017652511,Inductor_Short
23.001871595169995,7.781571791492179,2.895303306162178,0.6442425596366933,0.33830167946534306,14.818784632906867,0.33830167946534306,Inductor_Short
24.499496398427997,1.6390872644039882,0.04343387119245724,1.0406327290561197,0.66902896196232,25.494977797596704,0.066902896196232,Switch_Open
24.286983932574994,11.527816748158601,0.5100904050218815,0.7059230857018349,0.5273888808627278,17.144742640074227,0.4746499927764551,Cap_Degrade
25.331321507153085,11.284855698643854,1.1891572317245083,1.2423764541268334,0.4454902084542737,31.47103739240364,0.4454902084542737,No_Fault
25.62434824192504,0.0,1.4805403040313543,0.0,0.6026154333981226,0.0,0.0,Short_Circuit
22.048627085909548,8.440189625979102,1.612188295121352,0.4685600716844829,0.4029461833606536,10.331106287918209,0.3827988741926209,Cap_ESR_Increase
24.696079676235172,14.25961357965007,1.3218740224048369,1.0425464571471206,0.5774039348185281,25.74681037188199,0.5774039348185281,Inductor_Short
22.207343196478917,7.014955125065077,1.36249561213231,0.9128793715435441,0.3158844830288989,20.272625500853476,0.3158844830288989,Inductor_Short
24.195434660309424,15.382567329018302,1.06553891461966,2.0571217716408126,0.6357632150437087,49.772955414035245,0.6357632150437087,Overcurrent
23.150530916174713,0.0,1.1373048264283243,0.0,0.47926833880852737,0.0,0.0,Short_Circuit
23.227106398088566,12.883545545306971,1.2394179136658656,0.7424902875235747,0.5546771657431767,17.24590090785744,0.5546771657431767,No_Fault
23.411834013809425,9.09538345009929,0.6810503604721475,1.1238499540037412,0.38849512792267343,26.311388579562948,0.38849512792267343,Overcurrent
24.48516979619844,24.48516979619844,2.918014173528869,1.7211394567704212,0.5708294850633792,42.14239184196051,1.0,Switch_Short
23.336199862675077,0.0,1.138739256289238,0.0,0.6088961103573106,0.0,0.0,Short_Circuit
24.930796202361122,0.0,1.347046918870555,0.0,0.4892852747537595,0.0,0.0,Short_Circuit
23.61810954229548,23.61810954229548,2.0801314305683434,0.7045642017469907,0.5470907696247177,16.640474496440397,1.0,Switch_Short
22.273412801239836,10.747598109653312,1.3714152713848238,1.0804410464320136,0.4825303695289594,24.065109434583775,0.4825303695289594,Core_Saturation
25.13503936993643,1.6529720517627453,0.0738591453297498,2.7871140261185796,0.6576365477031382,70.05422077499253,0.06576365477031382,Switch_Open
23.143033298370824,11.55179119866144,1.082121370819836,1.903152259210488,0.49914767220572764,44.04471610677798,0.4991476722057277,Overcurrent
23.73106751839705,23.73106751839705,2.733747165598358,1.6700769245114755,0.6367234836115275,39.63270825649872,1.0,Switch_Short
24.741775532887605,15.353281759282263,2.9065847927325796,0.9761478186682109,0.6205408233080993,24.151630216406748,0.6205408233080993,Inductor_Short
23.32982462859485,10.829749585078382,1.1753546270086592,1.1189723960003892,0.4642019285393426,26.10542976292767,0.4642019285393426,Overcurrent
22.226342624586863,8.71347748682734,1.048938678518675,0.5671133989750591,0.39203379674299,12.60485671261369,0.39203379674299,No_Fault
23.495684188051253,1.0865176272829273,0.02517554254553253,0.5935954415832223,0.46243285302390835,13.946931030906217,0.04624328530239084,Switch_Open
25.777794330777212,16.252562933332403,0.540019640739006,1.3778776274925422,0.6304869503100881,35.51864609448201,0.6304869503100881,No_Fault
24.566937589194232,9.606974997056282,1.4017024321022327,0.5796199357848684,0.3910530143277569,14.23948678787963,0.3910530143277569,Inductor_Short
24.68591659466883,12.584251735623566,1.029012647783993,0.7131644700061917,0.5097745383430997,17.605118624854047,0.5097745383430997,Core_Saturation
24.529128614550558,0.0,0.7547587951998453,0.0,0.622438699184299,0.0,0.0,Short_Circuit
22.795968555837746,22.795968555837746,1.6098692753953217,0.7975118371614933,0.4413909900513515,18.180054762841795,1.0,Switch_Short
23.67333545640912,13.18329830496417,0.8600654935507283,1.832541835017061,0.5568838548010789,43.38237759826242,0.5568838548010789,Overcurrent
25.003759193453273,8.962031564249545,0.9205376900688765,0.6421244860690359,0.3982526296195258,16.055526021890117,0.35842736665757324,Cap_Degrade
22.405491590212637,7.701031354735554,0.5988663384560147,0.8754886803594517,0.34371177814726395,19.615754265120056,0.34371177814726395,No_Fault
23.11141110435885,14.277159491683072,0.813542897929173,0.8327938965489023,0.6177536900371425,19.247042108342576,0.6177536900371425,Core_Saturation
23.105276433863416,7.846261891013864,1.1739444490730233,0.8149899398507257,0.33958744936348273,18.830567851068736,0.33958744936348273,Overcurrent
23.728075710378025,9.694166028647965,1.5560022372646167,0.8092910976182262,0.4085525580318338,19.202920436020204,0.4085525580318338,Core_Saturation
25.92147496376874,0.0,0.9441442022201196,0.0,0.642043768798976,0.0,0.0,Short_Circuit
22.270010186735288,9.76735287707372,1.7016599117525284,0.6083535645515512,0.43858771483146686,13.548040079699769,0.4385877148314669,Core_Saturation
24.07480397752238,16.592791613573983,1.3276794072035405,2.222192347892054,0.6892181398056644,53.498845175851415,0.6892181398056644,Overcurrent
22.717458728048843,0.0,0.9276929091162046,0.0,0.6918937339095439,0.0,0.0,Short_Circuit
25.882706181638977,1.0542295619683204,0.05705597325259897,0.5784613433750392,0.40731040818142267,14.972144988012314,0.04073104081814227,Switch_Open
22.453214018909858,6.393601191050509,1.4535722238351587,0.6054253859758819,0.31639128889995616,13.593745763797584,0.28475216000996056,Cap_Degrade
23.614404009446364,13.744180901015078,2.0094367437923415,2.3230081774489526,0.5820253136821516,54.85645361952724,0.5820253136821516,Core_Saturation
24.951539939338424,1.1986585074974607,0.046300040525120476,0.6784214731891423,0.48039460105933746,16.927660483983693,0.04803946010593375,Switch_Open
24.81821771210978,7.601100948210718,1.144716837814743,0.5589559721702028,0.3403011375838305,13.87229100880407,0.30627102382544746,Cap_Degrade
23.69091454757573,13.812019422220198,1.0156063828739097,0.7786297608050089,0.583009127591217,18.446451127430795,0.583009127591217,Core_Saturation
23.386096671810872,7.3074527768337845,1.0605221848950899,2.0647737456664137,0.3124699636447685,48.28699842157179,0.3124699636447685,Overcurrent
23.590449514211482,15.288467292059906,2.221992436707664,2.7994220766569295,0.6480786761968969,66.03962516834436,0.6480786761968969,Core_Saturation
23.057105052634558,7.376311698859739,1.0183151152025223,0.4310089654750171,0.35546101164532146,9.937818995584811,0.3199149104807893,Cap_Degrade
22.8213317548272,8.008570174931897,1.4276382991901473,2.2196934232150816,0.35092475149869,50.65636000519943,0.35092475149868996,Overcurrent
23.93215879023556,23.93215879023556,1.8146698410065214,0.5168530593339856,0.37026891918743376,12.369409487199986,1.0,Switch_Short
23.07413502427043,15.785166753325294,2.2482672407769466,0.9099049490854747,0.6841065433968265,20.995269654450155,0.6841065433968265,Core_Saturation
23.149846659589002,13.363659757477476,2.1584400704551157,0.8549690069322304,0.5772677441015384,19.792401409182222,0.5772677441015384,Inductor_Short
24.627024253898227,24.627024253898227,1.084537988471869,2.192913234692107,0.6205486141854546,54.00492741745693,1.0,Switch_Short
25.874149326799568,11.877631597403496,1.086754796691388,0.791262935341702,0.4590539942931012,20.47325534579295,0.4590539942931012,No_Fault
24.4145488022375,10.608734040064586,0.7745726956795966,1.1571292750801976,0.4345250910019822,28.250789156943185,0.4345250910019822,Overcurrent
22.307917868259864,8.34547957905505,0.5857294542394842,0.7717416228617533,0.39379360271326797,17.21594873831757,0.3741039225776046,Cap_ESR_Increase
22.30233445541627,10.978529569728773,1.3208533046946633,1.9599699735164389,0.49225921132496353,43.711905871936985,0.49225921132496353,Overcurrent
25.805692883382264,13.437836993738095,1.163594455471134,1.1541683136663687,0.5207314934136674,29.784113038205522,0.5207314934136674,Core_Saturation
23.189163161229335,12.816880920618358,1.2965485540464985,4.111876745907364,0.5527099374611021,95.3509807597106,0.5527099374611021,Overcurrent
22.3682679443299,8.109898757688775,0.788217582955867,0.4902508482630406,0.4028474015994778,10.966062333882713,0.3625626614395301,Cap_Degrade
24.396178348601527,0.0,0.6943263538737743,0.0,0.6794616323611962,0.0,0.0,Short_Circuit
24.494595113161065,0.0,1.4739355741044275,0.0,0.3679033992828543,0.0,0.0,Short_Circuit
24.594019280474754,16.877922903525146,0.8616453277550196,2.4500265179045857,0.6862612699065649,60.25599941901981,0.6862612699065649,Overcurrent
23.069608111430163,7.057972403150452,1.1013762114431604,0.8677190597774159,0.3059424490030015,20.01793865988363,0.3059424490030015,Overcurrent
22.0604427368579,0.0,1.1099814928144716,0.0,0.49245027672673825,0.0,0.0,Short_Circuit
25.860061477817887,1.1206383558713988,0.05302367410867509,0.7464486853509279,0.4333471352466251,19.303208893211334,0.04333471352466251,Switch_Open
23.003572182764408,11.033648803354962,2.122043615281822,0.7482472699101014,0.4796493655721003,17.21236008393342,0.4796493655721003,Core_Saturation
24.70410515221019,24.70410515221019,2.348882142733737,0.7047328170138403,0.5282658315923155,17.409793615723213,1.0,Switch_Short
24.82651947951484,1.1773620930441646,0.04518665020524651,0.6742466229217345,0.4742356632050836,16.73919691796354,0.047423566320508356,Switch_Open
24.440029668317944,11.387556632167076,1.3623803845242741,1.1938521213187292,0.46593874012063796,29.177781264614055,0.46593874012063796,Overcurrent
23.251629576854594,13.790294248047559,1.0215943486739465,0.7647465769763705,0.5930893661653226,17.781604128022085,0.5930893661653226,Core_Saturation
23.084385015056263,13.258528307232314,2.088473515220835,0.7353426498073347,0.5743505100345858,16.974932846144203,0.5743505100345858,Inductor_Short
24.39067313081081,15.446820927014455,2.901100743887513,2.5935544356409275,0.6333085128143391,63.25853848668237,0.6333085128143391,Inductor_Short
25.464382534446766,10.185335206815276,1.1253976298804127,0.5757865355396274,0.3999835924957982,14.662048599164901,0.3999835924957982,No_Fault
25.786934915693582,14.02322927882317,1.3169684504748762,0.9936971704970735,0.5438114039016254,25.624404261516904,0.5438114039016254,No_Fault
22.42362321761503,11.975961915909487,1.7303410883177894,1.118551848667532,0.5340779141571416,25.081985203887488,0.5340779141571416,Core_Saturation
22.61931445039088,9.62452662552623,1.4733079498916795,1.7324840719380874,0.44789512434907547,39.187602003461215,0.4255003681316217,Cap_ESR_Increase
25.778945035132317,12.745703773187989,1.4444878798452436,1.6809250460660325,0.49442301676107236,43.33247437071351,0.49442301676107236,Overcurrent
24.94614091333917,9.553413329279524,0.7729217275327368,1.069724439212577,0.4255128573222915,26.68549659903967,0.3829615715900624,Cap_Degrade
25.531975299319093,9.108219652317192,1.3393221625134377,0.7579670057151686,0.35673775904679406,19.35239486761854,0.35673775904679406,Inductor_Short
22.81053053654137,8.793926778791123,0.9839907503325399,1.1551253378961897,0.3855204842650931,26.349021793613705,0.3855204842650931,Overcurrent
24.35034348443761,8.332820458197178,1.2018624268242157,0.8923264765143388,0.3422054585604804,21.7284562033821,0.3422054585604804,Overcurrent
24.804558377669895,0.0,0.7271912531822161,0.0,0.5732278300760496,0.0,0.0,Short_Circuit
24.72044754178789,1.3949525006847188,0.025205072521508356,1.186289318186341,0.5642909572436606,29.325602859608765,0.056429095724366066,Switch_Open
23.632606763466793,16.075904655597288,1.6858702316734107,1.4862050594363843,0.6802425486319491,35.12289973953486,0.6802425486319491,Inductor_Short
22.061579566765232,13.05761722236143,1.4688593354677884,1.5189111138520142,0.5918713654588965,33.509578393090216,0.5918713654588965,No_Fault
24.331704227217053,7.806056850113764,1.1949674606058467,1.4747328488247073,0.3208183355024526,35.88276349176398,0.3208183355024526,Overcurrent
23.012406156718434,23.012406156718434,1.8026508878824479,2.2568034772421877,0.6536980695715816,51.93447823419169,1.0,Switch_Short
23.80101698457156,1.535332357754717,0.03462880486734202,0.7846706740481384,0.6450700651782902,18.67596004031496,0.06450700651782904,Switch_Open
25.83032406033527,0.0,0.856089673754747,0.0,0.47732812830907945,0.0,0.0,Short_Circuit
23.59614127056974,12.60848530335643,0.669839433301248,1.8228025949721396,0.5343452202111686,43.01110753932372,0.5343452202111686,No_Fault
25.359206426657707,17.508790696700686,1.2126116426259028,1.7011890160555174,0.6904313329890075,43.14080342891458,0.6904313329890075,Inductor_Short
22.754162422997005,11.67110470828761,2.110113558858831,0.8838005135181416,0.5129217455392665,20.110140434119955,0.5129217455392665,Core_Saturation
24.689841992100114,24.689841992100114,2.995300676750947,1.258177152439783,0.6621287313504358,31.0641950918087,1.0,Switch_Short
25.908027817755773,8.632956524246008,1.3282288791915806,1.5603936152445237,0.33321550312407455,40.42672119040362,0.3332155031240745,Inductor_Short
22.40757240349175,7.591207638071168,0.5545225588782797,0.4378779791108215,0.3764207474834731,9.81178252082038,0.33877867273512585,Cap_Degrade
22.03327976890877,0.0,0.8297311071462123,0.0,0.47630197737652713,0.0,0.0,Short_Circuit
23.734331170530456,0.0,0.9616591807614153,0.0,0.5339027233349218,0.0,0.0,Short_Circuit
22.370501932205467,14.014921274548316,1.409642494151709,2.28008722923294,0.62649114074512,51.0066957671525,0.62649114074512,Inductor_Short
24.993537398704927,0.0,0.8014249117985585,0.0,0.6953048460572747,0.0,0.0,Short_Circuit
25.658194655394237,11.688349352047961,1.0513061035374864,1.6539845168722271,0.4555405985896466,42.4382566909158,0.4555405985896466,Core_Saturation
23.736083890835037,7.571009774113857,1.911390852648677,1.3457486978684703,0.31896625445603394,31.942803988588025,0.31896625445603394,Core_Saturation
23.034846568621763,12.863159128809421,1.2125779432472608,1.3364380466800887,0.6204686013181299,30.784645353744413,0.5584217411863168,Cap_Degrade
23.73761327602644,12.216910980475834,1.24844666733708,0.8966969931610437,0.5417522876331232,21.28544644943258,0.514664673251467,Cap_ESR_Increase
24.893791271400005,9.445131176256817,0.8872178570792048,1.4144505985511697,0.3794171435472806,35.21103796403962,0.3794171435472806,No_Fault
22.036216646321485,10.972523823046249,2.818081882628472,1.1311976460730397,0.49793138264856807,24.9273163986744,0.49793138264856807,Inductor_Short
24.35781595793879,13.085790592628484,1.46953254153502,1.29054128415064,0.5969240982134897,31.434767085463278,0.5372316883921407,Cap_Degrade
24.453166739549516,14.8715531767864,1.010458968938118,2.0118711326953544,0.6081647148274575,49.196620266285855,0.6081647148274575,Core_Saturation
24.550752987583742,11.044466266218572,0.723012641411878,0.9746265951963704,0.49984736479950476,23.927816793795863,0.4498626283195543,Cap_Degrade
22.96808831992351,9.694504209786489,1.5384465420005546,1.5441506730334074,0.4220858120515436,35.46618903750063,0.4220858120515436,Core_Saturation
24.856210893512507,0.0,0.5912505692822453,0.0,0.6894970328153973,0.0,0.0,Short_Circuit
22.365565945327106,0.0,0.9364483988231128,0.0,0.5653450443825971,0.0,0.0,Short_Circuit
22.797081345867202,10.561773978549203,1.6226868971665653,1.2114273083595894,0.46329500773851945,27.61700689327851,0.46329500773851945,Core_Saturation
25.509880186617927,1.0514797354470677,0.051103678556866663,1.6351173630666045,0.41218528968186097,41.71164802288772,0.041218528968186105,Switch_Open
24.954892602906266,1.47843063498792,0.0415454291539013,1.3015856490276274,0.5924411932014249,32.48093008496849,0.05924411932014249,Switch_Open
22.05498221604538,8.315383534097567,1.1466903866849276,0.46739912289160335,0.39687337823750707,10.308479343169521,0.37702970932563173,Cap_ESR_Increase
22.9935050414792,22.9935050414792,2.9176019085176956,0.5344132799863969,0.36868399558947523,12.288034447600651,1.0,Switch_Short
22.85762593197266,1.1701585715582734,0.035300870214568805,0.6789731707194044,0.5119335555848281,15.51971475414956,0.05119335555848281,Switch_Open
23.08322531214789,0.9602505322479176,0.05774156791970018,0.5311499223142533,0.4159949570576567,12.260653331309756,0.041599495705765675,Switch_Open
22.990239081119547,12.680543580791884,0.8150950412340778,0.6473160558998498,0.551562057969446,14.88195088618489,0.551562057969446,Core_Saturation
22.25010518297138,7.724690723328198,0.5664164044814349,0.9392464303594571,0.3471754699496934,20.898331868228325,0.3471754699496934,Overcurrent
23.835762066387282,0.0,1.051828224223585,0.0,0.5619764418269286,0.0,0.0,Short_Circuit
24.930933899144662,9.78919802633603,0.6654330983607445,0.9831158596562044,0.41331861119908087,24.509996512289614,0.3926526806391268,Cap_ESR_Increase
24.426926898869745,0.7330451726330147,0.026117339421342867,0.9489689634981526,0.30009717377380507,23.180395500665565,0.030009717377380507,Switch_Open
24.69148667439232,8.661141992942424,1.3430259952960444,0.5660914818395663,0.35077442306967055,13.977640280328652,0.35077442306967055,Inductor_Short
22.324596714144956,0.0,1.0648491709995744,0.0,0.6734461511340376,0.0,0.0,Short_Circuit
25.80596284070715,15.025461738212247,1.2033409545189324,1.390044037956016,0.646941855646143,35.87142479043946,0.5822476700815288,Cap_Degrade
25.3539673353721,25.3539673353721,1.40495712828276,0.6291539981276512,0.3934436128144947,15.951549917447228,1.0,Switch_Short
25.22036127398265,15.418436637456884,1.1682594372081745,1.2407819704778027,0.6113487618181964,31.29296955769426,0.6113487618181964,No_Fault
25.29193522016707,13.74436189060613,0.6824763310992293,1.1973482249015286,0.5434286372695897,30.28325374019149,0.5434286372695897,No_Fault
25.730842032531044,16.8265243676749,1.224803169294383,1.5878790809562613,0.6883618845799477,40.857465798846135,0.6539437903509503,Cap_ESR_Increase
24.17701586445479,10.866172742378454,0.9119596798957988,1.7289923888727272,0.4494422638136236,41.801876415297514,0.4494422638136236,Overcurrent
22.801128071470504,1.3055566702107855,0.057689975466680844,1.2429806812368092,0.5725842450068684,28.34136170324414,0.05725842450068685,Switch_Open
24.467134431410166,0.0,1.4950527524792472,0.0,0.3254142889695674,0.0,0.0,Short_Circuit
24.971525974671756,0.0,1.437816965232562,0.0,0.45849893872656233,0.0,0.0,Short_Circuit
24.9516695734161,16.24979255659986,0.554709933619714,0.9376079943829309,0.6855270644752721,23.39488486523627,0.6512507112515086,Cap_ESR_Increase
24.085796096667522,12.41845220580392,2.7708775287246112,1.4756675995652386,0.5155923497800482,35.54262890958716,0.5155923497800482,Inductor_Short
22.273834877334313,8.322320404746028,0.5664907951747665,0.5015025042974808,0.4151518013339378,11.170383971291729,0.3736366212005441,Cap_Degrade
23.48445175372051,8.175134578503059,1.453046586159845,1.61511760681037,0.3481083852514427,37.93015151372267,0.3481083852514427,Overcurrent
25.68306643385343,14.93242596974838,0.7818256790996847,3.098137425031748,0.5814113360726121,79.56966930829799,0.5814113360726121,Overcurrent
24.337795639029704,0.0,0.882034830411271,0.0,0.5579424173718907,0.0,0.0,Short_Circuit
24.153327773022852,10.85874405858465,1.1832764103514557,1.1346122300117552,0.4495754854415098,27.404661086754317,0.4495754854415098,Inductor_Short
23.075414057528775,15.699970392750748,1.2245455166578192,2.7094625942896933,0.6803765407463337,62.52197123662077,0.6803765407463337,Inductor_Short
23.473795679666317,0.0,1.2267405652293197,0.0,0.3088811251951401,0.0,0.0,Short_Circuit
25.581384356612677,10.782285941729619,2.8886644714965835,0.6814749615513788,0.4214895406527303,17.433072920853668,0.4214895406527303,Inductor_Short
24.665852190107344,1.648734117938563,0.05553742474771548,1.664652136918443,0.6684277945198325,41.06006355717665,0.06684277945198325,Switch_Open
25.14954810700933,10.234746083696036,1.3374350170794922,0.7459066073291758,0.4283741753277761,18.759214104361224,0.40695546656138726,Cap_ESR_Increase
23.817381692270622,23.817381692270622,2.5239394891943068,0.6407561945411306,0.40090113354206813,15.261134857072918,1.0,Switch_Short
24.52098887782463,12.596141755439803,1.5256285491058834,0.7869617729942504,0.513688163972499,19.297080882865167,0.513688163972499,Inductor_Short
22.99353443497283,0.0,0.5452296309202149,0.0,0.6295206999682151,0.0,0.0,Short_Circuit
24.821843321133944,8.470670091382242,0.5018727439191686,0.7373194117904097,0.3412587043513444,18.30162691709219,0.3412587043513445,No_Fault
23.71040533481335,16.0568829063735,0.8506492829540186,2.1419226681452734,0.6772082838582945,50.78585465754933,0.6772082838582946,No_Fault
23.770182059258982,1.4690665472200035,0.0370732114099608,1.5015164603706264,0.6180291524724656,35.691319627983916,0.061802915247246556,Switch_Open
24.597289298307526,0.9162492777969734,0.028115886252459282,0.7979521649431214,0.37250010222062074,19.627460247316762,0.03725001022206208,Switch_Open
25.745122485875708,1.5055829614548848,0.033976414624683336,0.9584589400025375,0.584803184479265,24.675642808047925,0.05848031844792651,Switch_Open
22.256025386434484,1.010386805743069,0.03122494491339739,1.944236081536016,0.45398348905502284,43.270967587887476,0.04539834890550228,Switch_Open
25.29897294938803,11.66074875615063,1.4148783806173704,1.1975979590827952,0.46091787123052746,30.29799837107795,0.46091787123052746,No_Fault
23.169532441648773,1.4210245815688385,0.03201336067295845,0.8510332543413037,0.6133160369755465,19.71804259538277,0.06133160369755466,Switch_Open
23.77567781802551,16.28904790646343,1.0376484639876793,2.1628086438713807,0.6851139231922928,51.42224149872662,0.6851139231922928,Overcurrent
22.087653315100034,7.745308398438095,1.6396589326682467,0.4848059658193137,0.35066234913887756,10.708226098109238,0.35066234913887756,Core_Saturation
23.20418431133725,10.865407910784203,1.0434894577086338,0.6325496726847318,0.46825209475152774,14.677799191052568,0.4682520947515277,No_Fault
24.01052497052052,11.82222168726434,0.599056434215988,0.7058659837682327,0.4923766432337214,16.948212829108186,0.4923766432337213,No_Fault
22.224704309389757,9.011500953118684,0.8187983617505512,0.6573192946226786,0.450524726781999,14.60872695984568,0.40547225410379917,Cap_Degrade
23.96438291753266,10.670756168147301,0.5512703324631533,0.9202955622419761,0.44527564948649,22.054315250872726,0.44527564948649,No_Fault
25.70844251543371,8.250031168776362,1.3435048711444741,0.4176390421009551,0.3209074670246386,10.736849306053204,0.3209074670246387,Core_Saturation
22.42157287243122,12.874813516853697,1.377197862543184,0.951146599246769,0.5742154482250492,21.326202787376566,0.5742154482250492,Inductor_Short
25.057762912302017,11.889551850939451,1.0616325332843797,1.4785171248534315,0.47448576684801813,37.04833157635573,0.47448576684801813,No_Fault
23.63868421350397,8.933472939030151,1.1928083938491005,1.9023188948498089,0.3779175210575707,44.9683156287365,0.3779175210575707,Overcurrent
24.62069485809735,15.422733199094688,1.0321198602047064,1.0012527307859038,0.6264134009208273,24.651537960516436,0.6264134009208273,No_Fault
23.040946391940917,14.308987587357336,1.8684733932227915,0.7582489909259851,0.6210242992606512,17.47077435166892,0.6210242992606512,Inductor_Short
22.637969050165434,10.07618234780161,0.8873334208566924,1.4576288067923182,0.4945566512355575,32.99775581479407,0.4451009861120018,Cap_Degrade
22.641850457084907,9.020767970908969,1.4758609449067042,1.5228940750820659,0.4193802644591042,34.48113990998877,0.39841125123614896,Cap_ESR_Increase
22.28196778257258,12.371774958167961,1.4387361301305401,0.6789111688972757,0.5552370903185809,15.127476792597786,0.5552370903185809,Inductor_Short
22.742586819604973,9.444106031950367,1.2342183395288688,0.5042458470635433,0.4152608543109612,11.467854955267883,0.4152608543109612,No_Fault
24.65687753995587,9.2385131807385,1.383230557214131,1.0633151271744599,0.3944031721294848,26.21803087712326,0.37468301352301053,Cap_ESR_Increase
25.526762447374033,1.5117098349274476,0.04596000036353673,1.4182093003158316,0.5922058616105306,36.20229190981877,0.05922058616105306,Switch_Open
25.256502742364646,25.256502742364646,1.5946011984512787,0.5357603899031929,0.31613009588838026,13.531433756840341,1.0,Switch_Short
24.740537239497936,8.360010326554042,1.9410829720919505,0.840290690359081,0.33790738841383755,20.78924311683227,0.33790738841383755,Inductor_Short
22.44172745364441,6.4537808977998745,0.6525353184819684,0.3741428192364385,0.3027152696094359,8.3964111780423,0.2875795061289641,Cap_ESR_Increase
23.1567497851838,8.3636917757792,0.818895048343635,1.2646047422913376,0.36117727459017046,29.284135594397345,0.36117727459017046,Core_Saturation
23.239227501289875,0.0,0.6116031994518918,0.0,0.3275960034841838,0.0,0.0,Short_Circuit
22.999827785590483,16.06126152264569,1.0307175471933392,1.976212906655128,0.6983209471119673,45.452556520729146,0.6983209471119675,Core_Saturation
24.06002263883889,9.997516557818777,1.004176820338043,1.0760064380100993,0.4155239879816358,25.888739258059385,0.4155239879816358,No_Fault
24.14221525951869,8.684128775144218,2.0237049542416834,1.2973199841618415,0.3597072050676989,31.320178318110553,0.3597072050676989,Core_Saturation
23.42754390068444,9.286643335845348,1.471284663999374,1.5515606177792045,0.39639850319836717,36.34925448759539,0.3963985031983671,Inductor_Short
23.415156634945745,14.213121970967883,1.4351620107467782,0.9668327342065239,0.6744502286160539,22.638539911238624,0.6070052057544485,Cap_Degrade
25.314222391624327,25.314222391624327,2.909815817870007,1.7230695990588663,0.5080640892097582,43.6181670268231,1.0,Switch_Short
25.15717139327874,11.218267968458193,2.1883569072678077,0.5996241442133879,0.44592723852314275,15.08484736752429,0.44592723852314275,Core_Saturation
23.231183326722984,23.231183326722984,2.675125469352648,1.433966645434614,0.6493565831636877,33.312742024497496,1.0,Switch_Short
25.655153775493037,11.749960584951522,1.7276500815954412,0.7802571610864777,0.45799610821961295,20.017617452103227,0.457996108219613,Inductor_Short
25.811260068010025,1.1202175350079093,0.028634195550131154,1.3366105417903609,0.4340034279830783,34.49960230379479,0.04340034279830783,Switch_Open
23.306970168120163,8.478314974301211,1.1757006049431444,1.0371535663750004,0.3829130090198942,24.172907231261572,0.3637673585688995,Cap_ESR_Increase
23.41769979517222,10.564162980903722,2.1173628878744672,0.7755997147521551,0.4511187295637646,18.16276128128717,0.45111872956376464,Inductor_Short
24.022536613687834,10.249785599065852,1.3499757671095955,1.5287185391255687,0.42667374240677036,36.72369707816735,0.42667374240677036,Overcurrent
25.764483250134695,0.0,1.4959910509461052,0.0,0.5709215837192564,0.0,0.0,Short_Circuit
25.505277732569247,10.605938243440963,1.0081573065601477,1.2959991338888166,0.4158330818682908,33.05481785100346,0.4158330818682908,Overcurrent
22.41027185033436,11.89716284680977,0.8452040310397843,1.579935304884783,0.5308798985690245,35.40677968840889,0.5308798985690245,Overcurrent
23.570922973085665,23.570922973085665,1.371803423112534,0.6554110724789824,0.32635686601278907,15.448643905109561,1.0,Switch_Short
24.213484758999087,9.11675625979286,0.7571997372260562,0.49656601356159535,0.3765156626786057,12.023593601210623,0.37651566267860564,Core_Saturation
24.01252989020616,11.116891471859876,2.0182273849777586,0.7753080146744676,0.46296210864453946,18.61710687648705,0.4629621086445395,Inductor_Short
22.77545227174757,15.368412886903066,1.0555186667025958,0.7741112383596371,0.6747797015634781,17.630733562283325,0.6747797015634781,No_Fault
25.435267084672617,10.321903918226258,1.3249384798173973,0.6632978096601108,0.45090079428627816,16.87115694538326,0.40581071485765036,Cap_Degrade
24.70776313198735,13.975443375071467,1.0045769678928007,4.934267910842326,0.5656296484799336,121.91472277085826,0.5656296484799336,Overcurrent
25.351633499407214,0.0,1.4164683486660565,0.0,0.4020348889685592,0.0,0.0,Short_Circuit
25.43505711739789,8.922959639501949,1.692125214857153,0.6571564613670311,0.3508134303892927,16.714812129937517,0.35081343038929275,Core_Saturation
24.99342341466296,7.679077084980028,1.4743698620431915,0.5108846564279963,0.32341464003202003,12.768756534159523,0.307243908030419,Cap_ESR_Increase
23.75684240499887,10.02931686279546,1.2966034696154942,0.7566413389462824,0.4221653994171005,17.975409046454164,0.4221653994171005,Inductor_Short
24.4421870200617,0.8874088227116502,0.06776680651511573,0.5284725644264908,0.36306441071876316,12.917025254683894,0.03630644107187631,Switch_Open
22.64146162447897,0.0,1.1751438544438484,0.0,0.36960417920644967,0.0,0.0,Short_Circuit
24.69458166989963,24.69458166989963,1.340466064876661,1.9233975588234968,0.60430372335478,47.49749810005242,1.0,Switch_Short
22.717013022957122,6.959021372452427,0.6897635581460109,2.3960477089715106,0.3063352283779497,54.431047008332385,0.3063352283779497,Overcurrent
24.77579836204063,12.96081598842245,1.4265006190442213,0.9530217658947092,0.5231240502941737,23.611875106443204,0.5231240502941737,No_Fault
22.918392643015874,1.0354175758225528,0.026610768022518647,0.6754635406562028,0.4517845522373859,15.480538640800573,0.045178455223738596,Switch_Open
22.47020520060088,10.164577083393626,0.9625349432957061,1.1416997529960682,0.5026199999634189,25.65422772729699,0.452357999967077,Cap_Degrade
22.66113796057183,11.900090849732141,0.8134752899341016,1.6756251199138132,0.5251320948858411,37.97157201256663,0.5251320948858411,Overcurrent
22.00796854087628,9.361025106799968,1.165077439998428,1.618893945614566,0.42534707778291125,35.62856702610044,0.42534707778291125,No_Fault
24.87495847141412,24.87495847141412,2.679258775137984,1.6024309622585176,0.4180435440737141,39.860403639488794,1.0,Switch_Short
24.929604196233516,24.929604196233516,1.7207562431131391,0.9527207270080166,0.5933607397339622,23.750950633857695,1.0,Switch_Short
24.059733399653037,15.602996840474992,1.3903531309842558,1.4830272071738546,0.6485107952484628,35.68123922903496,0.6485107952484628,Core_Saturation
22.645451204221533,8.111170818257325,1.6301095629515558,0.5665606247910886,0.37703265298341115,12.830020982939862,0.35818102033424054,Cap_ESR_Increase
22.33421735004276,6.815124585995711,1.283916509679203,0.4333051059042342,0.33904750421405955,9.677530414148464,0.3051427537926536,Cap_Degrade
22.076515865749148,13.823484300064818,1.5369245440249708,0.817963955794623,0.6591183225568104,18.05779424771093,0.6261624064289698,Cap_ESR_Increase
22.662992707860884,0.9970769148820104,0.04693811103258149,1.3149686571043828,0.4399581854589594,29.801125087022246,0.043995818545895946,Switch_Open
25.563422139932587,13.306450318219635,1.1011143059761728,1.0823282402694954,0.5205269562651257,27.668013699979493,0.5205269562651257,Core_Saturation
22.966147366806727,22.966147366806727,1.8237269307729034,0.6366940890819233,0.44381725780800135,14.62241027743022,1.0,Switch_Short
23.417085308868863,23.417085308868863,2.432183835663027,0.49389758948969636,0.3503209345384205,11.565641986924913,1.0,Switch_Short
22.421381937925332,12.011866541169125,0.6094304048359793,1.4325302887414921,0.5357326579790912,32.119308741519454,0.5357326579790912,Overcurrent
22.88944521899268,11.674906669232241,1.5409382112330177,1.3861552728886581,0.5100563407078519,31.72832518380279,0.5100563407078519,Inductor_Short
24.07689828312082,0.0,0.5466359004615904,0.0,0.38119742367647885,0.0,0.0,Short_Circuit
24.43101073238261,24.43101073238261,1.8646954766762631,0.848013834837432,0.48074761786091114,20.717835100122233,1.0,Switch_Short
22.981409256664843,0.0,1.3274457359796132,0.0,0.6187790016062583,0.0,0.0,Short_Circuit
22.23092863690047,11.919566816492049,0.5246636882980108,2.4357727348972773,0.5361704412431565,54.14948984520925,0.5361704412431565,Overcurrent
23.564131476509594,0.0,1.175323526807166,0.0,0.33876693082679793,0.0,0.0,Short_Circuit
22.936813483705336,11.313541252318153,1.5757454619651137,0.7560689985529514,0.519208598891654,17.341813600620927,0.4932481689470713,Cap_ESR_Increase
22.87821569291921,0.0,0.7369278615111823,0.0,0.5810953197158347,0.0,0.0,Short_Circuit
25.83945121085382,15.945043754595897,1.7904522610914724,2.1272989864733605,0.6170813623123005,54.96823837187718,0.6170813623123005,Core_Saturation
24.465201943702898,24.465201943702898,2.9502038022004005,1.8703479913802818,0.5516470314537066,45.75844131411768,1.0,Switch_Short
24.227513772688383,8.74766524537658,2.193417090228695,0.8996283649908817,0.3610632658163135,21.79575860311772,0.3610632658163135,Core_Saturation
23.663100414093286,13.820890651719031,1.4698583860582866,0.9950122761596324,0.5840693066360643,23.5450754040209,0.5840693066360643,Inductor_Short
23.715777333720578,12.863198132292945,0.6603641585332756,1.3049503411280328,0.5709367384326065,30.947911721755133,0.5423899015109762,Cap_ESR_Increase
24.163620015352322,0.7485182771620478,0.0324141268947958,1.409658114072752,0.3097707531762533,34.062443020012154,0.03097707531762533,Switch_Open
24.78571922814443,11.517900601137374,1.202035668482142,3.569435127720725,0.46469906703609726,88.47101687876174,0.46469906703609726,Overcurrent
24.808584384727318,24.808584384727318,2.451517750906551,1.1484401919625806,0.4331800987849493,28.49117541311612,1.0,Switch_Short
22.6867756308218,1.288075321176161,0.058711828081409956,0.8647373417181154,0.5677648257014574,19.618102051152164,0.056776482570145746,Switch_Open
24.00045100830651,0.9275078092295467,0.04180391938711191,1.4318416595897254,0.38645432492436826,34.36484560263549,0.03864543249243683,Switch_Open
23.647832380136407,12.683485791090577,0.6697769397581221,1.8916666689609478,0.5363487691897034,44.73381630667948,0.5363487691897034,Overcurrent
25.482107865077538,1.6952797488315507,0.05403805459761266,2.4936862534816226,0.6652823847256689,63.54438209287979,0.06652823847256689,Switch_Open
24.525675684873505,15.184359602026472,0.9836804457578665,1.8575890045621812,0.619120948883443,45.558625481679066,0.619120948883443,No_Fault
24.130016265663926,16.132920944909873,1.843251220683455,2.127559945879267,0.6685830944866121,51.33805610024178,0.6685830944866121,Core_Saturation
22.46157856871567,13.976990129790888,0.9413600786856214,2.5847002026657497,0.691402386773076,58.05644667875205,0.6222621480957684,Cap_Degrade
24.422551557293644,6.687901942164402,0.8386396946864684,0.49310074078962174,0.3042680508024651,12.042778264874226,0.27384124572221863,Cap_Degrade
22.468815622720932,12.337548254649654,1.5869571547180288,1.032339831230119,0.549096510550991,23.19545332790039,0.549096510550991,Inductor_Short
23.348826302263006,23.348826302263006,1.422940640099493,0.6218079356810483,0.46513575910356253,14.518485483585524,1.0,Switch_Short
22.57136785925733,14.5346471604925,1.5314927523733228,2.2418377712033473,0.6439417961340487,50.60134501460832,0.6439417961340487,Inductor_Short
24.768294588097476,24.768294588097476,1.1896608776882027,1.3840893835249783,0.4007258808036527,34.281533587404894,1.0,Switch_Short
22.82500845534461,14.223874581180889,0.8468570109288895,1.6468194032492205,0.6924117956460304,37.58866680358902,0.6231706160814273,Cap_Degrade
23.567437492752106,12.855640932236064,1.0731396247259164,0.7796972878436184,0.5454831878174989,18.375467094522822,0.5454831878174989,Inductor_Short
25.582699110475115,15.795141170793833,1.0296207707494902,1.6476644263186586,0.6174149608915324,42.151703253543836,0.6174149608915324,Core_Saturation
22.81726553359588,7.626438750604432,1.8701556669291435,0.6854436820557831,0.33423982112910733,15.639950501792471,0.33423982112910733,Core_Saturation
24.031220255835116,8.972852811274494,0.8254689886766227,0.9421254108343946,0.373383153903546,22.640423256380483,0.373383153903546,No_Fault
23.677086644664087,12.857257606161738,1.168237016977344,2.3029183708046714,0.6033614692136813,54.52639780113086,0.5430253222923132,Cap_Degrade
22.07249616418292,6.815867818605553,2.433768351194555,0.35701051609097206,0.30879460881572945,7.880113246990945,0.30879460881572945,Inductor_Short
25.17103245429125,15.775974653938764,1.6217780140981701,1.1926121427083898,0.626751194357513,30.01927894949471,0.626751194357513,Core_Saturation
22.276183625258398,6.1264327034581125,1.4586977413653983,0.40476576955849136,0.30557960747676455,9.01663660790398,0.27502164672908813,Cap_Degrade
23.897020083907815,13.450378862996917,0.7821597999346699,0.9042054870408243,0.5628475356245093,21.607816683794226,0.5628475356245093,Core_Saturation
24.2427131797558,24.2427131797558,2.4773053011762842,0.8505048660090208,0.4460375680927223,20.618545524643327,1.0,Switch_Short
24.51370582645835,13.350113721518273,1.458786643940408,4.207958375087937,0.5445979410876797,103.15265373688737,0.5445979410876797,Overcurrent
24.754526517231504,13.602412667443405,1.4984989022882331,0.9779609326298389,0.5784125627956455,24.2089598396018,0.5494919346558631,Cap_ESR_Increase
23.01308953409086,9.050842811847582,0.6678926918050133,1.3718595042301178,0.43699008767452163,31.5707255990412,0.39329107890706944,Cap_Degrade
22.0399151066338,7.563767808417008,0.8268203062517321,0.6743882011617497,0.3431849792443342,14.86345870252044,0.3431849792443342,No_Fault
24.893774649419647,8.161631809621337,1.3449036797529308,0.5653392686410922,0.3278583470993062,14.073428354019065,0.3278583470993062,Inductor_Short
24.142626397390316,12.930172865094145,1.101308363814704,0.7727147988217538,0.5355744090250191,18.65536469968822,0.5355744090250191,No_Fault
25.344470812828995,12.881635010351635,1.8182819729692383,0.8432774844833236,0.5082621414936446,21.37242159260345,0.5082621414936446,Core_Saturation
25.285553451602777,0.0,0.8170737693630582,0.0,0.596880403648453,0.0,0.0,Short_Circuit
25.373304671151534,12.785461160159342,2.079013147968591,1.767013461983024,0.5038942040015748,44.83497092892151,0.5038942040015748,Inductor_Short
23.940378639918162,11.227518459246893,2.38184114014239,1.101608875955862,0.4689783160123516,26.372933603477975,0.4689783160123516,Inductor_Short
23.334513583347462,10.180221225059746,1.0134737982721533,1.8987636748378842,0.4592348712944923,44.30672676207136,0.4362731277297677,Cap_ESR_Increase
25.16623281036548,7.816097406264026,1.3540155304554593,0.9898710086527687,0.31057876103906695,24.911324255986877,0.31057876103906695,Overcurrent
23.80517645211702,23.80517645211702,2.5430998705756345,0.5358942911546266,0.4342228806786628,12.75705816061806,1.0,Switch_Short
22.733768785613737,14.91079840857877,0.6211320982356278,1.7514148646406276,0.6904080630097976,39.816260580427006,0.6558876598593077,Cap_ESR_Increase
25.4198960782459,25.4198960782459,2.2422505981816583,2.613945790681598,0.6494222304908355,66.44623035329452,1.0,Switch_Short
25.53023950708939,0.0,0.7353255509597496,0.0,0.43175122681368705,0.0,0.0,Short_Circuit
23.86523902456068,11.49365055883246,1.0575182646672752,0.7154276861434222,0.5351181620265488,17.07385273460115,0.48160634582389394,Cap_Degrade
22.30279890923915,0.0,1.4568884426329662,0.0,0.6389186982141976,0.0,0.0,Short_Circuit
23.551304359667725,0.0,1.3790620045522501,0.0,0.47650973470002744,0.0,0.0,Short_Circuit
25.214150637850413,0.0,0.9045164031151317,0.0,0.3071831455000604,0.0,0.0,Short_Circuit
25.607096114184916,0.0,0.7915138583443534,0.0,0.32980418472745604,0.0,0.0,Short_Circuit
22.813890969990382,0.0,0.734405744408259,0.0,0.5041570885394826,0.0,0.0,Short_Circuit
22.267894448101085,15.315317810983714,1.03251486975652,0.8134777280767059,0.6877757502703513,18.114436184693165,0.6877757502703513,No_Fault
25.509401812531355,25.509401812531355,1.2284969065161127,1.252190367611311,0.577283816887547,31.942627233178282,1.0,Switch_Short
23.5576197559155,7.735532595753662,1.0492750081282485,0.7312525061880527,0.3283664765754278,17.22656848633839,0.3283664765754278,No_Fault
24.167043857070254,0.0,0.501333639490792,0.0,0.3757443503167451,0.0,0.0,Short_Circuit
25.872263248203037,1.5744029138756015,0.04119248153729224,0.898704673561455,0.60852925728674,23.25152389677234,0.060852925728674005,Switch_Open
22.26625891165689,14.174163894996335,1.4398686276611625,0.9517847254282231,0.6365759039824979,21.19268512454508,0.6365759039824979,Inductor_Short
24.593272029808382,24.593272029808382,2.942437579921564,2.2847781012237007,0.5470778344754363,56.19016937114355,1.0,Switch_Short
22.296421690299468,12.43625880191615,2.4544846391399577,0.6422338717585837,0.5577692678519266,14.319517228523093,0.5577692678519266,Inductor_Short
23.501875713866003,0.0,0.8496533804622377,0.0,0.31133498015335387,0.0,0.0,Short_Circuit
25.215258180773787,15.92121921660464,0.5928450865306205,0.9837921495966502,0.6314121038326034,24.806573048297963,0.6314121038326034,No_Fault
23.733888931022538,14.603701174428815,1.016800594690624,1.0042396516770957,0.6153100832683318,23.834512353032952,0.6153100832683318,No_Fault
25.9887294156118,1.04894165323779,0.03567239406630212,1.3425730158252636,0.40361405764133884,34.89176682898467,0.040361405764133884,Switch_Open
24.236237139786407,14.141133958147933,1.0364295458983577,3.7405552779824602,0.5834706879862027,90.65698475166258,0.5834706879862027,Overcurrent
23.284648610543815,0.0,1.3353623541788924,0.0,0.3859418425699992,0.0,0.0,Short_Circuit
22.880445303619013,6.871580288261028,1.227371807311524,0.6403692772537053,0.3161320644206052,14.651934222321442,0.30032546119957493,Cap_ESR_Increase
23.402082137144646,8.903430197335915,1.7006826293175035,0.600826092232306,0.3804546170361509,14.060581560560069,0.3804546170361509,Core_Saturation
23.490133095038203,8.289174046124641,1.1451333179690928,0.6946422396633252,0.37145155070171976,16.317238663126933,0.35287897316663375,Cap_ESR_Increase
22.274854710895845,9.691771435734692,1.4272656326314093,0.6091506606934225,0.43509919869393887,13.568742463992198,0.43509919869393887,No_Fault
23.47829679770709,10.424617553370467,1.5750929528626638,0.9002879380599809,0.4673797988701832,21.13722741316797,0.44401080892667405,Cap_ESR_Increase
23.8569540789569,23.8569540789569,2.0254464021471046,1.289909830206857,0.5034155565990831,30.773319585240078,1.0,Switch_Short
24.89095100895522,12.214028246129498,0.8057594871435044,1.1687225879350913,0.4907015502033312,29.09061667935172,0.4907015502033312,No_Fault
24.626917938886432,0.0,0.9595870058794439,0.0,0.40826984238611574,0.0,0.0,Short_Circuit
24.835062620916617,0.0,0.6865579121956157,0.0,0.3116682674296298,0.0,0.0,Short_Circuit
22.03345472750743,22.03345472750743,2.2726886306361784,1.4561578545130625,0.5420406488948603,32.084188163517915,1.0,Switch_Short
22.870669598322145,10.481580578969867,1.5001385036733497,0.5511086827765656,0.45829793193894175,12.604224596549361,0.45829793193894175,Core_Saturation
24.646737153599425,10.338538809371594,1.2066009556265598,0.609979033132044,0.41946886295501984,15.033992898812205,0.4194688629550199,Inductor_Short
23.93595747271899,23.93595747271899,1.3952955622392307,2.6531677007433028,0.6467764171322049,63.506109252983315,1.0,Switch_Short
22.021253902673383,13.184065763260195,1.9592639123990536,0.6597263050031403,0.5986973231192638,14.528000468746695,0.5986973231192638,Inductor_Short
25.21797856972729,14.596054971840752,1.3875889907188583,1.0514745549446434,0.6431062193489768,26.516062793207556,0.5787955974140792,Cap_Degrade
25.09123829316135,12.495263989206533,1.0663907206310974,1.6876371827567307,0.49799311788498435,42.34490670494862,0.49799311788498435,No_Fault
24.19367665197425,0.8525186346629623,0.05907675001042354,0.9962221658951027,0.352372500850711,24.102276955195563,0.0352372500850711,Switch_Open
22.26585330310509,12.880541736192885,1.2585428246158645,0.8371227502575557,0.5784885744485089,18.63925235392661,0.5784885744485089,Core_Saturation
25.066060198130337,9.5860011687037,1.0714113930442344,1.1482705350386053,0.3824295119748701,28.78261835501701,0.3824295119748701,Overcurrent
24.334854350925454,11.595360198339222,1.421069733957101,1.3505686712822471,0.4764918676366867,32.8658919065764,0.4764918676366867,Core_Saturation
25.127839908631838,8.191683740046525,2.3182598252463213,0.9251401420290579,0.3260003155795554,23.246773381955087,0.3260003155795554,Inductor_Short
25.006987969583363,14.18173857639904,0.5505755660790104,1.6402413093581798,0.630123360969193,41.01749469033366,0.5671110248722737,Cap_Degrade
25.21200828783135,8.833689080695155,1.9866004324779183,0.6323203216753049,0.3503762564190002,15.942065190641973,0.3503762564190002,Inductor_Short
24.0720322656185,15.917366611161794,0.795992625143967,2.1006805898785466,0.6612390028197238,50.56765093931487,0.6612390028197238,No_Fault
22.56129807277406,14.567655110326632,1.6523701225558185,2.2194449104300316,0.6456922409046228,50.07355818031327,0.6456922409046228,Inductor_Short
24.684629893518753,0.0,1.4609174315580615,0.0,0.4858331057756984,0.0,0.0,Short_Circuit
24.481895140207882,14.633986271452418,0.6826948127113828,1.7539943515280003,0.5977472817215962,42.94110579062543,0.5977472817215962,Overcurrent
24.96901274879635,12.309728942499058,0.8112452525785969,1.0929791446491162,0.5477780295272613,27.29061019691231,0.49300022657453524,Cap_Degrade
22.67952402420294,14.089206536721319,2.0197851514617433,1.347283684283997,0.6212302569350979,30.55575268513556,0.6212302569350979,Inductor_Short
22.779900799601158,10.76856118414629,1.3630269481496238,1.8759512579169622,0.4727220403143648,42.7339835602354,0.47272204031436477,Overcurrent
25.561638068877315,15.703112246946056,1.3750051248095556,1.450484186526443,0.6143233936977399,37.07675180061887,0.6143233936977399,Core_Saturation
24.999911193808284,11.518298846123338,1.3682518089769882,0.6249828135342086,0.48498272682605914,15.624514836011658,0.4607335904847562,Cap_ESR_Increase
25.632913954801293,16.4708646053091,1.4920115080362826,1.0494150725020526,0.6763863151371174,26.899566256316675,0.6425669993802615,Cap_ESR_Increase
25.034861284655683,25.034861284655683,1.6200327116436979,1.524503352977712,0.494548840330059,38.165729969789496,1.0,Switch_Short
24.38862122396121,11.23816260258559,0.982025201892581,1.0991195477719773,0.4850477087734918,26.806010330462293,0.46079532333481715,Cap_ESR_Increase
24.616530948111496,1.5115257595101335,0.042827811184417815,1.1485597138779549,0.614028744625405,28.273555742430762,0.06140287446254051,Switch_Open
25.55651169576004,16.065617464112567,1.332855808617921,1.1317969343576753,0.6286310767043352,28.924781590137286,0.628631076704335,No_Fault
24.31522701804776,24.31522701804776,1.0886937239072023,1.0552968892936654,0.5217956457284683,25.65978343461509,1.0,Switch_Short
24.52956529731355,8.66686374818219,0.889263197711548,0.531895284156599,0.3719191253980301,13.047160104052441,0.3533231691281286,Cap_ESR_Increase
22.625906864014404,11.021153726613255,2.3588171151902597,0.6673787978522029,0.4871032923830318,15.100050523221839,0.48710329238303185,Inductor_Short
23.89568488046441,14.779626887275363,1.0654434995653426,1.305663206711046,0.6872290011638713,31.199716547583822,0.6185061010474843,Cap_Degrade
24.865588447832394,14.949054447554698,1.8725787185873886,0.8390595301226784,0.601194477215674,20.863708959262148,0.601194477215674,Inductor_Short
23.08377079326546,14.415007887585347,1.5599223408320764,0.8861861529671488,0.6244650415516528,20.456518035259347,0.6244650415516528,Core_Saturation
22.80901672209814,7.142191957221146,1.3951691716566366,0.42822162892123894,0.31313019952769605,9.767314294828644,0.31313019952769605,Inductor_Short
23.255307232897664,1.1328678388019617,0.04653583108040052,0.5855821121516396,0.48714378505366396,13.617891928175515,0.0487143785053664,Switch_Open
22.966002511971332,12.829921785540668,1.5025544762645238,1.4260215530718088,0.5586484534630222,32.75001456997242,0.5586484534630222,Core_Saturation
22.859650548145584,14.447598000954581,1.4011891219546015,1.6026669821863309,0.6320130734512298,36.63640715783059,0.6320130734512298,No_Fault
23.699403371472346,7.19807731377045,0.836918679084374,0.41326530974537035,0.3197094614331086,9.794141275091993,0.30372398836145315,Cap_ESR_Increase
25.631354055534135,25.631354055534135,2.735657004329865,0.9906940513026828,0.6409755542567492,25.39282998965056,1.0,Switch_Short
24.028238586954874,12.479314995824142,1.7163621012389727,0.6603446963959201,0.5193603746967647,15.866919914631447,0.5193603746967647,Core_Saturation
22.751681523261293,8.1901345892114,0.5723749141743611,1.44968274798664,0.37892558823042394,32.9827201919583,0.3599793088189027,Cap_ESR_Increase
22.307886677523495,8.570955032840057,1.2246313368993937,0.660588796838737,0.42690208657988,14.736340020320135,0.384211877921892,Cap_Degrade
24.7846245805517,10.230394613495772,0.8033278163235826,1.4269476995668602,0.4127718207006243,35.366363029846504,0.4127718207006243,Core_Saturation
23.531195057745553,12.056057510927088,2.2460716902207194,0.9599950515830663,0.5123436137153903,22.589830813271636,0.5123436137153903,Core_Saturation
25.28732378634144,25.28732378634144,2.7452733753823955,1.105339242154542,0.3206742719644527,27.95107131011117,1.0,Switch_Short
24.63804307456308,8.50613014300929,0.8770781222940504,1.293684640917484,0.3634144633999694,31.87385790782564,0.34524374022997095,Cap_ESR_Increase
25.184965802165475,15.742548342680388,0.7574112301967054,3.037621196943497,0.625077217350313,76.50238596495494,0.625077217350313,No_Fault
23.087784157673795,23.087784157673795,1.7628821642112178,0.5639396565693815,0.3530415962987244,13.020117068826567,1.0,Switch_Short
24.769435689844233,9.256104848510805,0.9417836618458874,0.9381752513535607,0.39335850778325077,23.238071554205472,0.3736905823940882,Cap_ESR_Increase
23.056247938774874,11.09808441801725,0.872337818385381,1.687196853716532,0.4813482422416629,38.900428980809245,0.4813482422416629,No_Fault
25.756273917801167,11.749072565237192,0.8182765461194804,1.3263334164269736,0.5068483552453321,34.16140677982617,0.45616351972079894,Cap_Degrade
24.545497126133498,1.4860928670981952,0.05605667034241657,1.9724728390683817,0.6054441918456634,48.41532640272934,0.06054441918456635,Switch_Open
23.29804720070137,23.29804720070137,1.328527327441248,0.5834225608657408,0.4789329706664751,13.592606361004098,1.0,Switch_Short
23.07804744916909,13.504086140030878,1.4805794216906147,1.450481756653718,0.6159458484142155,33.47428680420864,0.5851485559935047,Cap_ESR_Increase
22.763706340286575,12.45945340215936,1.3124024840313153,1.2447873333136148,0.547338522818183,28.33597331165955,0.547338522818183,No_Fault
24.77856383557491,8.554548795912503,0.9764832078552704,0.48611273813954614,0.34523989576952896,12.045175513276854,0.345239895769529,No_Fault
22.87486245199171,8.292882795660791,2.0290949479178213,0.5635154402144914,0.3625325753571354,12.890338184480049,0.3625325753571354,Core_Saturation
24.381213063709957,11.5765288696001,1.12071760504544,0.7395926566117508,0.4748134901799083,18.03216614120637,0.4748134901799083,Core_Saturation
23.05854010770143,10.049326126463567,0.5693220012743637,0.7275253329533252,0.4587557572356158,16.775672069273085,0.435817969373835,Cap_ESR_Increase
24.647875779175475,14.725077451487758,2.238415850059646,0.7672130577051798,0.5974177078549178,18.910172142478658,0.5974177078549178,Inductor_Short
25.259758914162155,12.101075758585011,0.9579094069647154,1.658928937609569,0.5322948559189408,41.90414501974487,0.47906537032704666,Cap_Degrade
25.112100972578613,11.43236514014419,1.0671645462958708,0.5763562330066038,0.4552532324008997,14.47351591943688,0.4552532324008997,No_Fault
25.043405323723128,9.22358919377368,1.399339409018403,0.5281383543356125,0.36830411338015423,13.22638287463085,0.3683041133801542,No_Fault
22.75088962276901,0.8889565237773143,0.07349627867829718,0.6425608556197476,0.39073484093019806,14.618831102116891,0.039073484093019806,Switch_Open
22.353539787938075,0.0,1.134453139755603,0.0,0.5302004073876235,0.0,0.0,Short_Circuit
24.795795313949544,11.63853936789633,1.2640555898524384,0.7899967915157086,0.46937552195991694,19.58859874110038,0.46937552195991694,No_Fault
23.473388855177404,11.876854115638967,1.1676168669743285,2.0212676307767334,0.5059710035442688,47.44600107760541,0.5059710035442688,Inductor_Short
23.72938490561339,7.864959325031882,0.6607155848915056,1.0566604829841555,0.36827097412089344,25.073903315282372,0.33144387670880415,Cap_Degrade
22.124596371173563,11.253592995635167,1.2332048049529765,0.643803495278332,0.5651625009378263,14.243892475383841,0.5086462508440437,Cap_Degrade
23.038305797100197,23.038305797100197,1.8627309127760039,1.1346432416818095,0.6410154963423867,26.14025797247859,1.0,Switch_Short
22.134705615497857,8.92417770438326,0.9459652704044057,0.8359647335083487,0.4031758027147602,18.503833281145415,0.4031758027147602,No_Fault
25.51674309040499,12.671759817453504,1.6172153632708732,0.7712303624741953,0.4966056903327306,19.67928702277396,0.4966056903327306,Inductor_Short
22.97358673287412,15.063789666218396,1.2180920218255182,1.2322728240515237,0.6902109316083607,28.30972660191141,0.6557003850279426,Cap_ESR_Increase
24.229348678292034,10.498496733873413,1.0277475681243038,2.0199354989356832,0.43329669622029104,48.94172151137246,0.433296696220291,Core_Saturation
22.155917282644523,11.920294223781683,1.1269162793138956,0.7429954005476257,0.5380185379695045,16.46174463591853,0.5380185379695045,No_Fault
24.66738956522263,8.29017385914577,0.6737988571352397,0.5186784232520688,0.3360782800800977,12.794442725434209,0.3360782800800977,No_Fault
23.292109383016374,12.633779905104964,1.1276520694194272,1.6896335612742817,0.5424060009917773,39.35512972641607,0.5424060009917773,Inductor_Short
25.591676747830665,0.0,0.830357688699061,0.0,0.33585270932184713,0.0,0.0,Short_Circuit
25.552472755736144,15.723069081930278,0.7311403420098477,2.0900666179052196,0.6836941741295288,53.40637031169671,0.6153247567165759,Cap_Degrade
23.30116247344699,13.660657434880052,2.7779832771126647,1.1512203399656376,0.5862650608289245,26.8247721842762,0.5862650608289245,Inductor_Short
25.603843582761872,15.753121048288305,0.5549534538686266,4.687703810799665,0.6152639152542825,120.02323513403137,0.6152639152542825,Overcurrent
25.984630693995115,15.113745922071526,0.6766136925741228,2.151540086857561,0.5816417443086547,55.90697458031989,0.5816417443086547,Overcurrent
25.301662656495793,13.558948848767608,1.0487196055830494,2.550648279394755,0.5358916144305863,64.53564232061753,0.5358916144305863,Overcurrent
25.379485391020914,0.0,0.9810671908474736,0.0,0.47996511243420215,0.0,0.0,Short_Circuit
22.99603494443636,14.79448417787464,1.091704036749403,0.8500303937862336,0.6433493519044249,19.547328639341227,0.6433493519044249,Inductor_Short
24.306809595431027,1.659509183266386,0.025362621400757224,3.2264667215923026,0.6827342670172252,78.42511226773867,0.06827342670172253,Switch_Open
22.26902365586947,11.125926432575062,1.48806794196115,0.6556540913852399,0.4996144691616325,14.600776471125512,0.49961446916163244,No_Fault
22.37967174728668,15.052880972660933,1.1588347003588382,1.109135139856615,0.6726140196621048,24.822080353371945,0.6726140196621048,No_Fault
25.99557044813316,13.864299836968359,0.8654061309015568,1.4010373601790356,0.533333163995407,36.420765397000636,0.533333163995407,Overcurrent
23.306556997703645,12.011119794736715,1.455648371494862,0.8677521294101684,0.5153536747585733,20.2243144639768,0.5153536747585733,Core_Saturation
24.992735648195385,12.041327415027657,1.5331002409085739,2.065164429130333,0.48179309318214264,51.61410864731074,0.48179309318214264,Inductor_Short
25.226660212107266,9.679850562301327,1.6897475673864195,1.680623009608834,0.38371510461204794,42.396505608051136,0.38371510461204794,Inductor_Short
25.432093084028917,7.2840940578112825,1.2639489139950353,0.4201974876370917,0.3014878643272237,10.686501619261605,0.2864134711108625,Cap_ESR_Increase
25.990513189608627,1.0307902266672617,0.06914058994336854,0.5850708437269448,0.3966024907424245,15.206291480740608,0.03966024907424245,Switch_Open
22.965985941027473,11.572313859453605,1.0261950346217774,1.1358377530924901,0.503889268641426,26.085633868810362,0.503889268641426,Core_Saturation
22.1614033074388,0.0,1.3403615053853186,0.0,0.451983980903901,0.0,0.0,Short_Circuit
23.644766071978346,23.644766071978346,1.2431132590365381,0.9182825820412394,0.4793940912010535,21.71257684033737,1.0,Switch_Short
22.52032267931579,0.0,0.7149922235883912,0.0,0.6922592878256197,0.0,0.0,Short_Circuit
22.08970355664822,0.0,0.537175288049646,0.0,0.440108948267731,0.0,0.0,Short_Circuit
23.441707308565945,0.0,0.6408118620929995,0.0,0.48087317574404315,0.0,0.0,Short_Circuit
25.134953004300947,8.438706307492419,1.5590334600104558,0.49358121730697074,0.3534062205411278,12.406140700816362,0.3357359095140714,Cap_ESR_Increase
24.264722764900284,0.0,0.9594387466183786,0.0,0.319183092974795,0.0,0.0,Short_Circuit
23.251111956841417,12.768288265375636,0.5776658617783536,1.7177230757974797,0.6101638058369978,39.938971546217196,0.5491474252532981,Cap_Degrade
24.61736802197088,12.354462629245319,1.6056995218428574,0.7446104596150479,0.5282732700287914,18.33034971735252,0.5018596065273518,Cap_ESR_Increase
22.928072721235242,13.855019861317603,1.3789923077586501,0.8862756263244789,0.604281922417558,20.320592011425962,0.604281922417558,No_Fault
22.05752578428834,0.0,1.2546825208681414,0.0,0.35994511955462066,0.0,0.0,Short_Circuit
25.05741354574571,25.05741354574571,2.8669455838951157,0.9763958230379605,0.5287315084730764,24.46595392220092,1.0,Switch_Short
24.494972339456037,0.0,0.7201294208357641,0.0,0.4014569897365502,0.0,0.0,Short_Circuit
25.04921049800384,9.3098770060037,1.470006222311095,0.7019470100675751,0.39122472676000797,17.58321841362711,0.3716634904220075,Cap_ESR_Increase
22.15575206675066,6.748872623895528,1.7849867945314593,0.4411398669878954,0.30461040562119407,9.773785519743177,0.30461040562119407,Core_Saturation
25.348478511322607,8.926119165613127,2.739518499135377,1.074812467551172,0.35213628942762876,27.244860737422513,0.3521362894276288,Inductor_Short
24.478104800145214,0.0,1.2969115657426298,0.0,0.42370724459987813,0.0,0.0,Short_Circuit
24.25358140285056,8.409965834557818,0.846495063176825,0.6016766247348557,0.34675150423637563,14.592812996199193,0.3467515042363757,No_Fault
24.498456192458125,17.010340783486413,1.2743985370172557,3.205994030998046,0.6943433761643749,78.54190432168787,0.6943433761643749,Overcurrent
25.457732987473456,10.780154919177827,1.1436844544773355,1.0146777102556426,0.4234530594095802,25.831394216029107,0.42345305940958017,Core_Saturation
24.34774602623563,8.573561550048671,1.2428882445420824,1.225442313141365,0.35212957868093125,29.836758210168668,0.3521295786809313,Core_Saturation
24.323801519552717,0.9234115921178114,0.03039528586114881,0.4831782155139198,0.3796329251311831,11.752731012732253,0.03796329251311831,Switch_Open
25.962716628263063,13.892163940056973,2.8701532319609377,0.8545124353583599,0.5350812913365905,22.185464214536054,0.5350812913365905,Inductor_Short
25.026920668274272,0.0,0.7910033634002815,0.0,0.3256174095459154,0.0,0.0,Short_Circuit
23.76917522180454,15.330491749177257,1.530933697757178,0.9300113100469795,0.6449736520564627,22.105601786766645,0.6449736520564627,Core_Saturation
24.82958800013171,1.6998332759126378,0.04456664182330963,1.055998762212395,0.6845998716948589,26.220014194382824,0.0684599871694859,Switch_Open
23.556921886767153,9.392120451799252,2.919856241167003,1.825142911509741,0.39869896826695234,42.994748998621745,0.39869896826695234,Inductor_Short
22.915501849933996,11.00031413899635,1.6700983418769648,1.0432707592350838,0.48003810743634373,23.907073013233607,0.4800381074363438,Inductor_Short
24.38740750755104,7.1555358529927116,1.406400403564958,0.5341484980967968,0.30885378041179884,13.026497092632933,0.29341109139120886,Cap_ESR_Increase
25.712728392455805,0.0,1.35541615463118,0.0,0.5562840898908886,0.0,0.0,Short_Circuit
25.71655808006185,11.972868829122737,0.9356064974809659,0.7182374553056763,0.46557042322103553,18.470595234644254,0.46557042322103553,No_Fault
23.36762111242196,9.53453589935179,1.3172577216793968,0.837694659986492,0.40802338644062225,19.574931422463486,0.40802338644062225,Core_Saturation
24.11070986488678,9.228008784813449,1.871618731398942,1.2627365645731874,0.3827348442466434,30.44547494420799,0.38273484424664334,Core_Saturation
22.846543594279446,22.846543594279446,2.8257919606124684,0.6530935925249529,0.5616092310635041,14.920931232765913,1.0,Switch_Short
25.982524437995533,25.982524437995533,2.5098634661444765,1.4043641410443535,0.4664868124129258,36.48892561452952,1.0,Switch_Short
25.924471631471743,9.640370346156057,1.0906895483877985,0.6114897007090005,0.3718637156119648,15.852547398967632,0.3718637156119648,Core_Saturation
24.598035718829788,0.0,1.3883077474377052,0.0,0.5756436325947296,0.0,0.0,Short_Circuit
25.217656238709893,25.217656238709893,1.7751633348736662,1.3351750056300349,0.5260289132146775,33.669984310495764,1.0,Switch_Short
24.8604006451348,15.996892716871827,1.0762294117779343,1.3754362091443326,0.6434688219717984,34.19389522115353,0.6434688219717984,No_Fault
24.372632876157873,8.457068644892725,1.331435619292711,1.0727582960882813,0.34699035955059715,26.145944115412348,0.34699035955059715,No_Fault
22.21339198795559,12.280451109049427,0.6883947674004922,1.1613319025968403,0.6142666407777824,25.79712078050187,0.5528399767000042,Cap_Degrade
23.819057370210643,12.206458084556953,1.2845101356775532,1.8434029883371654,0.5694067147269035,43.90812153562069,0.5124660432542132,Cap_Degrade
24.69914520866964,7.691411064889638,1.0961627979106776,0.6384721456792336,0.34600437473123913,15.769716237822268,0.3114039372581152,Cap_Degrade
24.710126455534738,14.280681176283284,2.7866832836552167,0.9548655251020344,0.5779282919486882,23.59484787330185,0.5779282919486882,Inductor_Short
23.492490473689536,0.0,0.671970401843543,0.0,0.47661891555193214,0.0,0.0,Short_Circuit
25.766767946632122,25.766767946632122,1.8413644740818569,0.9669413538292198,0.6779939142223372,24.91495348211981,1.0,Switch_Short
22.669428128947125,8.084927772714376,2.6656861857336747,1.0395795311415068,0.3566445402471597,23.566673465536937,0.3566445402471597,Inductor_Short
24.001437784862244,24.001437784862244,1.0384634069135203,1.5956211566692227,0.5571333563262951,38.29720192000628,1.0,Switch_Short
24.76353590620329,0.0,0.6122013667656429,0.0,0.45279201818517834,0.0,0.0,Short_Circuit
24.78854322356724,1.692377969462426,0.07452826063783673,1.406649959041985,0.6827258682363511,34.86880331014133,0.0682725868236351,Switch_Open
24.59455582707526,10.624601141622586,0.7803941785903505,1.7011700089358848,0.4319899581161106,41.83952075611974,0.4319899581161106,Overcurrent
23.10115285380744,15.030317995536048,1.6230975130963488,2.2855598217290307,0.6848743637967201,52.79906679828323,0.6506306456068841,Cap_ESR_Increase
22.62482627474649,13.451248971488267,0.6825315510086739,0.8747395258186632,0.6605943404402996,19.790829807301375,0.5945349063962697,Cap_Degrade
24.543761307306845,0.0,0.8610944430073356,0.0,0.4081532941242625,0.0,0.0,Short_Circuit
24.39720846455775,14.402791383300846,1.378156388953928,2.1563666410440354,0.621416710730571,52.6093264675695,0.5903458751940425,Cap_ESR_Increase
22.717424041156963,15.86225234415823,1.1577784072381785,2.990059668028747,0.6982416807214024,67.92645338697007,0.6982416807214024,Overcurrent
24.820556582282254,0.9954661511341323,0.05405611999645278,0.580238695557418,0.40106520086851294,14.40184737431254,0.04010652008685129,Switch_Open
23.820687966934624,11.307939454693095,1.0298991758050076,0.8360567215931407,0.47471086772932786,19.91544628772854,0.4747108677293279,No_Fault
24.67104236641261,12.534673105935882,2.0151606654971106,1.8906757765968254,0.5080722946267039,46.64494218557034,0.5080722946267039,Core_Saturation
25.349468319080604,10.065610514618767,0.808443419116732,1.0003515788601127,0.4179724543215457,25.35838065625669,0.3970738316054684,Cap_ESR_Increase
22.678913714307694,6.942150106770328,0.9424709269935184,1.6069018263429562,0.3061059358584119,36.442787866995346,0.3061059358584119,Overcurrent
22.076579471987348,8.566854143050287,1.3109045843129146,0.6712792156548418,0.38805169767901065,14.819548952297449,0.38805169767901065,Inductor_Short
25.116410345583148,0.0,1.0959415957307044,0.0,0.41277475373670336,0.0,0.0,Short_Circuit
24.438789700610464,0.0,0.7505444242713202,0.0,0.4774398805272748,0.0,0.0,Short_Circuit
24.798558278488485,9.136805396557971,0.8338420643433858,0.7944958043644195,0.36844099136536074,19.702350506545642,0.36844099136536074,No_Fault
25.35261989995457,16.4615002824597,1.4568760749352923,0.8859669967293268,0.649301742676669,22.461584511982913,0.649301742676669,Core_Saturation
25.211243739298002,13.20484290707083,0.5267705857031278,1.0754440368690277,0.5819644530925344,27.113281741479643,0.523768007783281,Cap_Degrade
25.843680587715298,25.843680587715298,1.1838758718416753,0.6398834427411353,0.33408019102386477,16.536943307569512,1.0,Switch_Short
24.143740315408472,12.845318051996765,1.3045221427790414,1.514382339915273,0.5600369804559725,36.56285395315499,0.5320351314331738,Cap_ESR_Increase
23.95398253063962,13.449265085935757,1.8579399614350145,0.9527781503526641,0.5614625905622481,22.822831169122846,0.5614625905622481,Inductor_Short
23.60754879956292,0.0,1.3647902219998955,0.0,0.682488469457451,0.0,0.0,Short_Circuit
22.61476417137682,22.61476417137682,2.3893440072883987,0.6219207096114562,0.3012083485424645,14.064590181158406,1.0,Switch_Short
24.29042893152809,9.696082900189474,1.016201883294645,0.48821104060039283,0.39917297992232287,11.858855585291217,0.3991729799223229,Inductor_Short
23.108050097303916,15.508195823293775,1.1167123307671347,0.8507727528284608,0.6711165917501262,19.659699393781235,0.6711165917501262,No_Fault
25.685230048851903,25.685230048851903,1.1874497321194328,1.0639385270699666,0.6728535661593131,27.32750582562874,1.0,Switch_Short
24.33276321710839,0.0,1.2809331797904941,0.0,0.5882345677482549,0.0,0.0,Short_Circuit
24.371360722032442,14.037661573260676,1.6406584571063525,1.2385058584775752,0.606305328419016,30.184073033307445,0.5759900619980651,Cap_ESR_Increase
23.419698643508042,0.0,1.0311987942415115,0.0,0.3365931831718588,0.0,0.0,Short_Circuit
22.20795740791083,10.104516254751394,1.1827795001941304,1.1712046254204995,0.5055503339112934,26.01006243728661,0.4549953005201642,Cap_Degrade
22.126975061491954,7.819006452853091,0.7373141608947515,0.5230639681285304,0.39263319651559975,11.573823378345015,0.35336987686403976,Cap_Degrade
23.69334057661279,8.825466503369798,0.9375977437537936,1.495051897554628,0.3724872174454469,35.422773788473016,0.3724872174454469,Overcurrent
22.33826151238895,13.941785253784095,2.712190664472767,0.7646019835561967,0.6241213196493329,17.07987906156964,0.6241213196493329,Inductor_Short
24.427387822160558,7.782901128755307,0.6674229477462512,1.197959106121937,0.35401525467221895,29.263011680329353,0.31861372920499703,Cap_Degrade
25.52389202255863,12.44189311832402,0.7655356056137621,1.9709607406819467,0.48746065479855405,50.306589125868186,0.487460654798554,Overcurrent
25.53165926607489,16.38263761774328,1.0399770428146333,1.1727633710119285,0.6754312958344132,29.942594788409927,0.6416597310426925,Cap_ESR_Increase
24.63618164052893,9.222131402374936,1.212248891844014,0.7231497635555713,0.374332822226137,17.8156489282606,0.374332822226137,No_Fault
22.844927325891724,15.790353673967516,1.7517679095913476,0.8610538961395527,0.6911973694952938,19.670713680984004,0.6911973694952938,Inductor_Short
25.45198732543549,16.87032636808995,1.5705055077613044,0.894916910798251,0.6977151943044235,22.777413870954966,0.6628294345892023,Cap_ESR_Increase
25.544373741252834,25.544373741252834,1.1889141025374383,1.9800266674004694,0.5222468618729611,50.57854120972491,1.0,Switch_Short
22.786614339811834,8.38677510319783,0.8708041975448475,2.413695384707444,0.3680570960708631,54.99994586511228,0.3680570960708631,Overcurrent
24.949704343082708,10.639600701136267,1.208954123428422,3.059615317996084,0.42644195517635824,76.33649758756928,0.42644195517635824,Overcurrent
23.14607819570849,10.8739611781721,1.451973531322985,0.7145621416996687,0.46979713307061405,16.539311207473464,0.46979713307061405,Inductor_Short
25.210561249411718,9.614216966820674,1.1564131342296728,1.00871771775843,0.4237296897432892,25.430339806915704,0.38135672076896027,Cap_Degrade
25.98895159961441,25.98895159961441,1.3284339164546919,0.6696401771499134,0.4122542319506063,17.40324615310632,1.0,Switch_Short
22.120104021317573,22.120104021317573,1.1119605697233728,1.3750461103563936,0.688891883686543,30.41616299519155,1.0,Switch_Short
25.589463463163728,9.246648498024971,0.6210157167486489,1.2830003915620163,0.36134593096629825,32.831291643100975,0.36134593096629825,Overcurrent
24.49052213439463,14.530989992398245,1.4299847831341346,1.7562368954550802,0.5933311634867449,43.01115856138315,0.5933311634867449,Overcurrent
25.893530476659286,6.9950778118531165,1.0517508829395514,0.5877764804662731,0.3001641157756699,15.219608210416974,0.27014770419810297,Cap_Degrade
23.86003807010571,11.563189106852606,1.296345775479649,0.9813202249978826,0.5384730677609507,23.41433792741418,0.48462576098485566,Cap_Degrade
25.389551722285496,15.22711658349759,0.8326545009050512,2.675571853485187,0.666377201581621,67.93156996075344,0.5997394814234589,Cap_Degrade
22.24957627439311,22.24957627439311,2.1853172957708935,0.8275993693852048,0.4151736376372876,18.413735293775755,1.0,Switch_Short
23.341116200313184,8.734488198760696,0.9949521337049916,0.6623731853437697,0.37421039010308765,15.460529487080509,0.37421039010308765,No_Fault
22.268066151004838,1.248507935795188,0.0722868979701147,1.0465532575332,0.5606719179513707,23.3047171692989,0.05606719179513707,Switch_Open
25.90137253391628,0.0,1.2475746360541105,0.0,0.5850405629193572,0.0,0.0,Short_Circuit
25.26789562908735,14.534402025728392,1.8458139472448685,0.7815051989955012,0.5752122075807925,19.746991801807464,0.5752122075807925,Core_Saturation
25.410189684983884,10.868617901879306,0.5463532694342795,1.2544022142726257,0.4277267520085496,31.874598205931218,0.4277267520085496,Overcurrent
25.751860925735578,10.323430751938082,2.099339338007382,0.9712083155503585,0.4008809608637323,25.010421471970744,0.4008809608637323,Inductor_Short
22.340413944479142,15.244372858728468,1.4504871808527222,0.967314011707001,0.6823675199848176,21.610195435829144,0.6823675199848176,Core_Saturation
23.542390370053333,15.757388091883584,2.1417633999092915,1.4417528373821347,0.6693198033079717,33.942308114782236,0.6693198033079717,Core_Saturation
22.284139556176008,10.761604729336366,0.7573419881895322,1.2677260514211517,0.4829266439571281,28.250184248868905,0.4829266439571281,No_Fault
22.843172406200114,13.126367404182046,0.7698334532910943,1.4378464687739818,0.6384775464617494,32.8449747798501,0.5746297918155744,Cap_Degrade
22.917463108150688,11.021681577098967,1.8226924977630008,1.8174189149441673,0.4809293910537184,41.650630935288206,0.4809293910537184,Inductor_Short
23.876428844190315,10.094477697146457,0.743369713406376,1.1242322949496388,0.4697556072290041,26.84265239470583,0.42278004650610373,Cap_Degrade
23.07424866981457,0.8369149494992064,0.031459195890437476,0.702632513050451,0.36270517903971783,16.212717329622837,0.03627051790397178,Switch_Open
22.403912427271045,10.542439307422972,2.036122269976201,0.5453301739149289,0.4705624225967891,12.217529460338556,0.4705624225967891,Core_Saturation
22.669964356376433,11.674278443941155,2.1165530488078317,1.2033900993364461,0.5149667754399228,27.28081065877353,0.5149667754399228,Inductor_Short
22.589102254208363,6.282064527877821,1.361362718956567,0.37655207667008483,0.3090017309714746,8.505973363935054,0.2781015578743271,Cap_Degrade
25.892307191649195,12.367336300618001,1.996702148105544,1.4665624197850045,0.47764520207016253,37.97268468880171,0.4776452020701625,Core_Saturation
25.037170027673895,15.336330405158536,1.5640847095793422,1.9500623235570917,0.61254248735808,48.82404195945973,0.61254248735808,Inductor_Short
25.871045861078247,14.058779101006872,1.1525111887567014,1.1575122199213528,0.5720184225497079,29.946051726343807,0.5434175014222224,Cap_ESR_Increase
23.758961946031633,23.758961946031633,1.166435405480141,0.8724976357781336,0.554062795545574,20.729638126455242,1.0,Switch_Short
23.113473926650627,15.343236450005916,2.1228778260461376,2.7084343211773585,0.663822171374881,62.601326064578565,0.663822171374881,Core_Saturation
25.193172788836748,6.96569872711845,0.9042627150651531,0.9306970230070187,0.307212803930092,23.447210914671793,0.2764915235370828,Cap_Degrade
23.305015672164586,11.575090502580464,0.9830438022779235,1.0294924608505152,0.5228190344768936,23.992337934496543,0.4966780827530489,Cap_ESR_Increase
23.197533494821393,0.0,0.8027553706179532,0.0,0.6149395393638828,0.0,0.0,Short_Circuit
22.930023968831325,11.844140510856011,0.9606637447107038,0.754917573669365,0.5165341530805069,17.310278058730525,0.5165341530805069,No_Fault
22.51871591289694,9.673099547472415,0.751759386545448,1.5272420102353084,0.42955822103215163,34.391528958730554,0.42955822103215163,Overcurrent
23.025852244067064,23.025852244067064,1.749704545593609,1.1022611355338587,0.35450022603679116,25.38050204118021,1.0,Switch_Short
23.42127899389555,0.0,1.2999470485848819,0.0,0.6550252287264765,0.0,0.0,Short_Circuit
24.69597683258292,12.059167904197098,2.668511007170344,1.2837662867178508,0.48830495695504117,31.703862475235045,0.48830495695504117,Inductor_Short
22.250259368877806,14.490394166137374,0.8041824776285161,1.8150465893576,0.6512460787942805,40.38525737980365,0.6512460787942805,Overcurrent
22.842027758661374,12.205428504834057,1.9380288611055758,0.7309192745486042,0.5343408489732673,16.69567835857985,0.5343408489732673,Inductor_Short
25.236094561166706,25.236094561166706,2.7476395525601047,0.7392476255164682,0.5696768466460003,18.655722981651543,1.0,Switch_Short
22.587687694335084,12.638579598193376,0.5526733318296971,1.1254450148491235,0.6217044617513799,25.421200512558315,0.5595340155762419,Cap_Degrade
23.370580586090085,13.173113285365242,2.778289923991571,0.9252384899378403,0.5636622178400538,21.623360690444596,0.5636622178400538,Inductor_Short
25.45863568743256,11.691163975215401,1.0787765184784974,1.166416795577388,0.45922193627157504,29.695380258307225,0.45922193627157504,Core_Saturation
22.619701244573772,11.43320385085435,2.3570784884287517,0.7535383839047296,0.5054533535714604,17.04481312024392,0.5054533535714604,Inductor_Short
22.33094734247276,1.3872391132800024,0.05412758481923002,1.1607964752759223,0.6212182098703519,25.921684964714608,0.062121820987035205,Switch_Open
23.938151980320043,1.0759244626923261,0.05264703740946261,0.9303453707833693,0.44946011854919365,22.2707488799995,0.044946011854919365,Switch_Open
23.209678045114146,10.037864383376583,1.4952962472281037,0.5925395563931206,0.4552485827073988,13.752652332879087,0.43248615357202885,Cap_ESR_Increase
24.253633457935415,8.204423237547848,0.6015721436446613,1.4262280169779362,0.33827604642320047,34.59121155122095,0.33827604642320047,No_Fault
25.2152195619339,25.2152195619339,1.694056050651272,0.9209908864379667,0.665833774088699,23.222987416073458,1.0,Switch_Short
22.54859395261097,7.585674546042001,2.076505492689531,0.4266157276322447,0.33641452597817667,9.619584816177163,0.33641452597817667,Inductor_Short
24.322796338217138,13.603342824522931,1.31128885394604,1.0800166342681927,0.5592836709794223,26.269024637191997,0.5592836709794223,No_Fault
24.022035041559455,11.176919411979716,0.7164430834116715,1.8095815874840246,0.46527779152111903,43.469832305102024,0.46527779152111903,Overcurrent
22.5763151440528,0.0,1.3029298413742763,0.0,0.46224775610217694,0.0,0.0,Short_Circuit
24.49599394211593,24.49599394211593,1.7992769649878715,0.7034396520365734,0.5718207346290736,17.23145345493204,1.0,Switch_Short
23.09456167144309,7.548168639828146,1.3778277128673908,1.1320769953638958,0.3268374930519515,26.144821986253483,0.3268374930519515,Inductor_Short
23.95133727417605,12.873420161892243,1.2589864404434827,0.929272200332091,0.5374823131805738,22.257311889669605,0.5374823131805738,No_Fault
22.329089297108247,1.3594233464805543,0.029544945073727392,0.8928757696590403,0.6088127143889419,19.937102791940966,0.06088127143889419,Switch_Open
23.83833622885449,1.5048786545267343,0.05073836870377216,0.7914186704525489,0.6312851031546376,18.86610436404085,0.06312851031546377,Switch_Open
23.22585387217128,0.0,0.5638757838618884,0.0,0.3682121557575101,0.0,0.0,Short_Circuit
25.28952484474142,25.28952484474142,1.7128357103155751,1.1369429620724048,0.6589676200312694,28.75274728638398,1.0,Switch_Short
22.227914907989472,12.502278271114758,1.1010767990063925,1.8515900749124028,0.5624584367389769,41.156986629630744,0.5624584367389769,No_Fault
23.67442909967332,15.453292313196311,1.056115541487213,1.4570326515891683,0.652741920328273,34.49441620595678,0.652741920328273,No_Fault
23.833725696525754,10.598883037132351,0.9046554179046665,1.662736246726309,0.49411228684407926,39.62919961014561,0.44470105815967126,Cap_Degrade
24.900024305196474,24.900024305196474,1.8580959879442314,0.7063634741568355,0.5168133380388807,17.588467674808225,1.0,Switch_Short
24.297150300360844,15.410092072127947,0.7994465086858432,0.9985737914760773,0.6676153108114684,24.26249749749544,0.6342345452708948,Cap_ESR_Increase
24.668849348776725,1.628054798565016,0.047794129421205145,0.9949579199951928,0.6599638173418687,24.544467036733657,0.06599638173418687,Switch_Open
25.108197142607025,11.431790578500701,1.5985803412929178,0.8139602055444958,0.47926434934760076,20.437073307048134,0.45530113188022064,Cap_ESR_Increase
25.448811894632755,10.42803374599287,2.700905835567581,0.827250575696431,0.40976505265427265,21.05254429062513,0.40976505265427265,Inductor_Short
23.255501986889882,10.102300878697944,0.7097561559839782,1.466846578599929,0.4572681738257056,34.11225352309327,0.43440476513442033,Cap_ESR_Increase
24.152090821455612,10.44216721050393,0.5827588660530131,1.1052073527919961,0.45510573141189986,26.693068361172823,0.43235044484130486,Cap_ESR_Increase
25.3604323137568,10.518156880551071,2.150286469074946,1.491146756509631,0.41474674999311756,37.816126388340486,0.41474674999311756,Core_Saturation
25.957804523860226,10.047234299281094,1.1294247248688225,0.6662616786356791,0.4074318417331866,17.294690415763938,0.38706024964652724,Cap_ESR_Increase
25.558077244175053,15.646754970794937,1.1416216054642385,2.2246802821260534,0.6444251745918878,56.85855049417082,0.6122039158622933,Cap_ESR_Increase
23.485869050497506,7.702067883475734,1.2807179957065222,0.4958933195043285,0.32794476827386465,11.64648556489518,0.32794476827386465,No_Fault
22.780666068874602,22.780666068874602,1.629377947742653,0.8456133961825575,0.5710444728398376,19.263636401801804,1.0,Switch_Short
23.957570149626356,0.8843410447299903,0.04909537844180011,0.7437958261890331,0.3691280205825809,17.81954068292305,0.03691280205825809,Switch_Open
24.966565807344168,0.0,1.4686629131467375,0.0,0.4378023573576253,0.0,0.0,Short_Circuit
23.97027628301319,7.3921060826314005,1.289363555625648,0.8003656016630073,0.32461721365393476,19.184984599282366,0.30838635297123795,Cap_ESR_Increase
23.932723453254674,9.764298792188873,0.6537450319957859,1.9924300902572118,0.4079894547421848,47.6842783500691,0.4079894547421848,Overcurrent
25.352921684327203,25.352921684327203,1.2664534959687066,0.9930856223959593,0.6073684284468968,25.177622010436092,1.0,Switch_Short
23.445615116268744,0.0,0.7042647583330054,0.0,0.6540061298189034,0.0,0.0,Short_Circuit
25.439178699246582,9.885941131365758,1.2667116744207174,0.5669834994143073,0.3886108607609468,14.423594561124732,0.3886108607609468,No_Fault
23.627219203806895,0.0,0.795377003840616,0.0,0.4854191357035687,0.0,0.0,Short_Circuit
23.31293242271336,0.0,0.5213888466750798,0.0,0.4881296191748825,0.0,0.0,Short_Circuit
23.815959644798795,0.0,1.4441743635056619,0.0,0.6494301223038936,0.0,0.0,Short_Circuit
25.049787834699472,15.158118124429294,0.6697134163949107,2.017357336409673,0.6051196211503221,50.53437326383676,0.6051196211503221,Overcurrent
22.504008111455978,22.504008111455978,1.0191163722961372,0.7008908737108855,0.5052308873472199,15.772853907235236,1.0,Switch_Short
22.78567686348807,0.0,0.737131602383323,0.0,0.5682988801887093,0.0,0.0,Short_Circuit
25.80577930265237,16.4883967956646,1.4700575742362674,2.2390985660440252,0.6389420215637467,57.781683432217505,0.6389420215637468,Inductor_Short
22.70196650952543,6.897211158787159,1.3830078762685845,0.806949985045694,0.303815581610218,18.319351535369393,0.303815581610218,Core_Saturation
24.270909271724218,10.073408163800776,1.420389831500037,1.0671810750359787,0.4611560124200194,25.901455048699354,0.4150404111780175,Cap_Degrade
24.31725786664775,1.611984377856671,0.0689592458889549,0.9535562193861956,0.6628972669108314,23.187872477159853,0.06628972669108314,Switch_Open
23.958497848200977,14.282264617048273,1.9137891099648559,0.8888163473074989,0.5961252123375805,21.294704544412564,0.5961252123375805,Inductor_Short
24.578980994307273,12.0751549559963,1.0019898954909872,0.6731724204162546,0.5171365497336299,16.545892127302945,0.4912797222469484,Cap_ESR_Increase
22.919306903190474,11.731426256842497,1.0550090864748514,1.9953294020690602,0.5118578108140533,45.73156693898033,0.5118578108140533,No_Fault
24.210649071106992,9.567981573788128,0.7434540119717657,2.0549745378009994,0.4391080390417751,49.75226738476029,0.3951972351375975,Cap_Degrade
23.48869302098759,23.48869302098759,1.1043699839327257,0.770780859379103,0.5082082134566058,18.104634992408755,1.0,Switch_Short
24.646669038516755,12.469685252208306,1.4392241361712066,1.5077521774243006,0.5621532797853813,37.16106890907973,0.5059379518068432,Cap_Degrade
22.564894173492597,10.01831556097907,0.75536888336489,1.0533814906015158,0.4673452153715172,23.76944185973909,0.4439779546029413,Cap_ESR_Increase
24.283509667357905,13.510815292264603,0.7682408021702881,1.0772517874308665,0.5856612585568696,26.15945419425603,0.5563781956290261,Cap_ESR_Increase
22.741081421533295,14.656465307650748,1.9449206577078952,2.2423537189822564,0.6444928909041543,50.993548499253485,0.6444928909041543,Inductor_Short
23.114572252460146,0.8364561315629966,0.04958066724201654,0.5713335723392777,0.36187393927394446,13.2061311380924,0.03618739392739445,Switch_Open
22.874839201294332,10.994077975897005,1.0368684194014839,1.1130750577279258,0.48061880912696975,25.461412964497708,0.4806188091269697,Inductor_Short
22.731351119475267,0.0,0.6479547387739707,0.0,0.4632080365140324,0.0,0.0,Short_Circuit
25.302843806242667,14.548778965536593,0.8781548185607417,0.8308790866142253,0.5749859216198911,21.023603750473313,0.5749859216198911,No_Fault
23.14283027064356,0.9255905216641142,0.05918653467552695,1.2232468465739854,0.3999469861031717,28.309394149361708,0.03999469861031717,Switch_Open
25.708495127457798,25.708495127457798,1.4568369136638717,0.7539118745361626,0.5561003659809105,19.38193975304551,1.0,Switch_Short
25.879706101380762,25.879706101380762,1.8460288924835253,1.2999350751438004,0.6509956966925952,33.64193769559787,1.0,Switch_Short
24.28504187974839,11.347249928818245,1.5860175970747004,0.6021704639956947,0.46725263991744903,14.623734936882967,0.46725263991744903,Core_Saturation
22.572004490662906,1.4996981535597018,0.06942962473116461,1.8478402721998872,0.664406279991688,41.70945892212362,0.0664406279991688,Switch_Open
23.498192973518325,1.6384479168759438,0.04130352511635617,1.1646265829607856,0.6972654955733913,27.366620188501788,0.06972654955733913,Switch_Open
25.190929053392857,25.190929053392857,1.267116531726967,0.7800743662385832,0.3424368199791808,19.650798016286544,1.0,Switch_Short
23.46956291478828,8.305858311837778,0.9892722258976082,0.5555015078124451,0.39322127519394345,13.037377586863935,0.35389914767454905,Cap_Degrade
22.348068873211155,22.348068873211155,2.493443203368124,1.0788896467040983,0.6801519005928373,24.111100131137636,1.0,Switch_Short
24.227139643712754,14.899641630337909,0.6098597570527334,1.3331868944496272,0.6833310745925547,32.299305062998855,0.6149979671332994,Cap_Degrade
25.38048340598414,8.175783765712547,1.0171518408666564,0.46034709526829,0.3390829101547034,11.683831812449835,0.3221287646469682,Cap_ESR_Increase
25.18370554857401,7.320888851867427,0.5695636553887318,0.7231280155520419,0.30599940015085464,18.211043017587272,0.2906994301433119,Cap_ESR_Increase
22.70049256052141,8.27296771992932,0.5335591816472511,0.9967787578294393,0.36444000930256887,22.62736877659296,0.3644400093025689,No_Fault
24.691058457649866,0.0,0.9829533632166656,0.0,0.6984051133528992,0.0,0.0,Short_Circuit
22.882017053742587,8.512106834903921,0.7981972981509294,0.5927474926156466,0.3719998466442747,13.563258234594384,0.3719998466442747,No_Fault
22.872830138208688,1.1459723459429063,0.06725536495027061,0.9890651407815662,0.5010190426888093,22.622718960720224,0.050101904268880934,Switch_Open
25.49628709322074,16.30148689918619,2.2043086122529085,1.3254156612926353,0.6393670905722044,33.79317821816805,0.6393670905722044,Inductor_Short
22.998675810960922,6.378558079845666,0.9539329617429904,0.3654502488769469,0.3081606442752825,8.404871798955886,0.2773445798477543,Cap_Degrade
23.052989386072046,12.490008052622317,0.9079353710542963,0.7810997591895193,0.5417955929033837,18.00668445805942,0.5417955929033837,No_Fault
22.002613563045198,8.586952746938723,1.0969700282085197,1.3573902938391353,0.4108101795478497,29.866134089570867,0.3902696705704572,Cap_ESR_Increase
25.48267613650207,16.434643399683125,1.0808776624253227,2.0086460152376353,0.6449339665758926,51.18567587917607,0.6449339665758926,Inductor_Short
25.17037925283654,0.0,1.3927933564206598,0.0,0.41338445970563165,0.0,0.0,Short_Circuit
24.509315740362712,14.08555983606462,2.9966063114679167,0.8860523763617609,0.5747022881127635,21.716537454749094,0.5747022881127635,Inductor_Short
25.00106305575537,14.242801934424842,0.6814871248586987,0.760602781754742,0.5696878529789587,19.015878107033245,0.5696878529789587,No_Fault
22.608194269697968,22.608194269697968,1.2407659295492395,0.9191836876963075,0.38859741954385596,20.781083380975506,1.0,Switch_Short
23.833294378350303,7.481740143342466,0.9653661951728929,0.46389749488077764,0.31391967994734005,11.056205556872825,0.31391967994734005,Core_Saturation
23.404877549395124,10.852837729454285,2.3220541164687343,0.6908217481126722,0.4636998295141589,16.168598423036173,0.46369982951415895,Inductor_Short
22.375106105028067,9.300822815541956,1.1614408384507748,0.9873118335497211,0.41567726078634787,22.09120703442482,0.41567726078634787,No_Fault
23.944521940859698,14.931590772375008,1.347924162278411,2.2517440909133355,0.6235910998454834,53.916935790075534,0.6235910998454834,Overcurrent
25.68295860137054,0.0,1.2518263884262533,0.0,0.620145675382138,0.0,0.0,Short_Circuit
22.160236476202776,10.699174485211781,0.9496896733693397,1.7515256585941694,0.48280958087705017,38.814222788583606,0.48280958087705017,Overcurrent
23.165843653975177,12.569900050617456,2.2257107231306374,0.7220893087107303,0.5426048901292876,16.727808029799792,0.5426048901292876,Inductor_Short
22.830163744822812,12.367186601186393,2.376569340736016,0.7069777290180165,0.54170380639477,16.140417317424287,0.54170380639477,Inductor_Short
22.952586614662785,13.031949242450235,1.0127364702852253,0.8153576719857125,0.6308632593710493,18.714567588181875,0.5677769334339444,Cap_Degrade
25.633738207517503,25.633738207517503,1.9513019689032733,0.7065645366488889,0.47000096564927896,18.111890359173522,1.0,Switch_Short
23.87227621693716,9.791898554280058,1.1450974456426533,0.7947161886429187,0.4101786719162036,18.971684369355295,0.41017867191620366,No_Fault
23.865197651759274,9.205123399047356,1.1632220038732193,0.9037481951029726,0.40601396725621897,21.568129303553143,0.38571326889340807,Cap_ESR_Increase
25.04230256982113,12.239502163886078,1.2583365358695016,0.7374477036864974,0.5144769117128817,18.467388525137064,0.4887530661272376,Cap_ESR_Increase
22.617968816019705,10.306472728969638,1.2241402513597004,0.8782400589035197,0.479659281092885,19.864006265259118,0.45567631703824074,Cap_ESR_Increase
23.949061416400202,0.0,1.2191965605136548,0.0,0.47604830839397444,0.0,0.0,Short_Circuit
23.71994085648424,7.980691174155353,1.714205263174314,0.6328782199354808,0.33645493563588286,15.011833946226629,0.33645493563588286,Core_Saturation
24.387642762186623,1.4326313354865379,0.050987124321863364,2.009935635204419,0.5874414962760782,49.01759224635402,0.05874414962760782,Switch_Open
25.998230813001754,9.521070565702395,1.2999764924128254,0.6518727189470724,0.38549467519276426,16.94753740788501,0.36621994143312603,Cap_ESR_Increase
25.07779557632819,8.549103441109029,0.949481965185428,0.9462272017415865,0.3787814520834885,23.729292334036558,0.3409033068751397,Cap_Degrade
23.591462812069707,23.591462812069707,1.483342451945202,1.231494187866772,0.46510332811095734,29.052749336338938,1.0,Switch_Short
25.31021220909619,9.89911092792188,0.7521273302008732,0.5116445950880404,0.39111133664712056,12.949833277315395,0.39111133664712056,Core_Saturation
22.68283345324992,1.2102273971035291,0.05299820735729216,0.7267229791528735,0.5335433069232062,16.484136302774242,0.05335433069232062,Switch_Open
22.12185474523584,0.9923539637945723,0.054532761330432056,0.5904745042635433,0.44858533573378856,13.062391214083245,0.04485853357337886,Switch_Open
22.81779348985709,0.0,1.4720489647757145,0.0,0.479564689037116,0.0,0.0,Short_Circuit
23.36164622445704,10.82534195602357,0.8614783340942755,0.6839001962915198,0.5148677286416116,15.977034438599212,0.4633809557774504,Cap_Degrade
24.04232302983824,0.9170083620773255,0.04470666214141559,0.5595800916941535,0.38141420899272194,13.453605325577339,0.0381414208992722,Switch_Open
24.4605165621648,8.862061028923973,0.7017995813421902,1.2676743010126237,0.3623006491462119,31.007968235349967,0.36230064914621185,Overcurrent
25.642422868857686,16.723187155253036,0.5705342952373219,0.8612711820399118,0.6521687611494419,22.085079854628326,0.652168761149442,No_Fault
24.039416038201832,11.382410626658128,1.2728044928617406,2.891165896979773,0.4734894811325684,69.50193983295775,0.4734894811325684,Overcurrent
24.005102578502918,1.1158470522020731,0.037484053216966254,0.5826665854515116,0.4648374438530156,13.986971152829572,0.04648374438530157,Switch_Open
22.20097203929193,0.6976541352774146,0.05544524305150189,0.6329896570651964,0.3142448601091366,14.052985677665413,0.03142448601091366,Switch_Open
22.139646210624896,1.105190152741146,0.059388651777274086,0.8550142786248746,0.49919052103495726,18.929713633787383,0.04991905210349573,Switch_Open
24.20463984766549,0.0,0.9712366872916477,0.0,0.5216678886444001,0.0,0.0,Short_Circuit
23.752714452993377,12.435409388877337,1.3763521130271916,1.8983022522554533,0.5235363483818666,45.08983134329799,0.5235363483818666,Overcurrent
25.356721579921196,14.03930280363921,1.0381743250777018,1.0430623827198993,0.5828124677291537,26.44864242911769,0.553671844342696,Cap_ESR_Increase
22.64271833884738,7.980269782557545,0.8633994853459417,0.4207394881742798,0.3709927339964047,9.526685724761027,0.35244309729658446,Cap_ESR_Increase
22.0998866484682,8.416626711928297,1.5356170752577847,0.45137856365305645,0.4008892536922475,9.975415092280937,0.3808447910076351,Cap_ESR_Increase
23.796155071720502,23.796155071720502,2.723128568499913,0.7619914148461585,0.6242921860921651,18.132465870998896,1.0,Switch_Short
22.94991422700903,14.021971230656126,0.664039947076413,1.5235909355433708,0.6788682467373576,34.96628128776881,0.6109814220636219,Cap_Degrade
22.19845749335535,7.866536173761996,0.525961018353921,0.7918402708757636,0.35437309894692826,17.577632594562623,0.35437309894692826,Overcurrent
24.898393147390514,12.42578764729502,0.5899855563496207,1.0501696019653506,0.49905982180208724,26.147535621171908,0.49905982180208724,No_Fault
22.44637199982899,8.224058360109682,0.8652021384091988,0.48695723068927893,0.38567050109583473,10.930423148058097,0.366386976041043,Cap_ESR_Increase
24.433278000031088,7.917097169113308,1.4722598017417106,1.9205068929162363,0.32402926734199294,46.924278815598335,0.32402926734199294,Overcurrent
23.124199000667556,8.95325515801596,1.058516153160825,0.7903128586673166,0.4302013352504541,18.275351816609483,0.3871812017254087,Cap_Degrade
22.693984201420086,0.8112533138774064,0.043663086601463445,0.41623692231658116,0.3574750500736851,9.446074139100213,0.03574750500736851,Switch_Open
23.51900609167727,13.734469939016462,2.7774321892254927,0.7151332019932678,0.5839732293736984,16.819222134040338,0.5839732293736984,Inductor_Short
25.205783104891815,0.0,0.9531363314784996,0.0,0.5134901654685777,0.0,0.0,Short_Circuit
23.568374307618292,8.00516564491362,0.8967624912411233,0.4966336686868383,0.3575337883961243,11.704848197377094,0.33965709897631813,Cap_ESR_Increase
25.003078596844222,6.834015759202534,1.4412195287456573,0.9930621465837121,0.30369663536220576,24.82961090258339,0.2733269718259852,Cap_Degrade
22.501945187196604,13.323394513870998,1.4844694328119459,0.8862390970326823,0.623262819609685,19.942103584180032,0.5920996786292007,Cap_ESR_Increase
25.091085678660317,0.0,1.343668375419441,0.0,0.37047776246569897,0.0,0.0,Short_Circuit
22.947733299626595,0.0,1.012284743050213,0.0,0.5424866568883063,0.0,0.0,Short_Circuit
24.70957251955549,9.66865530033498,1.289438398815455,1.6040514581665584,0.4347687652306982,39.635425830665305,0.3912918887076284,Cap_Degrade
24.263126219363986,24.263126219363986,1.3587067185291037,1.9559230093208213,0.5341943753260142,47.45680685050933,1.0,Switch_Short
25.71657886884675,10.41388690716214,1.1805452533118679,0.690938645463287,0.4262614507929296,17.76857816959076,0.4049483782532831,Cap_ESR_Increase
23.549290071901257,7.489546345208771,1.6322305151323002,1.1063757777567267,0.33477582427690167,26.054364118918517,0.3180370330630566,Cap_ESR_Increase
22.26466075533776,7.798464674078888,0.7909584305179617,0.7211195271952401,0.38918000342310144,16.055481637051585,0.3502620030807913,Cap_Degrade
22.076621942205012,22.076621942205012,2.5887046584953506,0.799988803392888,0.3752234265916302,17.661050370501762,1.0,Switch_Short
25.307434243891013,25.307434243891013,1.9809568144161345,0.8994910843802031,0.4712077409758575,22.763811470918213,1.0,Switch_Short
24.098942550645727,12.896496996881329,0.5937862515442961,0.8703681338895176,0.5633135133704629,20.974951656516215,0.5351478377019397,Cap_ESR_Increase
25.100976207339798,1.0179008866434027,0.06315096989078338,0.6665651765515395,0.405522429978543,16.731436637261442,0.0405522429978543,Switch_Open
22.93770240004606,0.0,0.6685691443921128,0.0,0.30482797412024715,0.0,0.0,Short_Circuit
23.380334982052936,11.86727225910134,1.6972103506991254,0.9918302836356001,0.5075749457059028,23.18932427674491,0.5075749457059028,Core_Saturation
22.120415488845275,11.396186018874761,0.6442306134516702,1.0938022625445334,0.5423037957435888,24.195360510124104,0.5151886059564093,Cap_ESR_Increase
25.84596929829645,1.770831927997146,0.07234336987479824,0.9877107337070136,0.6851481976007239,25.528341298989332,0.0685148197600724,Switch_Open
24.671471626803253,12.557752047109632,0.870896275898397,1.3268074020328506,0.5357883212372987,32.734291173486014,0.5089989051754337,Cap_ESR_Increase
25.732820351037226,1.2569685635237626,0.03632323458386975,1.4138353935310097,0.4884690237512567,36.381972187671494,0.04884690237512568,Switch_Open
23.06198562971629,11.597702325942485,0.6920500444729678,0.7559325074555387,0.5293606503590815,17.433304623975037,0.5028926178411274,Cap_ESR_Increase
24.445854444902643,14.766377245422328,1.446002193339048,1.5781428073631427,0.6711602519448108,38.57904936206942,0.6040442267503298,Cap_Degrade
24.71399987317055,15.6032149160857,1.817855613661958,0.8812896597784414,0.6313512582406584,21.780192539990917,0.6313512582406584,Core_Saturation
23.270198801030354,9.987371373861421,1.2416608887180887,2.0139218172571036,0.4291914933455232,46.864361057305125,0.4291914933455232,Overcurrent
25.39243694006252,10.027517669186164,0.9994045613802446,1.2914426385593683,0.3949017454628549,32.79287576132671,0.3949017454628549,Overcurrent
25.78864585160099,10.445779842694426,0.9747277852704834,1.8401358673239234,0.4050534449464294,47.45461220124529,0.4050534449464294,No_Fault
25.539420470784016,0.0,0.6100212429914766,0.0,0.5017684158860852,0.0,0.0,Short_Circuit
24.95626790375749,13.422923411876008,1.0598410955839919,1.4696190540914311,0.597619780491431,36.67620683037242,0.537857802442288,Cap_Degrade
23.109858718899815,11.584687528723956,1.1203747426631856,0.6715690385429035,0.5012876828731848,15.519865600713885,0.5012876828731848,Core_Saturation
23.126464168422526,0.7565095618073573,0.07385726664002029,0.38783764707551655,0.32711855833124504,8.969313448257235,0.032711855833124505,Switch_Open
25.85344128178415,0.0,1.2965809400151473,0.0,0.5894322801759924,0.0,0.0,Short_Circuit
22.041137983742768,13.718140921847393,1.3694880902893314,0.789644901612062,0.6223880514683815,17.404672234590443,0.6223880514683815,Core_Saturation
24.86419989296858,24.86419989296858,1.302682517383066,0.6671979681402669,0.4157991460478878,16.589343648022076,1.0,Switch_Short
24.824984650221047,0.0,1.285331691138784,0.0,0.5656502957133401,0.0,0.0,Short_Circuit
24.49075816379919,10.373625974234841,0.622053767081316,0.6714336253891064,0.47063676042175734,16.443918542447545,0.42357308437958163,Cap_Degrade
25.960435384347463,17.02090084863821,0.6893337534970705,2.7621597774165205,0.6556477422909771,71.70687042286515,0.6556477422909771,No_Fault
23.2475177430549,13.350612408305924,0.7115205177442274,0.9448882347588361,0.6380902232642959,21.966306002759865,0.5742812009378664,Cap_Degrade
23.35988745517299,1.1917579174895852,0.05284453191365473,0.9144510322946797,0.5101727993238568,21.36147319767048,0.05101727993238568,Switch_Open
22.31575761178622,12.867315342568709,1.2870566539903663,4.905066276576345,0.5766022183254378,109.46027009782446,0.5766022183254378,Overcurrent
23.77119254617495,15.530668095293487,1.6286297574493844,1.7709474721435075,0.6533398804088415,42.09753334948512,0.6533398804088415,Inductor_Short
23.044194104939393,11.48261783202741,1.1693396285505788,0.6099233700848671,0.4982868040313102,14.055192529374462,0.4982868040313102,Inductor_Short
23.37354680871058,8.9466987427962,0.9645384635244192,0.5262197960431313,0.4253002961955288,12.299623034484263,0.3827702665759759,Cap_Degrade
25.33828716102251,15.240129758663457,1.8721653617399034,0.8973884420357423,0.6014664551638325,22.738286039284244,0.6014664551638325,Core_Saturation
25.741938054109983,0.9988554175620004,0.03608319215436941,0.5063470924587261,0.38802650191387666,13.034355487951228,0.03880265019138767,Switch_Open
22.742932288020743,9.839543986623495,0.7919170028433117,0.6057612980175853,0.4554124592024168,13.776788183517496,0.4326418362422959,Cap_ESR_Increase
23.490035726213865,15.181396209382159,1.447227027346711,5.892183647382027,0.6462908948427174,138.40760438241693,0.6462908948427174,Overcurrent
25.714522248461577,0.0,1.454153727119178,0.0,0.589768936107726,0.0,0.0,Short_Circuit
22.24723384275689,10.267641297635006,1.4904657320615764,1.8807398956118555,0.4615244020989997,41.841260255079135,0.4615244020989997,No_Fault
22.369442112445515,0.8632318519969522,0.06538298007873901,1.3463553908879273,0.3858978009633429,30.117218979246445,0.0385897800963343,Switch_Open
22.651163956824917,9.018529686650451,0.6881841691679456,1.2098343171342887,0.4423873563328946,27.404155478002085,0.39814862069960516,Cap_Degrade
24.380851336507497,24.380851336507497,1.4239630415985227,0.8033642940529576,0.41364165969097316,19.586705422363455,1.0,Switch_Short
22.60188908402399,22.60188908402399,1.680450483044784,0.47267861888048024,0.37043571517754154,10.683429716326263,1.0,Switch_Short
25.872305525802933,1.5454386156603253,0.04090662656667454,0.8619529267160285,0.5973331654262626,22.300709468857114,0.059733316542626265,Switch_Open
23.786858109034082,9.534437685536346,2.913055498156018,0.6694108701438946,0.4008279547400686,15.923181384757859,0.4008279547400686,Inductor_Short
24.006071841400665,24.006071841400665,2.578147965763387,0.6110634075206167,0.4816669880671055,14.669232060591016,1.0,Switch_Short
22.986634463221627,9.399450926166752,1.224008792161554,0.8354442645218203,0.4543437787344436,19.20405192295812,0.40890940086099925,Cap_Degrade
23.883841009738934,16.547464291159518,0.6859632240581318,0.9024803029373195,0.6928309514542523,21.554696069775968,0.6928309514542524,No_Fault
24.647654530548046,10.687594020076185,1.5504781152985627,0.9525119904251361,0.4564368976592882,23.477186476203443,0.43361505277632373,Cap_ESR_Increase
25.004708547816172,0.0,1.327870379506174,0.0,0.3319929931187019,0.0,0.0,Short_Circuit
25.015472330839653,8.403455150477422,0.9954627619918855,0.44827527405858736,0.3359303010288336,11.213817714812155,0.3359303010288336,Core_Saturation
24.311564450776352,13.03832820371731,2.742340663921945,1.2051295597962546,0.536301488541226,29.298584964522377,0.536301488541226,Inductor_Short
25.617439099975428,25.617439099975428,1.5444950727409426,1.1016514657345844,0.5397454206953062,28.221489332854382,1.0,Switch_Short
25.269631389224436,11.222961371488728,0.6389567204153167,1.1893437228291484,0.467503596193062,30.054277470980495,0.44412841638340883,Cap_ESR_Increase
25.0281924587945,0.0,1.15682230651421,0.0,0.47273747692481183,0.0,0.0,Short_Circuit
22.222422086721842,7.146131674063326,1.1538046593843307,0.35864309633980473,0.3215730331363485,7.969918265351986,0.3215730331363485,No_Fault
22.027511848878596,11.159547305902125,0.5949320095656181,4.146447174551531,0.5066186041557049,91.33591426818302,0.5066186041557049,Overcurrent
22.84978910878189,1.1468212959561865,0.04094259044682912,0.6199798085222201,0.5018957901521407,14.166407876435708,0.050189579015214064,Switch_Open
24.65409437565381,8.871029518103192,2.239221693383308,1.7535522652396793,0.3598197274227778,43.23224303986058,0.3598197274227778,Core_Saturation
23.644789955530182,8.075541176140687,1.1784266670087369,1.5435761064909377,0.341535754444371,36.497532818353314,0.34153575444437106,Overcurrent
23.609625037197247,8.249887578345795,1.8451127499049937,1.0957332594207576,0.3494289962397962,25.869851395710064,0.34942899623979623,Core_Saturation
25.538347552918456,25.538347552918456,1.4258345712086113,0.5313859854848826,0.3404112985965034,13.570719982063013,1.0,Switch_Short
25.582251392527354,13.913758751480453,0.5787820710039143,2.4159343450454465,0.543883278214704,61.805039762793534,0.543883278214704,No_Fault
25.636701056214342,9.220583269527651,0.8545918587150315,0.7296404287101149,0.3785930609611674,18.705573549369287,0.359663407913109,Cap_ESR_Increase
23.25551230606011,9.315508491142081,1.1233475777897879,0.9884990706123027,0.40057206087498537,22.988052301153385,0.40057206087498537,Core_Saturation
24.76422325095705,9.148618706452535,1.1018161511220796,1.3060026454034082,0.36942885766057587,32.34214107711049,0.36942885766057587,Core_Saturation
23.086532725097477,0.0,0.6927543218870396,0.0,0.6831341217794011,0.0,0.0,Short_Circuit
22.7624393322978,13.14900275635413,1.0747556906554043,1.7684973359862097,0.6418469852607341,40.25531331971638,0.5776622867346608,Cap_Degrade
22.738529829389478,8.918004442671977,1.2421552137627327,1.067368955887446,0.39219793494060834,24.270400842410993,0.3921979349406084,Core_Saturation
23.368430483454375,1.0072413212333104,0.06601725075237652,1.1036867957469125,0.43102651756885035,25.791428161918233,0.04310265175688503,Switch_Open
23.719830479119288,9.107398199037807,0.683947417847384,0.6598845949576878,0.38395713692199884,15.65235072817865,0.38395713692199884,No_Fault
25.323796684220273,12.57960572176275,0.9646270708685445,0.8445528722828529,0.49675038378432945,21.38728522676522,0.49675038378432945,No_Fault
22.47956437389085,6.920203803031759,0.51365783642608,2.629237856173406,0.30784421298970144,59.10412164212085,0.30784421298970144,Overcurrent
24.939703389579577,1.4179398619729355,0.049084116122759605,1.6434081385634915,0.5685472035587182,40.98611152379458,0.05685472035587182,Switch_Open
24.125819656757223,11.672073888471823,0.6114220429641218,1.0716844554138818,0.5092632599270567,25.85526590026539,0.4838000969307038,Cap_ESR_Increase
23.15178137070397,15.267571210903535,2.955447023745287,1.5298697508791406,0.6594555713204413,35.419209998007204,0.6594555713204413,Inductor_Short
23.9712783381313,7.89089815669948,1.2905921286504127,0.4800895754640947,0.3657570737313656,11.508360840685105,0.3291813663582291,Cap_Degrade
23.199768279108092,14.421989755615053,1.9802229532729108,0.8576537976537506,0.6216436984244527,19.897369369264073,0.6216436984244527,Inductor_Short
24.384327820953224,15.039873145554397,0.5865873581793503,2.090562123672913,0.6167844057866863,50.97695215370847,0.6167844057866863,Overcurrent
23.735375691420977,8.328090030204097,1.0924454407904143,0.8269676147334278,0.3508724756867548,19.62838702033619,0.3508724756867548,No_Fault
22.657622116315515,1.040944835154647,0.06293818753509388,0.6711406311213372,0.459423689657651,15.20645080685276,0.04594236896576511,Switch_Open
22.466332298222788,8.268982000416024,1.3814345060094906,0.4683762850166298,0.36806105645780673,10.522697259790712,0.3680610564578067,Inductor_Short
24.18678272828852,9.234363449945135,1.17502917486624,0.6981801785548625,0.4018882001830195,16.88673228390414,0.38179379017386855,Cap_ESR_Increase
25.609652133144415,9.860575183806798,1.4456319882211548,0.6190493892054006,0.40529846993221774,15.853639510785836,0.38503354643560683,Cap_ESR_Increase
23.375830746230744,23.375830746230744,2.5364955552926327,0.7522365264886891,0.522494557610309,17.584153724332115,1.0,Switch_Short
24.932000428890493,11.582519139508012,1.9544880268007292,0.8531576483356823,0.46456437270418616,21.270926854216437,0.46456437270418616,Core_Saturation
24.634645419759067,16.72921825767546,2.06898513730458,1.7277345048873405,0.6790931216025221,42.56212690738262,0.6790931216025221,Core_Saturation
25.726219657237923,8.567362493653905,1.5814503123754176,0.5571400146093072,0.350548056778802,14.333106395675783,0.33302065393986197,Cap_ESR_Increase
25.283924069196562,1.7432680422489502,0.0452760577601768,2.151665971150314,0.6894768539400795,54.40255903683862,0.06894768539400796,Switch_Open
24.266421035621853,9.51863605089561,1.0687691025228774,1.1404805428263163,0.39225545608570556,27.67538103515795,0.3922554560857056,Overcurrent
24.62812199293643,24.62812199293643,2.5813190520912217,0.8789567557298053,0.6091495745527412,21.647054206629267,1.0,Switch_Short
25.59354586633614,0.0,1.1971398139457832,0.0,0.43558797046912856,0.0,0.0,Short_Circuit
23.59807513834774,8.008500712012923,1.645072251090817,0.6970549270061556,0.35723255816692556,16.449154543046756,0.33937093025857923,Cap_ESR_Increase
23.30717882343111,1.4990144307518025,0.02568388255523221,1.9005632441898739,0.6431556740984959,44.29676739757375,0.0643155674098496,Switch_Open
22.043244334540784,9.33629180726437,0.8551332153157907,1.437269342235831,0.42354435969458526,31.682079285449138,0.42354435969458526,No_Fault
25.306204296765856,14.261113073586845,1.562055852540405,0.8830181611931366,0.5635421616907369,22.345837984908037,0.5635421616907369,Inductor_Short
25.20392280161346,1.3271818004637952,0.038115792508276736,0.7254769588754051,0.5265774740346506,18.284865265845013,0.05265774740346507,Switch_Open
22.417818072400607,10.955644269092883,1.0837946737483286,0.7421228332585014,0.4887025237563497,16.636774663363575,0.48870252375634965,Core_Saturation
24.3074295245308,11.507414232043146,1.3300362248967519,1.6912021222974023,0.4983277890594156,41.10877639948102,0.47341139960644485,Cap_ESR_Increase
23.85592679266755,12.729657300444671,0.5847594732753219,0.7435068875567281,0.592895165636915,17.73704587939741,0.5336056490732235,Cap_Degrade
22.474836382036447,0.0,1.2416088339433382,0.0,0.3351091656493762,0.0,0.0,Short_Circuit
25.922272908242896,14.704986460986152,2.386851684032547,1.2786189641882413,0.5672722647831621,33.14470973534244,0.5672722647831621,Inductor_Short
22.85878354985342,15.048505035839806,1.1262061987513445,1.080886008727694,0.6583248405594314,24.70773931557133,0.6583248405594314,Core_Saturation
22.268936720362245,6.475890327440711,0.7528337831651613,0.431939543367088,0.32311527880794566,9.618834358263847,0.29080375092715105,Cap_Degrade
24.37938951800764,8.685433873076702,1.6932908780167533,0.5412885934823921,0.3562613356934667,13.196285462161727,0.3562613356934667,Core_Saturation
24.955466708532132,13.908184098614269,1.3883882160320455,0.7501325974401019,0.5866527746808126,18.719909062401197,0.557320135946772,Cap_ESR_Increase
22.12977378418875,1.0509709717508857,0.06882428065436828,1.5631897367874346,0.474912659297847,34.59303525687148,0.0474912659297847,Switch_Open
24.63487055490809,11.367008381015188,2.028209345781714,0.829050665667299,0.4614194483254753,20.423555832174298,0.4614194483254753,Core_Saturation
24.129167503805817,0.8560706598081915,0.07324414970819267,0.5566501447864406,0.3547866538176943,13.431504584569785,0.035478665381769435,Switch_Open
22.413060035500195,10.703863701901806,1.1895233848701623,0.6139683111382093,0.5027080162871153,13.760908617435348,0.4775726154727594,Cap_ESR_Increase
22.690095507785447,0.0,1.4086555613403595,0.0,0.3506181244785509,0.0,0.0,Short_Circuit
24.271897189264322,11.90896224232717,1.3085132732604108,1.210875863458521,0.49064818252421616,29.390254466826885,0.49064818252421616,Overcurrent
23.185430454053154,0.0,1.3946676243140135,0.0,0.6054461195846627,0.0,0.0,Short_Circuit
25.753262914605266,25.753262914605266,1.0232532025707333,0.5948223569953849,0.4033057431548654,15.31861654718734,1.0,Switch_Short
25.274960917936202,12.443228919631624,1.465902991865811,2.181257402033674,0.4923144672718909,55.131195588360164,0.4923144672718909,Overcurrent
25.93426882605465,16.264047761862383,0.9735301628464783,1.5943210810772954,0.6968063877587343,41.34755151170465,0.6271257489828609,Cap_Degrade
23.038683355801655,1.3239413678652825,0.06490914947874214,1.504440281463198,0.5746601693416149,34.66032327234374,0.05746601693416149,Switch_Open
25.878894531191907,15.649370537520019,0.6899245312715591,0.9536553137255719,0.6365427085220794,24.679545283014804,0.6047155730959755,Cap_ESR_Increase
23.72493547916623,11.054373723484062,1.7918821916279482,0.5586621083438449,0.46593904262421826,13.254222475112694,0.46593904262421826,Inductor_Short
23.390075181255018,0.0,0.7714606630209909,0.0,0.6071443692503421,0.0,0.0,Short_Circuit
22.201398107877413,22.201398107877413,1.583317541001874,1.201676652186683,0.3162036691765287,26.67890175213789,1.0,Switch_Short
22.211061031438412,22.211061031438412,1.2465112399017635,0.4500233252727164,0.34916447301689796,9.995495543203164,1.0,Switch_Short
24.76804502378662,0.0,1.305763832543007,0.0,0.38122823716802484,0.0,0.0,Short_Circuit
23.83171597773611,10.981196434974555,0.5092423145810782,0.566172907190195,0.4607807698460878,13.492871918445873,0.46078076984608773,No_Fault
22.906086504144422,1.4620908088590139,0.040625272849260124,1.6645711994080274,0.6382979513303052,38.12881188594771,0.06382979513303053,Switch_Open
24.45588122530093,24.45588122530093,1.34882108643283,1.7680671745584589,0.4385064203151722,43.23964081935508,1.0,Switch_Short
23.011432473000443,11.63604446810149,1.0890389406083405,1.0437814170259745,0.5618484774061852,24.018905594465927,0.5056636296655667,Cap_Degrade
24.31052701737769,13.481145844452909,0.8296776428759983,2.2589464577483636,0.5837257179213933,54.916178891901225,0.5545394320253236,Cap_ESR_Increase
23.436834987930762,1.2526354138621332,0.03794992272640499,1.4032222021666294,0.5344729416353365,32.887087203580116,0.05344729416353365,Switch_Open
25.294208906447277,10.082451475037258,0.9883381439953187,1.626017974128009,0.4428967872680545,41.128838323232046,0.39860710854124903,Cap_Degrade
25.282784643067117,25.282784643067117,2.3053780786818514,1.6049592577542444,0.5308213366854176,40.57783927469741,1.0,Switch_Short
23.909401592489605,10.446166681467504,1.2426094091303272,1.5846325277659097,0.4369062371158985,37.88761548287707,0.4369062371158985,Inductor_Short
23.40327643734006,0.7806151046868388,0.03377557262327481,0.40428384725873184,0.3335494954208048,9.461566636547467,0.03335494954208048,Switch_Open
23.450239186236377,0.0,0.7471747445945176,0.0,0.6971215912744058,0.0,0.0,Short_Circuit
25.222858102672873,25.222858102672873,2.947496428235921,0.759106824256436,0.35087298145300433,19.14684371299072,1.0,Switch_Short
23.31271793119045,7.2850468471453285,0.9868677499372125,0.4149789959745235,0.32893935353442294,9.674288280522683,0.3124923858577018,Cap_ESR_Increase
22.836237494827383,14.132015683479036,1.208889099694129,0.9812650964684212,0.6514122996828623,22.40840278833757,0.6188416846987191,Cap_ESR_Increase
22.338753367501226,8.458803026307242,0.7415428127159779,0.658605448892578,0.42073386435715804,14.712424689303733,0.37866047792144225,Cap_Degrade
23.866772483537634,13.36822771583944,0.9904595251574879,1.7156957612812611,0.560118789629403,40.94812038546976,0.560118789629403,Overcurrent
23.92852839567937,10.32760769652939,0.574119174385958,0.5924397605906742,0.43160229186489313,14.176211634023433,0.43160229186489313,No_Fault
25.363634841611628,11.001543138875034,0.5882163605145597,0.6375197825778849,0.45658170831778844,16.16981896960911,0.433752622901899,Cap_ESR_Increase
22.884954785784256,0.9264863841084046,0.048436676341073015,0.6328633956832693,0.4048451888067186,14.48305019578951,0.04048451888067186,Switch_Open
23.5239650946736,1.0285091615686792,0.044932964375920606,0.5604921228640903,0.4372176023172041,13.184997134094367,0.04372176023172041,Switch_Open
25.233622955574763,11.715470509114166,0.9553204795377415,0.8990487187160249,0.4642801602346172,22.68625638677276,0.4642801602346172,Core_Saturation
25.294494442995894,14.877372435419254,2.3752028578414675,1.6242802789630868,0.5881664276369372,41.08534849009962,0.5881664276369372,Inductor_Short
23.53844430391507,11.87783977814745,1.4929034908992644,1.305174603241173,0.5046144776939167,30.721779705276802,0.5046144776939167,Overcurrent
23.836496093146724,16.147464272900585,0.8956468211967125,2.461111195821622,0.6774260868627907,58.664267404001755,0.6774260868627907,Overcurrent
23.213143563397132,6.985172641543203,1.2370144995091341,0.39548128602835464,0.31675215753551017,9.18036386921312,0.30091454965873465,Cap_ESR_Increase
25.73021951367725,12.89668920278297,1.4629759423644857,4.603890972961191,0.5012273290528112,118.45912535132858,0.5012273290528112,Overcurrent
22.47457506296632,11.994454066987533,1.3315349724468752,1.0941113393741715,0.5336899155326872,24.589687424007433,0.5336899155326872,No_Fault
25.73499769200588,0.0,0.9635522233026858,0.0,0.6680787944297095,0.0,0.0,Short_Circuit
24.735465807341374,7.511672167559629,1.3612384329059113,0.9042021871625137,0.319663409448571,22.365862283481643,0.3036802389761425,Cap_ESR_Increase
24.126288610746926,12.772453184940314,1.256270080501048,0.6679090102813372,0.5293998339740864,16.11416554776588,0.5293998339740864,Inductor_Short
22.130636243137985,0.0,1.012103855463799,0.0,0.6414519714111828,0.0,0.0,Short_Circuit
23.902384767288034,23.902384767288034,1.558120554359873,0.5201681227473149,0.3967710912476946,12.433258613584233,1.0,Switch_Short
23.63099242001093,15.372360864276374,0.6611636878961611,2.28499996157419,0.6505169394095749,53.996816771684955,0.6505169394095749,Overcurrent
22.64487524790049,6.965956825294566,0.9262809062545349,0.9474854959100318,0.3076173637097167,21.4556908540778,0.3076173637097167,Overcurrent
24.625638414002626,0.0,0.6310145544336144,0.0,0.5929818516534918,0.0,0.0,Short_Circuit
25.884603629473144,1.7426687437390538,0.059949255408724283,1.047374058649443,0.6732452884674611,27.110862359933392,0.06732452884674611,Switch_Open
24.2487552442581,0.0,0.9562400440533355,0.0,0.5628790646560249,0.0,0.0,Short_Circuit
24.859013105775784,1.182323742370425,0.0515572316282332,0.5991336099388718,0.47561169759217914,14.893870261581169,0.04756116975921791,Switch_Open
22.273801810264068,6.727908444988735,0.7110135325349728,0.46332611065463536,0.3179524065890872,10.320033962241826,0.3020547862596328,Cap_ESR_Increase
23.67066798326798,15.813083827771816,0.6397716610934945,0.8054654982657515,0.6680455253290515,19.065906381426114,0.6680455253290515,No_Fault
22.465433940657984,9.869214304408334,1.083415435260124,1.8710317586089869,0.4881184890766299,42.03354037390333,0.439306640168967,Cap_Degrade
24.45118334214604,7.618956887477252,1.4850097478294462,1.0754546477797302,0.3115986977343792,26.296138769025276,0.3115986977343792,No_Fault
25.753928632856617,1.4832419646033637,0.029812529161886283,1.2599870417179941,0.5759284285315047,32.44961635072936,0.05759284285315048,Switch_Open
24.647110929886555,0.0,0.7857314285657813,0.0,0.49273490143050325,0.0,0.0,Short_Circuit
22.307212193257687,7.41159848002026,1.5064050281916763,0.46602186661294953,0.34973812697696427,10.395648665233095,0.332251220628116,Cap_ESR_Increase
23.418664819940332,9.032783319021755,0.5722720122552369,2.4382580153568716,0.3857087237241038,57.100747206175505,0.3857087237241038,Overcurrent
24.202653517763405,24.202653517763405,2.7517714427339026,0.4014542333070079,0.3257962721823385,9.716257711968867,1.0,Switch_Short
23.61283102453301,12.508127832007695,1.0242859833747513,2.572104276957352,0.5297174158834294,60.73466366927261,0.5297174158834294,Overcurrent
25.33457604190069,13.903914069535771,0.9082667739264259,2.4320604591079102,0.5488117917008036,61.615220639769255,0.5488117917008036,Overcurrent
25.258684018839958,12.687359169300807,0.8096805643514559,1.3909785189353545,0.5022969193421777,35.134286886782114,0.5022969193421777,No_Fault
24.447324080412887,24.447324080412887,1.5942343162556838,1.1193625276508852,0.6268408532010459,27.365418476951323,1.0,Switch_Short
23.493831780530822,0.0,0.8058025824494788,0.0,0.6444035285232054,0.0,0.0,Short_Circuit
23.021345495052977,12.575404421006214,2.7696061619203913,1.735696649450868,0.5462497586732507,39.95807224161429,0.5462497586732507,Inductor_Short
22.42349727285252,6.841467137028062,1.2237952301747854,0.4226528508604074,0.30510259188297223,9.477355048631686,0.30510259188297223,No_Fault
23.419590733946215,0.0,1.1697230078311507,0.0,0.5780918622990943,0.0,0.0,Short_Circuit
23.65269006883088,10.49800292181261,1.4286240638472012,1.2950774864455346,0.4671996867681406,30.63206640201675,0.4438397024297335,Cap_ESR_Increase
24.703291700416294,12.34946809758664,0.8328261293045596,0.7694374152229798,0.5262229932905548,19.007636913467604,0.499911843626027,Cap_ESR_Increase
24.632639297190295,0.0,1.1180428120817556,0.0,0.5596322408075537,0.0,0.0,Short_Circuit
22.28043255856503,9.805499073591342,0.960066238957951,0.848071963347309,0.4400946457308307,18.895410184169553,0.4400946457308307,No_Fault
23.58103726172463,23.58103726172463,2.5648832704003866,2.9414346224779657,0.6668394020687176,69.36207943557983,1.0,Switch_Short
22.72711546886945,7.634275569916288,0.8901817215206141,0.7876879162890393,0.35358994669991245,17.90187422693417,0.33591044936491676,Cap_ESR_Increase
22.62725082126722,0.0,1.1431786168698959,0.0,0.5686047229124149,0.0,0.0,Short_Circuit
25.309208598948985,25.309208598948985,2.764424823634627,1.2023676982923448,0.30174383198263216,30.43097488871911,1.0,Switch_Short
22.16766086686503,0.0,0.9021504761949287,0.0,0.6698604421620723,0.0,0.0,Short_Circuit
23.676731503608487,8.16851151337234,1.133244174734923,0.43816643710023806,0.3450016532952366,10.374349085115092,0.3450016532952366,Inductor_Short
22.672814623066074,7.662361411235142,1.5240762335126892,1.1654037512112896,0.33795369205902986,26.422983212239384,0.33795369205902986,Core_Saturation
25.517320862713895,9.948763176970473,0.8459724878070259,0.5565776545059649,0.4332030532208977,14.202370595045423,0.38988274789880795,Cap_Degrade
24.228162053100142,10.34433950111079,1.2894479186018926,1.1506756487856236,0.4494265144156322,27.87875608933423,0.4269551886948506,Cap_ESR_Increase
22.92552254550739,0.0,1.4510329247486062,0.0,0.3857200289291514,0.0,0.0,Short_Circuit
24.009709148665507,12.822353102777388,0.985608317996847,2.5260709483844614,0.5340486643708499,60.65022875960456,0.5340486643708499,No_Fault
24.925945438812462,0.0,0.9661902301555338,0.0,0.4771656392167854,0.0,0.0,Short_Circuit
25.832472035677736,8.102877589986003,1.1545848001914603,0.5608634028330663,0.313670235616435,14.488488169520243,0.313670235616435,No_Fault
22.881784016981676,0.9790218984737931,0.030174875179678387,0.9807196469147923,0.42786082490212024,22.440615141914808,0.04278608249021203,Switch_Open
25.54472708851738,15.944333166866667,1.5070123778500293,0.9084696462646563,0.6241731654292682,23.20660918203257,0.6241731654292682,Inductor_Short
25.737216456669962,14.821564014295955,1.4189793255003984,1.882211622926519,0.5758806139447474,48.44288795651988,0.5758806139447474,Overcurrent
25.665682178128264,0.0,1.1699426133637663,0.0,0.5899483414319522,0.0,0.0,Short_Circuit
24.54165742744764,24.54165742744764,1.0268880879668325,0.887667243767933,0.5792467696334094,21.784825406119268,1.0,Switch_Short
24.51928261773883,9.365147049991268,0.7046254725590199,0.5445934381748488,0.42438920855321327,13.353040422375198,0.38195028769789197,Cap_Degrade
23.612842532735293,8.025192159098072,1.182837266028899,2.509268338800264,0.33986556883071034,59.250958156468904,0.3398655688307104,Overcurrent
25.00959152921515,10.228594649877834,2.5287984051251486,1.0664162333558147,0.4089868736132384,26.670634396353112,0.4089868736132384,Inductor_Short
24.12517607340373,1.5264339550915498,0.0669929786337021,1.2773624458021153,0.6327141200740637,30.816593914529662,0.06327141200740638,Switch_Open
24.70975228491318,24.70975228491318,1.5843536067640898,1.3716122705043112,0.6921883191132284,33.89219943510886,1.0,Switch_Short
23.713831615395183,11.798551465157342,2.8620571925551253,0.8983941334264348,0.4975388058966245,21.30436720433335,0.4975388058966245,Inductor_Short
24.925985856172556,7.574512120696408,1.5794203403668388,0.7965286195472825,0.30388014196921687,19.854261104872215,0.30388014196921687,Core_Saturation
25.297886070418198,0.9006500901975397,0.05982695111939465,0.60007755988421,0.3560179248536916,15.180693743365298,0.03560179248536916,Switch_Open
22.585745026411264,9.20122063830736,1.2064127490578989,0.6599426845962238,0.4288322301265063,14.90529720633566,0.40739061862018094,Cap_ESR_Increase
25.331718862296913,13.462140214049338,0.9341100820119307,0.9849873756463586,0.5314341394371799,24.9514232827852,0.5314341394371799,Core_Saturation
24.16118612716123,7.974096459456092,2.1946719890773196,1.1890232840482644,0.33003745832212555,28.728212875418613,0.33003745832212555,Core_Saturation
25.378663636360898,17.190058120053916,0.6228755798941527,2.82858729598349,0.6773429194839526,71.7857655508486,0.6773429194839526,Overcurrent
23.725206825364058,10.053124494978453,0.830370152052302,1.0230903688999589,0.44603346931376026,24.273030603189536,0.42373179584807225,Cap_ESR_Increase
23.51616194153214,1.563903988406228,0.06568139401114902,1.264723823554456,0.6650336871699292,29.741450246020307,0.06650336871699292,Switch_Open
25.66024293006889,15.709424507404863,1.1185969615011015,1.6687303378349299,0.6122087211028087,42.82002585362023,0.6122087211028087,Overcurrent
23.004677070193605,13.160197355388513,1.471964081913993,1.1347373194911525,0.6021749090062324,26.10426559439107,0.5720661635559207,Cap_ESR_Increase
25.376849301144574,13.771707328018358,2.0314723767480896,2.643468132518307,0.5426878319128928,67.08289243129515,0.5426878319128928,Inductor_Short
23.936082290037618,11.863731866596218,0.8769932353666349,1.1380847116594495,0.5507135268207378,27.24128931131432,0.49564217413866407,Cap_Degrade
24.05638177020504,1.3356134289856707,0.07109227497738925,0.771597241663794,0.5552012940864992,18.561837818301385,0.05552012940864992,Switch_Open
23.233873125957935,12.813215112878849,0.5362523175147949,1.5344328135917182,0.5514885548102328,35.65081731129664,0.5514885548102328,Overcurrent
24.292168802476063,11.401339057085723,1.3561302203530459,0.9974256374801397,0.5214912925593445,24.22963195358485,0.46934216330341005,Cap_Degrade
23.300844785104847,1.618396541093999,0.03654088925938908,1.85032873635452,0.6945656073931555,43.11422268721586,0.06945656073931557,Switch_Open
22.15707765696661,13.137290885056098,2.0231044916309515,1.0969379556837333,0.5929162269702783,24.304939468958676,0.5929162269702783,Core_Saturation
23.087994421377424,12.691486690901614,0.6391966134168856,1.0480188018951107,0.6107785553570084,24.196652251652967,0.5497006998213075,Cap_Degrade
22.025516173626364,12.864809150903817,1.0802189636905406,0.7147805395594924,0.6489851260334696,15.743410334660979,0.5840866134301227,Cap_Degrade
25.913419148227426,25.913419148227426,2.776215838022944,0.6826321702524955,0.38625590509033964,17.68933355181706,1.0,Switch_Short
25.86298883927899,0.8625867064327984,0.048676982344944525,0.5596134450326091,0.3335216636380243,14.473276283188836,0.03335216636380243,Switch_Open
23.58062118988922,11.04751833709031,1.3712233411837322,0.9399566147884002,0.49315777463943944,22.16476086825589,0.46849988590746744,Cap_ESR_Increase
24.913483417358584,12.597061379405547,2.609343235711117,1.2209598013591323,0.5056322782477093,30.418361764422173,0.5056322782477093,Inductor_Short
23.3832243936417,14.770544767567772,1.2364942087167792,0.8590375457838041,0.631672711979967,20.087067695625947,0.631672711979967,No_Fault
24.684372628343905,11.787119483441321,1.4253297368745983,1.8974780815393915,0.47751343171293426,46.838056018833456,0.4775134317129343,Overcurrent
25.221720172183915,11.993106743590014,0.9468342305199287,0.6689477270957767,0.5283412102177251,16.87201238262813,0.4755070891959526,Cap_Degrade
25.78702497876896,0.0,0.6731254391651558,0.0,0.5108283754053833,0.0,0.0,Short_Circuit
23.600849103398687,6.69681178644131,0.5478110637024798,1.2360293564757143,0.3152811135029564,29.171342329554317,0.28375300215266075,Cap_Degrade
25.13319193182419,13.7248832097423,1.1196898044562578,0.9006613672758961,0.5460859586387655,22.636495009324292,0.5460859586387655,Core_Saturation
23.063713802528476,1.4558215484439603,0.03215987519401211,2.5542423844123365,0.6312173143097008,58.91031533637405,0.06312173143097008,Switch_Open
25.961329215174594,9.423968196618928,1.5869231121517209,1.0760996198131425,0.3630002192303215,27.93697649829321,0.3630002192303215,Core_Saturation
22.103078395057405,11.885547881577198,1.369890674423464,1.1532566253456191,0.5377326935706382,25.490521599633567,0.5377326935706382,Inductor_Short
24.414115226004483,24.414115226004483,1.0778674145787424,0.8153752256368778,0.5374442177785658,19.90666471112814,1.0,Switch_Short
24.638023926605307,0.9009484407105351,0.026799491443433396,0.7257788840477705,0.3656739856225435,17.881757510593868,0.03656739856225435,Switch_Open
24.752182228296515,8.648051818704914,1.9973542475472925,1.592734292339445,0.3493854294922944,39.42364944524284,0.3493854294922944,Core_Saturation
22.481550315156355,22.481550315156355,2.1828998628860496,1.0915579349008542,0.6920207771905938,24.539914635381717,1.0,Switch_Short
25.754119133892523,11.782191900384385,0.8580853018933782,1.0546610533833811,0.457487667861215,27.16186641471218,0.45748766786121503,No_Fault
22.72473311620033,8.884659170886945,1.394228042740247,0.4718975351017544,0.3909686914894117,10.723745543380145,0.3909686914894117,No_Fault
24.491013612959364,0.9025668784074272,0.028509830570385683,0.722432943747628,0.36852981778175,17.693115059773465,0.036852981778175,Switch_Open
22.89070431649234,12.979960665674678,2.960644145455652,0.8302059594188569,0.567040685433294,19.00399913884689,0.567040685433294,Inductor_Short
23.228865668085085,0.0,1.116291790254461,0.0,0.5437781189309115,0.0,0.0,Short_Circuit
24.185834166912496,12.133519397828108,0.6834642539688485,0.821322808443837,0.5574208491949669,19.864377242525478,0.5016787642754702,Cap_Degrade
23.668773674258304,7.537138501076479,1.2969760088746656,0.5016861399176259,0.33520241100458087,11.874295701222572,0.3184422904543518,Cap_ESR_Increase
22.640902403906026,14.884442440972979,2.526762519567125,0.8019105386243222,0.6574138333993748,18.155978241656992,0.6574138333993748,Inductor_Short
22.683745609683392,10.337131650750827,1.858685566741549,1.8769788151487057,0.4557065587236193,42.57690995759819,0.4557065587236193,Inductor_Short
23.6725791526512,0.0,1.3616326062455473,0.0,0.42534776257214313,0.0,0.0,Short_Circuit
25.029131913102002,12.137741835809166,0.9760986109447054,0.7992017690907248,0.48494457889909565,20.003326503756238,0.4849445788990956,Core_Saturation
25.591858587391155,25.591858587391155,1.5576751671552167,1.815735381531275,0.45602642629905127,46.46804311627111,1.0,Switch_Short
22.336510649037532,1.441667196546384,0.02967461807919949,1.291925185830462,0.6454308012556583,28.857100671061904,0.06454308012556584,Switch_Open
23.572415630237604,15.042010310421077,0.7819656246680874,0.827594100685324,0.6717043900791568,19.508392114487165,0.638119170575199,Cap_ESR_Increase
22.400982254891506,22.400982254891506,1.47745762382229,0.81803800323463,0.4213812865798425,18.324854794285827,1.0,Switch_Short
22.06636992253039,12.820933641106492,1.4176331909217101,0.7201572291885798,0.6455743229839819,15.891255821659703,0.5810168906855837,Cap_Degrade
24.646874730575828,14.343958313820762,0.6359206576262719,2.5798687459581737,0.6126092518132268,63.58570180295886,0.5819787892225654,Cap_ESR_Increase
24.40979776786635,16.41127014744552,0.9274151201877094,1.0408324518195964,0.6723230689379047,25.406509659148846,0.6723230689379047,No_Fault
22.652076455259547,9.022324880793317,2.0647973744538257,0.6578319117724921,0.3983001248743551,14.901258760180044,0.3983001248743551,Inductor_Short
22.935251332372257,10.956290981693668,1.3986930538021607,0.9732622348600455,0.5307836600483916,22.32201396882146,0.4777052940435525,Cap_Degrade
22.094831014578073,9.054855786696475,1.4976962186612135,0.46286303449384575,0.4098178338961778,10.226880530036343,0.4098178338961778,No_Fault
25.339788822777614,14.359399911349836,1.2533881149198358,2.2974009127842527,0.6296377961937496,58.21565397120949,0.5666740165743747,Cap_Degrade
25.898762384194207,7.824784693853526,2.2061864858535443,0.4243379265985217,0.3021296762284257,10.989827131576757,0.3021296762284257,Core_Saturation
22.541838147178762,1.1855376305037684,0.06435505662679368,0.7714021802742292,0.5259276651545585,17.38882309412249,0.052592766515455844,Switch_Open
22.925900855061194,22.925900855061194,2.9264052819428334,1.1241929280883212,0.43568137250876715,25.77313561131379,1.0,Switch_Short
25.473638095787734,9.837056356325414,1.207270725944455,0.5900156911584391,0.42907348283112806,15.029846187406145,0.3861661345480153,Cap_Degrade
25.70585519182474,14.342903986972855,0.5797634254510711,1.253813503019375,0.5579625295459668,32.230348346170565,0.5579625295459668,No_Fault
23.678509531227242,15.168305918877445,1.3528802804890148,0.8811912333701982,0.6405937797255975,20.865295018190128,0.6405937797255975,Core_Saturation
22.202489889076297,12.07100877387577,1.7198959257037054,1.1143277690617006,0.5436781565573304,24.740851025709354,0.5436781565573304,Core_Saturation
22.15756733477128,14.208965289460236,0.850718509454251,0.7998758925690347,0.641269191458689,17.723303949058664,0.641269191458689,No_Fault
24.29579946427604,8.874161268226251,0.7733839181137786,0.6777017789942876,0.40583884475241194,16.46530651902833,0.36525496027717075,Cap_Degrade
23.571580435572717,11.37118273142657,1.1851391938464002,1.6821488915829859,0.5078007419059924,39.65090790255784,0.48241070481069276,Cap_ESR_Increase
22.114609710310617,10.619758801774184,1.4335018767024348,1.4404607186718479,0.4802146156268304,31.855226596461456,0.4802146156268304,Overcurrent
24.333009569250226,7.413245051191787,0.5349818735161536,1.883884006139098,0.3046579598012385,45.840567548740125,0.3046579598012385,Overcurrent
22.04521014635609,11.523579326939036,1.2692312035414377,1.0308386135289485,0.522724857256296,22.72505386222402,0.522724857256296,No_Fault
25.149487832597092,14.199645526211622,1.8340909170669408,1.8796439243787368,0.5646097296584699,47.27208200577809,0.5646097296584699,Core_Saturation
23.225731290813485,23.225731290813485,2.927906850776574,2.3388765404479126,0.536765761767628,54.322118050830674,1.0,Switch_Short
22.161032012036927,13.174998566314562,2.146066833498815,1.6109706956764145,0.5945119595133685,35.70077315733842,0.5945119595133685,Core_Saturation
24.353408883932612,0.0,1.262232562044193,0.0,0.5285358113812308,0.0,0.0,Short_Circuit
23.59073765773222,7.707096397628055,1.5306131470238982,0.6305191063530969,0.32670010194030275,14.87441082616367,0.32670010194030275,Core_Saturation
25.895201653428597,8.974712627153691,0.7042675532335199,0.7166894670500579,0.3465782096338846,18.55881827214952,0.3465782096338846,No_Fault
24.17679465001481,11.719238170588408,1.0452357183255745,1.494081787069875,0.538589831017581,36.12210855631552,0.4847308479158228,Cap_Degrade
23.100956724148034,8.997639983635406,1.3918871933116193,0.6199476886122158,0.409991676789456,14.321384725866398,0.3894920929499832,Cap_ESR_Increase
24.8377554585359,8.242609132932389,2.7913384252757862,0.5295962466102078,0.3318580516139063,13.153982065062811,0.33185805161390625,Inductor_Short
23.085968010170845,10.348263055985909,1.418683210131604,1.0504740073466008,0.4718410973794187,24.2512093291196,0.4482490425104478,Cap_ESR_Increase
25.61697316563026,25.61697316563026,1.390533870382108,0.7336396949178765,0.5217290392334621,18.793628377952412,1.0,Switch_Short
23.498887882029507,23.498887882029507,2.1993726284561186,0.6916433525847143,0.4314983953398426,16.252849596739207,1.0,Switch_Short
24.19947425110482,12.810140105389001,0.832173459531357,0.9068464324030074,0.5881734808903112,21.945206890642847,0.52935613280128,Cap_Degrade
22.202292415296917,11.759062988345812,0.5601262341297073,1.3512912199309912,0.5575082432404979,30.001762803131165,0.5296328310784729,Cap_ESR_Increase
23.704484951808922,10.267060618415975,0.7002209357886661,2.0496512074776407,0.4331273444366688,48.58592620411072,0.4331273444366688,No_Fault
25.32945415864398,15.247039894236808,0.6132206499334493,1.6959401698853782,0.6019490115634242,42.95723878891457,0.6019490115634242,Overcurrent
25.222595221453368,14.111487558425702,2.0140786853092028,0.813981877557387,0.5594780170132142,20.53073541522859,0.5594780170132142,Core_Saturation
22.897274235414105,0.0,0.758506252147812,0.0,0.5549781514871608,0.0,0.0,Short_Circuit
22.904316284042253,11.941648124883596,0.7846979688875555,1.125341511208712,0.5213710803148272,25.77517790028642,0.5213710803148272,No_Fault
25.269221248852947,7.311095112217733,1.6059302289787727,0.5158071958552777,0.3045558672354211,13.034046153817437,0.28932807387365006,Cap_ESR_Increase
25.7215936806773,14.882588011829387,0.8790867230488522,2.013655453316191,0.5786028733907556,51.79442738307912,0.5786028733907556,Overcurrent
22.381443685092016,10.080976373907893,0.5095856401443946,0.5630177487809719,0.45041671644366255,12.601150038048607,0.45041671644366255,No_Fault
23.8002345577049,1.6113803246569962,0.03919230741730683,2.268264693383595,0.6770438840634622,53.985231741490146,0.06770438840634621,Switch_Open
23.349817115856915,14.644863058040604,0.6192995806018124,1.2791283067899235,0.6271939084308821,29.867412031260432,0.6271939084308821,No_Fault
25.482753821829757,13.63525554235583,0.602808561735854,4.222509215069919,0.5350777878125249,107.60116283803434,0.5350777878125249,Overcurrent
22.334099658720074,8.057819612925055,0.5774872901357495,0.8256355356988971,0.40087279272770776,18.439826336079904,0.360785513454937,Cap_Degrade
22.84450377023215,8.714880234587053,1.6398892052630658,1.6674053405522864,0.38148695731106663,38.091047588751934,0.38148695731106663,Core_Saturation
25.009873350345977,10.908154677381223,1.0340215854447878,0.5904567504232556,0.4361539350710196,14.767248546942467,0.4361539350710196,Core_Saturation
22.20517539592486,10.894462528885272,1.2918641910615156,0.8441615980152783,0.4906271774320074,18.744756346433473,0.4906271774320074,Core_Saturation
23.97014152285716,23.97014152285716,2.7240354322600338,0.565149949948739,0.41842620401557884,13.546724281906913,1.0,Switch_Short
23.768428138718882,12.026154324712866,1.8486762795925513,2.038825219437085,0.5059717981569931,48.45967071559811,0.5059717981569931,Inductor_Short
23.337604715954996,8.545021263720903,1.4156913500516377,2.031657545919595,0.36614817020527435,47.41402072485869,0.36614817020527435,Overcurrent
23.578289261275696,16.294604984484764,1.4969070800934094,1.8327696487185363,0.6910851251301999,43.213572926772294,0.6910851251301999,Core_Saturation
24.119762347720933,7.86331582365136,0.9887202763237314,0.7663786237782754,0.34316982198599755,18.484870273905432,0.32601133088669765,Cap_ESR_Increase
22.645469433553533,15.23536584139503,2.500777854181403,0.893937087793595,0.6727776558617488,20.243624997149716,0.6727776558617488,Inductor_Short
24.28798351313437,0.0,0.5731750987680021,0.0,0.665431204561078,0.0,0.0,Short_Circuit
25.221729317199944,12.866718741722032,1.1789567659648348,1.5944278726385288,0.5101441927277992,40.21422821948792,0.5101441927277992,Inductor_Short
25.040643719160634,14.034427001215544,1.267171085315257,2.4725426409751723,0.5899641087344337,61.914059353091794,0.5604659032977121,Cap_ESR_Increase
22.615599618775093,10.729277374191081,0.9869407132392483,1.7326591576221726,0.4744193191890351,39.18512578458718,0.4744193191890351,No_Fault
22.596997878965894,11.850162600217905,1.4194567753511314,0.7605680986847938,0.5520138310169752,17.18655571278941,0.5244131394661264,Cap_ESR_Increase
23.072697470979655,23.072697470979655,2.8325416746870626,0.862317750251825,0.43623037496844747,19.89599657541615,1.0,Switch_Short
23.44429890536415,9.857474502767827,1.3325503165073214,0.6202510626855287,0.42046360791417814,14.54135130996929,0.42046360791417814,Core_Saturation
23.63382232563393,0.0,1.0964100265846461,0.0,0.5312919144678054,0.0,0.0,Short_Circuit
24.71878886733338,12.340901558082965,1.501044941692965,1.7553534278552227,0.49925186967359214,43.39021077070317,0.49925186967359214,Core_Saturation
22.226721728663343,1.1820493962093621,0.07408053278212165,1.6547621547873828,0.5318145476599924,36.779937941582496,0.053181454765999246,Switch_Open
22.138690816904266,0.0,1.3310844073565953,0.0,0.41466423251480916,0.0,0.0,Short_Circuit
23.567642251775638,1.052962503623277,0.07058688541386769,0.6656304945527673,0.4467831327267981,15.687341367492113,0.044678313272679814,Switch_Open
24.788654768551922,8.268483463291814,0.7543400875776042,0.7748946435801567,0.3335591842515637,19.208595801708594,0.3335591842515637,No_Fault
22.77374137182593,0.0,1.2725264231625943,0.0,0.32091054890888226,0.0,0.0,Short_Circuit
24.566017925025008,9.860378333816584,1.1482098374964733,1.9030077785708948,0.40138285186920647,46.74932319983462,0.40138285186920647,Core_Saturation
23.0393125517612,23.0393125517612,1.4174850668567798,0.8148191119585811,0.3296987437322183,18.772872193562254,1.0,Switch_Short
25.544344435254065,8.7236460909898,1.4442661596555508,1.6977576612863792,0.34150988345389627,43.368106467490676,0.34150988345389627,No_Fault
25.582759777066467,0.0,0.5193044167178666,0.0,0.6251713621575747,0.0,0.0,Short_Circuit
23.189148817125307,6.585591440892898,1.4653887036634297,0.647980219489019,0.3155494788066757,15.026109740284381,0.2839945309260081,Cap_Degrade
22.919975015852962,22.919975015852962,1.2985237939776124,1.893670376739002,0.5635771175738971,43.40287772311879,1.0,Switch_Short
23.645215888264925,9.671439491583328,1.979157122689902,1.4733690388329153,0.40902309952616017,34.83812900628967,0.40902309952616017,Core_Saturation
22.962126340720594,1.4893654715067912,0.038796127653405156,0.8073946294098489,0.6486182722832505,18.539497487328234,0.06486182722832506,Switch_Open
24.689535373166816,12.19655427826571,0.8507023274307274,1.7699186830703062,0.4939969138309998,43.698469933293154,0.49399691383099986,Overcurrent
25.30425873819314,1.0684231937910844,0.03583788556609925,0.561830176711939,0.42223058373113026,14.21669615844368,0.04222305837311303,Switch_Open
24.692368523644866,12.520403101985787,1.6282710637216193,1.2290095974114283,0.5070555742757737,30.347157898379404,0.5070555742757737,Core_Saturation
25.297401788997398,11.454238726426293,1.6961910950157482,0.7556975120251119,0.45278320761810753,19.11718359264495,0.45278320761810753,Inductor_Short
23.587968648829897,11.78064307725117,1.2731323434441297,1.536567599407525,0.5257204258679321,36.24450836163251,0.49943440457453553,Cap_ESR_Increase
22.625267882835445,7.824115095759892,0.773470976913099,0.5480951087744488,0.3458131473305393,12.400798661293736,0.3458131473305393,Core_Saturation
24.951803789590368,15.692603129444372,0.5643748835150396,2.5110546068901454,0.6987962011250204,62.65534185606988,0.6289165810125182,Cap_Degrade
23.441898020566214,11.022904400977463,0.8994917290968729,2.1909054291929446,0.470222351078687,51.35898164384586,0.470222351078687,Core_Saturation
24.68508330091653,9.759569336926289,0.9189936853102311,0.5715479398848936,0.43929225588294746,14.108708506525833,0.3953630302946527,Cap_Degrade
23.08257576792706,1.3482161784333386,0.0657398086329988,1.011914823192736,0.5840839393265059,23.357600577034844,0.0584083939326506,Switch_Open
22.32491853922669,9.947085404360502,2.7763558207567653,0.5261863920079322,0.44555976259813296,11.747068338026688,0.44555976259813296,Inductor_Short
25.970327181951053,0.0,0.7448107400609008,0.0,0.633309722011503,0.0,0.0,Short_Circuit
22.624806031722397,10.89855661933458,1.611554586358521,1.0990003296633968,0.48170828974417007,24.864669287433323,0.48170828974417007,Core_Saturation
25.953683975853924,15.256181856779374,1.2683649926926006,1.385687948711841,0.587823365306174,35.9637071100164,0.587823365306174,No_Fault
25.90911973026579,7.997708897241964,0.7888294299196087,0.5699802962430063,0.3429812865767546,14.767687739252414,0.30868315791907913,Cap_Degrade
25.175272415632158,16.073094121666745,0.9090077367362732,1.1917357289719306,0.6384476742220446,30.002271624310325,0.6384476742220446,No_Fault
24.63769184832799,0.0,1.023974202685714,0.0,0.5942871947112439,0.0,0.0,Short_Circuit
24.31122820100434,8.88459610505096,0.6983623310488525,1.7378071459145135,0.3846867113847863,42.24822609366378,0.3654523758155469,Cap_ESR_Increase
25.46440618151134,9.119170640316492,0.7889734405886705,0.5837039112613623,0.35811440389831467,14.863673486096182,0.3581144038983146,Core_Saturation
23.15775808647795,8.88945849405014,0.6528058093182832,0.9921908691998713,0.4265169394902497,22.976916124542907,0.3838652455412247,Cap_Degrade
23.870724849939506,1.6481022412296569,0.056342681062676675,2.1394187306679884,0.6904282344127617,51.069475858582386,0.06904282344127617,Switch_Open
24.477559877466007,9.857912061195423,0.5736182615336817,0.7789161825651414,0.40273262982682345,19.065967498265493,0.40273262982682345,No_Fault
23.644761903477963,10.266692645105842,0.6896963648501283,0.9070829748853839,0.4824508835786533,21.447760967863385,0.434205795220788,Cap_Degrade
23.70994581636107,7.3976949149695095,1.6757077713906074,1.0485501705134697,0.3120080902869345,24.86106772861053,0.3120080902869345,Inductor_Short
23.321138670008338,10.166767875164776,0.6356570707370031,1.3329936823161495,0.458891011826493,31.08693051153996,0.4359464612351684,Cap_ESR_Increase
24.256927266738145,11.538418863760594,0.6916992711616344,1.1526635212050145,0.528528006173241,27.96007519689232,0.4756752055559169,Cap_Degrade
25.402298112060464,17.305311651565916,1.411269788983511,1.5545315790246335,0.681249845003186,39.48867459499582,0.681249845003186,No_Fault
22.806113512025252,11.555730412270812,0.5192991322269848,2.3671596863593503,0.5066944179760258,53.98571250820144,0.5066944179760258,Overcurrent
25.737732155013767,0.0,1.1534319241743622,0.0,0.6276429304710751,0.0,0.0,Short_Circuit
24.75635061499292,12.202615750497268,0.9728498240067035,2.535700713298515,0.5188510570275602,62.77469591310568,0.4929085041761822,Cap_ESR_Increase
25.29309285072012,7.600531532517356,1.2899136133756082,0.4091619861260521,0.31631400537420723,10.348972106071294,0.30049830510549685,Cap_ESR_Increase
24.224762770520048,10.319829126045203,1.0886917203634046,1.0776489076476299,0.4260033100759096,26.105789137673902,0.42600331007590964,Overcurrent
25.118066805696255,0.0,0.7234987543546443,0.0,0.5302198031324413,0.0,0.0,Short_Circuit
22.06480158935787,15.009307376931789,2.6944189751467773,0.7532608592815943,0.6802375863724497,16.620551405077595,0.6802375863724497,Inductor_Short
25.27352169911814,1.626735642555303,0.04959701913046784,1.0769649589726553,0.6436521439004933,27.218697259785284,0.06436521439004933,Switch_Open
22.160555436341465,8.238743453297175,1.454789620804819,1.4375200361126388,0.391342245671539,31.856242451125716,0.37177513338796203,Cap_ESR_Increase
25.55965350545145,9.91826844700889,1.8120250723764384,1.4659475668458273,0.3880439320076654,37.469111865738974,0.3880439320076654,Inductor_Short
25.967850988954574,9.385968792399513,1.633154109306763,0.5271659900277527,0.3804691868455603,13.689367875485393,0.36144572750328224,Cap_ESR_Increase
23.17626984870711,1.550491429694865,0.06352446792506482,1.07294630763967,0.6689995585210012,24.866893159030905,0.06689995585210012,Switch_Open
22.841274225143174,14.642774837740678,1.4659502051125735,1.6594490727790971,0.6410664612406882,37.90393133400693,0.6410664612406882,Overcurrent
25.06145345543216,1.5286318064946767,0.05071632394549295,0.8274483620860228,0.6099533729011795,20.73705861319244,0.06099533729011795,Switch_Open
23.012105363681012,10.518696340522393,1.4605366984360506,0.8975663030124291,0.45709404568969103,20.654890335811658,0.45709404568969103,Core_Saturation
25.462249532688816,12.775741800738057,1.883180713987887,2.2304449667889705,0.5017522817195067,56.79214631331059,0.5017522817195067,Core_Saturation
22.411370368629907,10.885935393195497,1.3802912630134303,2.7826303294403187,0.4857326979180611,62.36255891206964,0.4857326979180612,Overcurrent
22.503820785517433,0.9032116475617387,0.07320728979327791,1.5057092955042004,0.40135924302374903,33.88421214111424,0.040135924302374906,Switch_Open
25.916606220402464,12.3599057136875,0.9070070966357497,1.6613797438852895,0.5020112184595068,43.057324604828146,0.47691065753653145,Cap_ESR_Increase
24.69535559308002,7.709855915358066,1.298704573842639,0.6909715121409784,0.31219861914110175,17.06378719700967,0.31219861914110175,No_Fault
25.38754889771581,25.38754889771581,1.4212911952710734,1.3221415686597844,0.35272414939898367,33.56593372405296,1.0,Switch_Short
23.29731750940607,15.251258981815441,2.0911486934908905,2.0332304479785557,0.6546358384675786,47.36881531634835,0.6546358384675786,Inductor_Short
24.70593499808242,14.098153030641276,0.7478329632501192,1.269765227443104,0.6006719068125692,31.370737172034666,0.5706383114719407,Cap_ESR_Increase
24.376967309234388,11.436389946266843,1.6947947235006777,1.1320284292841913,0.4691473636236348,27.595420013784686,0.46914736362363474,Inductor_Short
24.41260048049179,12.373774217258692,1.4313583672064594,2.0597430182420307,0.5068601449135509,50.283683396825005,0.5068601449135509,Overcurrent
24.730129838150887,1.1079087147349838,0.03230453498865431,0.9686565465784615,0.44799955438399097,23.955002165460204,0.044799955438399104,Switch_Open
24.301436692516393,13.766675174427569,1.2456409846487162,0.9880049553314938,0.5963119468642689,24.009939873880782,0.5664963495210554,Cap_ESR_Increase
23.716249477210663,14.554066354962442,1.639431409391105,0.7636785640914394,0.6136748716928317,18.11159134639059,0.6136748716928317,Core_Saturation
23.10369077752219,13.984989237063056,0.6207383527089865,4.226371422350693,0.6053140760812636,97.64477845294705,0.6053140760812636,Overcurrent
25.074325323652808,14.0314032762913,0.9085769481456935,2.276178256369284,0.5890446899337798,57.07363409482823,0.5595924554370908,Cap_ESR_Increase
22.905089720012747,7.870682705723972,1.0629815045152657,0.491521917172506,0.3818017354771183,11.258353612188923,0.3436215619294065,Cap_Degrade
24.769417224617655,10.77935293746641,1.0307679134827354,0.8557792345837054,0.4351879916961915,21.197152913567745,0.43518799169619143,Core_Saturation
22.933331290597305,11.190047793521357,2.601247312825631,0.678346064364278,0.48793817399346995,15.556735023738831,0.48793817399346995,Inductor_Short
24.501320679817816,10.59234226858743,1.47215650953475,1.2868326417731861,0.4323171965710622,31.529099217341958,0.4323171965710622,No_Fault
24.988313068516117,1.5042366748380653,0.035737969998123606,0.8628704027286813,0.6019760800633316,21.561675760940872,0.06019760800633316,Switch_Open
22.874855555626155,9.876022384269499,1.3738239295811518,0.5237130041273358,0.43174140969998187,11.97985932201585,0.43174140969998187,Inductor_Short
22.239773203445232,0.7901632064851514,0.04774675358987224,0.543730988436742,0.35529283471413486,12.092453866518243,0.03552928347141349,Switch_Open
22.523894971976695,0.0,1.247765277140032,0.0,0.4596161808193216,0.0,0.0,Short_Circuit
24.4239878690841,16.90056364833214,0.7816006102352514,1.8340850248697627,0.691965773112952,44.795670398287896,0.691965773112952,Overcurrent
25.39778562490294,9.914090768405737,1.0397598173945608,0.5870732105041919,0.3903525651734303,14.910359546508984,0.3903525651734303,Inductor_Short
22.179987284941696,12.08506469417362,1.5618309420493408,0.7430941929055278,0.5448634635772917,16.481819750158618,0.5448634635772917,Core_Saturation
24.936605036166586,10.619759416421578,1.4566005677673077,2.125724503592893,0.4731892199358825,53.00835236179726,0.4258702979422942,Cap_Degrade
23.365274583800208,7.673385785268946,0.8912768554069456,0.4517892108058651,0.32840982705973065,10.556178964477434,0.32840982705973065,No_Fault
23.91411347967809,11.249034219277014,1.0121480096014106,1.6750098332502075,0.4951506423992238,40.05637523192213,0.47039311027926256,Cap_ESR_Increase
25.715438199382262,25.715438199382262,2.937803434228076,1.7919371869342795,0.580865731459325,46.08044998778337,1.0,Switch_Short
23.32788601894338,11.787300645185507,1.1946076116267283,1.72618894423009,0.5052879903311275,40.26833893815975,0.5052879903311275,Overcurrent
23.861347735757946,23.861347735757946,2.4383438456842503,1.7250977459054782,0.6488424254986324,41.163157193222816,1.0,Switch_Short
22.054729659042724,9.16539001406214,1.5940530080566013,0.6142930944062706,0.41557480666303304,13.548068128547108,0.41557480666303304,Core_Saturation
22.326394880019354,0.0,1.4746092108632416,0.0,0.33449966852158597,0.0,0.0,Short_Circuit
23.034366364539135,14.762608674770147,1.3077531328681118,2.346574386059442,0.6746262446632024,54.05185411013669,0.6408949324300423,Cap_ESR_Increase
22.111408963284298,9.479484132615097,1.5345360267656865,0.6723893061118538,0.45127853981128757,14.867474929978153,0.4287146128207232,Cap_ESR_Increase
24.525501304193003,12.36168921118467,1.3193167523065434,0.6899666539546265,0.5305622205814533,16.921778071413875,0.5040341095523806,Cap_ESR_Increase
23.70559342720649,1.4621639668609534,0.0617557912420198,1.9714618422666856,0.6168012504520783,46.73467289002554,0.06168012504520784,Switch_Open
24.192580810912087,10.396168051830811,0.7904109221422465,0.7449283435655348,0.4297254655502322,18.021739150048084,0.4297254655502322,No_Fault
22.69858874358532,13.311946353008917,1.606957396027638,1.31437321083973,0.5864658152710445,29.834416968436788,0.5864658152710445,Inductor_Short
23.183728117746465,8.210923953801725,1.2829846495760293,0.6903315194975296,0.3541675399271312,16.00445825914152,0.3541675399271312,No_Fault
24.6552978994109,10.26936301525824,1.5934125783397992,1.103638909261736,0.4165174988822021,27.21054608122902,0.4165174988822021,Inductor_Short
25.861210894521598,9.255320180279247,1.0627700708015317,1.7950652617859728,0.357884254454608,46.422561304476666,0.357884254454608,Overcurrent
22.201667094408837,1.3864768446097984,0.0374676155453351,2.5516363147056946,0.6244922233605431,56.65058000510005,0.062449222336054315,Switch_Open
25.561537283421064,9.944963875976182,1.3169833808090694,0.5042247465028903,0.3890596940907141,12.888759656957165,0.38905969409071406,No_Fault
24.307524805244835,1.4267579328926645,0.0305250675613845,0.9927345177666806,0.586961422162084,24.13091891563636,0.05869614221620841,Switch_Open
24.255678267022496,14.785956408115945,1.3294466397616644,1.3131953424966367,0.677319358898261,31.852443729350835,0.6095874230084349,Cap_Degrade
24.001114140831042,12.267182654337578,1.1027298005076018,2.28105063584798,0.5111088836275508,54.747756672002595,0.5111088836275508,Overcurrent
22.277576343616733,11.49548952643268,0.6869095348270773,0.8781471730871654,0.5160116769042751,19.562990689380545,0.5160116769042751,No_Fault
22.359507406944644,1.0831245614376652,0.05210176927530591,1.012115548612213,0.4844134272391248,22.63040510587862,0.048441342723912484,Switch_Open
24.403648022636343,10.50225774816088,1.1737482552710108,1.009966596201746,0.4303560573574571,24.646869328327494,0.430356057357457,Core_Saturation
23.363834285742232,11.454400413606413,1.6469346694609932,0.9577900034005213,0.4902620123699668,22.37764691999027,0.4902620123699668,Inductor_Short
25.66907226631072,13.195619437102668,0.9366808457565684,1.5197497255874448,0.5411230129067037,39.010565532810006,0.5140668622613686,Cap_ESR_Increase
23.626362149437888,23.626362149437888,1.1266384939446419,2.130450855530712,0.6943966288682637,50.334803454348375,1.0,Switch_Short
22.573125834810565,1.523924871080955,0.07429808422007088,1.1415947045350745,0.6751058237272897,25.769360917823622,0.06751058237272897,Switch_Open
24.858875334008143,24.858875334008143,1.0630692562624482,0.9086835323568755,0.6448611833172486,22.58885064892572,1.0,Switch_Short
23.17341368576404,13.674329995988414,1.1624968731842784,2.0834914117929477,0.6556522142819433,48.28160839621454,0.590086992853749,Cap_Degrade
24.101881229423572,11.740982548422126,1.3068414716361458,2.1382171265642422,0.4871396733168172,51.535055227170716,0.4871396733168171,Core_Saturation
24.79133114202068,13.95696735160601,2.292020581893398,1.6038479418511946,0.5629777308709859,39.761525427881296,0.5629777308709859,Inductor_Short
25.601056444808282,15.161560570571691,0.8562482530875838,0.8553178929712404,0.6580266891744856,21.897041656211215,0.5922240202570371,Cap_Degrade
25.168764779206704,0.0,1.1737506462588587,0.0,0.4571803059965412,0.0,0.0,Short_Circuit
24.705444271490897,16.91594100591725,1.229235509468361,2.4273141294314113,0.6847049913381875,59.96787395407018,0.6847049913381876,Overcurrent
24.718532729580573,10.373947535140541,1.1905526403996447,0.6086261382376924,0.46631442482767316,15.04434511810663,0.41968298234490586,Cap_Degrade
25.783698576128344,13.934363278372297,1.2279239627163046,1.1930936266020034,0.5404330661572863,30.762366441405877,0.5404330661572863,Inductor_Short
23.183296389986143,13.537234135716854,2.3137864693093695,0.685457028139167,0.5839218853089487,15.89115344594938,0.5839218853089487,Inductor_Short
22.00444837678475,14.219823881446738,0.8579863043995071,1.5848575410386978,0.6802368052303753,34.87391594634405,0.6462249649688565,Cap_ESR_Increase
23.087818237592796,9.185407900588201,0.5288013705693335,1.0675014046537374,0.3978465096209064,24.646278399020485,0.39784650962090645,No_Fault
22.871565518506976,13.687543077221218,1.829661343777908,0.9393866770412775,0.5984523912954569,21.48524393116213,0.5984523912954569,Inductor_Short
24.647338340455992,24.647338340455992,1.867086205607602,1.1739622679985167,0.5083262344576328,28.93504521828851,1.0,Switch_Short
24.534846399062115,8.996451477766323,0.9671741333524465,0.6943884486192601,0.4074228562482564,17.03671392815658,0.3666805706234308,Cap_Degrade
24.373845530818894,13.395340547815973,1.2048241653907161,1.5544455580274426,0.6106427359185562,37.88781591742846,0.5495784623267007,Cap_Degrade
22.064973772837813,11.49340018337639,1.6176876182849182,0.8054931910849775,0.5208889120695386,17.773186135489468,0.5208889120695386,Inductor_Short
24.91511221780259,0.0,0.8152805131039226,0.0,0.5643895282598703,0.0,0.0,Short_Circuit
23.294121649941967,9.996915203922542,1.1211045124825212,1.7341963185072562,0.4291604274311604,40.39658000818953,0.4291604274311604,Inductor_Short
24.660223956026524,1.2145396561316222,0.0593410607996148,0.6501108828440743,0.492509580731042,16.03187996718499,0.0492509580731042,Switch_Open
24.22631371400861,24.22631371400861,2.135652182799168,0.7261247566260164,0.5469417003952268,17.591326149530026,1.0,Switch_Short
23.37092370171163,10.256706358581225,0.934367623963167,0.5519143405928414,0.46196432570793755,12.898747943875781,0.4388661094225407,Cap_ESR_Increase
22.53830506841643,8.122389656206634,1.3257078768090902,0.5429218942787425,0.3793490159390805,12.236539281576832,0.36038156514212644,Cap_ESR_Increase
22.377675590641925,15.321014265935402,1.5560366238403156,1.0052619617702407,0.6846561969261216,22.49542606410673,0.6846561969261216,Core_Saturation
25.326073332448892,12.779207770249295,0.9692449458705397,0.9547376767656051,0.5045870160170469,24.1797564150176,0.5045870160170469,No_Fault
25.673590168326232,1.5239025371678931,0.050566227183056325,2.2120371595354067,0.5935681481150802,56.790935471020504,0.05935681481150802,Switch_Open
24.5991521870572,11.424310644256451,1.704522187900585,1.4574558155181137,0.4644188774224232,35.85217741184164,0.46441887742242316,Core_Saturation
22.413736459441935,9.908052844732232,1.1600026045745995,1.0605871085661769,0.44205270561028653,23.77171994368382,0.44205270561028653,No_Fault
23.608108867552964,9.834645864908678,0.7889578191407172,0.5954216768042712,0.46286571938684995,14.056779768096169,0.416579147448165,Cap_Degrade
24.915756800420628,10.975259430962286,0.7048176997302686,1.5212113307383135,0.4636786575142599,37.90213155872004,0.4404947246385469,Cap_ESR_Increase
25.11928353604027,13.003550911620561,0.9849512717857781,0.6900962450923793,0.5176720463767814,17.334723247632216,0.5176720463767814,Core_Saturation
22.472874489164354,11.627194417442764,1.7090863288545026,0.9054187962072836,0.5173879479925453,20.34736296729656,0.5173879479925453,Core_Saturation
22.00012287538153,22.00012287538153,2.745746571534252,0.6975551411940814,0.4988615263531486,15.3462988186239,1.0,Switch_Short
24.84854818352242,8.794256883446666,1.8189925566911036,1.3217157526302963,0.3539143139669752,32.84271756415452,0.3539143139669752,Inductor_Short
23.426384703944823,1.1676417411802227,0.03347600801647312,1.2922819141844977,0.49843019140021244,30.27349326763625,0.04984301914002124,Switch_Open
23.01792532647304,8.462345978861066,1.2566024982938546,0.43670360392014945,0.36764156016826055,10.05201094483566,0.3676415601682605,No_Fault
22.0515898791581,7.728074815139168,1.3324894744194484,0.8594151073735747,0.35045431451830605,18.951469483754693,0.35045431451830605,No_Fault
24.161197627046,15.448799570933364,1.5186406874330634,1.7212313837427253,0.6730582869364671,41.58701162448184,0.6394053725896437,Cap_ESR_Increase
25.404602941703928,13.768786835949575,2.213662857827466,1.7288868226590317,0.5419800052590816,43.9216832607968,0.5419800052590816,Inductor_Short
25.83052658509035,13.834990758766892,1.4968014153268934,2.099614727566849,0.5637960232498337,54.23415403886272,0.535606222087342,Cap_ESR_Increase
24.262979802453156,11.178378623956716,0.5154149584484077,2.630558108966819,0.46071746813334546,63.825178267041295,0.46071746813334546,Overcurrent
24.05784531095958,1.5964602268610222,0.030361790088476177,1.090858057268247,0.6635923567659456,26.243694397973368,0.06635923567659456,Switch_Open
22.340225541956965,12.40267206950739,1.1851521341041975,1.0483627313322974,0.5551721958318662,23.420659867745556,0.5551721958318662,Inductor_Short
24.1954912061704,14.702824487494794,1.8189070263820997,1.1049490092744472,0.6076679478094349,26.73478403716658,0.6076679478094349,Core_Saturation
23.51991631586158,10.523398266238136,0.569581783543579,3.0790551411656204,0.4474249876110855,72.41911925213876,0.44742498761108557,Overcurrent
24.42854112353431,15.873776309882453,1.096000809712938,0.9810642741432002,0.6840047523276501,23.965968965737503,0.6498045147112675,Cap_ESR_Increase
23.554905391506185,14.79682684428074,0.9727068986362891,1.7655814835744352,0.6281845160633259,41.588104806590955,0.6281845160633259,Overcurrent
22.961196493801467,13.258287297074803,0.8107035235582409,2.767064064200111,0.6415793852058174,63.53510168903563,0.5774214466852357,Cap_Degrade
22.379861100913505,8.255431845218826,2.05560775491315,0.7677524308313549,0.3688777069703017,17.182192761894427,0.36887770697030176,Core_Saturation
23.259673778355584,9.498908461915201,1.340866403759992,1.5748678600923476,0.40838528314848777,36.630912669764946,0.40838528314848777,Inductor_Short
22.38657933715101,8.346289333492917,0.8524627843992398,0.5493354969893259,0.4142506398734308,12.297742686064824,0.3728255758860877,Cap_Degrade
22.707587803295937,9.272954330429192,1.9112572500343938,0.5774287442292096,0.40836368929874844,13.11201390973169,0.40836368929874844,Core_Saturation
25.949344634318184,15.830530077332776,0.5834645458326128,0.8992917685612015,0.6421632648417152,23.336032029200126,0.6100551015996294,Cap_ESR_Increase
23.776414227626475,7.0643583722817045,1.2902454402710055,0.8701281342988114,0.31275391808343683,20.68852695220034,0.297116222179265,Cap_ESR_Increase
24.127487066020066,7.97268671974918,2.6327954527231414,0.6731164917698321,0.3304399955923097,16.240609449101427,0.3304399955923097,Inductor_Short
25.49447411494886,10.441668466074116,2.8645356776763347,1.3443080680347255,0.40956594825196146,34.27242724302822,0.40956594825196146,Inductor_Short
25.98227560196275,9.87194456567921,1.376296640491485,0.9340892398688093,0.37994918985977744,24.269764067099295,0.3799491898597775,No_Fault
24.330857797378727,8.600215191254197,0.8193841168336852,0.7445890740502646,0.39274384555313935,18.11649087819889,0.35346946099782545,Cap_Degrade
25.249895284176688,15.634161373800127,2.172728282645905,2.695562795870206,0.61917727570132,68.06267832764524,0.61917727570132,Inductor_Short
23.307764097346702,12.242417952155286,0.5772934931504659,0.7786283930712679,0.5252506375568188,18.148086905201254,0.5252506375568188,No_Fault
23.222975829789164,6.318447768025332,0.7578700035480086,0.5339024825083566,0.3023082645171872,12.398804446755996,0.27207743806546847,Cap_Degrade
23.61081488397824,10.581013173611137,0.6536446166222581,0.6388472228229637,0.4717291062816781,15.083703517216595,0.44814265096759415,Cap_ESR_Increase
24.690029050694598,11.4352849925187,0.8151872901539639,2.5196989040371216,0.46315397074014353,62.211439139679875,0.46315397074014353,Overcurrent
24.728766757020395,8.545720423570103,1.3751872134587289,0.9213805847791202,0.3455781077778174,22.78460557544992,0.34557810777781744,Overcurrent
23.260957738597803,0.0,0.8471668396742926,0.0,0.5704567154405829,0.0,0.0,Short_Circuit
22.532839696546514,11.77915434104195,1.0618981030014263,0.696557416866792,0.5808388753517963,15.695416613699948,0.5227549878166167,Cap_Degrade
24.529585025862033,12.98894410105284,0.9333808481149408,0.8658402275655245,0.588357287620839,21.238701480880266,0.5295215588587551,Cap_Degrade
22.513303448755057,13.31410601501136,0.9589165242987353,0.7747276011947376,0.5913883782234368,17.441677575823217,0.5913883782234368,No_Fault
24.31397003291732,7.294704782854714,1.4695720518365583,1.0722647436623776,0.3000211307729187,26.071012844760823,0.3000211307729187,Overcurrent
24.773688512225235,16.040713232719668,0.8757699150902438,2.1503182782292654,0.6815683215386888,53.2713152269963,0.6474899054617543,Cap_ESR_Increase
24.802445985577805,15.518481382016212,1.1273244695231712,1.0239430216377348,0.6256835068218651,25.396291486479242,0.6256835068218651,No_Fault
25.013888442638386,16.54900545786006,1.840125339158894,1.0546615448420351,0.661592678635714,26.381186227419327,0.661592678635714,Inductor_Short
25.491437686262657,7.026245406804332,0.5611461810476862,0.3946730353332617,0.30625731812297363,10.06078308664598,0.2756315863106763,Cap_Degrade
23.999835967859156,1.6164933956757837,0.049466541581211804,1.2321284827778698,0.6735435183142957,29.57088147799605,0.06735435183142957,Switch_Open
24.920996758118285,15.548593946714538,1.3133433290451082,1.714187041930623,0.6239154114752419,42.71924971476143,0.6239154114752419,No_Fault
24.476690941463346,15.539948967429757,0.8981294530225326,1.0186731892064183,0.6348876571834794,24.933748822560315,0.6348876571834794,Core_Saturation
22.74655975919073,22.74655975919073,1.139183694792618,0.3896651307598629,0.3373149538887874,8.863541182902093,1.0,Switch_Short
22.102758579477634,13.162440540647333,0.6536315203932667,3.4374724395298095,0.595511211567439,75.9776234545354,0.595511211567439,Overcurrent
23.138165542707736,15.034447463087451,1.3908401225282367,1.6001803976186961,0.6839666758568363,37.02523893829728,0.6497683420639945,Cap_ESR_Increase
23.772134825350477,13.583848001835396,1.835993076217107,1.0347064486155177,0.5714189365672642,24.597181201147663,0.5714189365672642,Core_Saturation
24.468423777714627,0.0,1.0650177689061104,0.0,0.5282245618498426,0.0,0.0,Short_Circuit
25.39983732201282,16.366112829816583,1.0650490445018956,3.230168226600011,0.6782518710995987,82.04574747837493,0.6443392775446186,Cap_ESR_Increase
22.784982866824663,10.872420751967299,2.776651629405244,1.0813221783337819,0.47717484869377436,24.637907306852743,0.47717484869377436,Inductor_Short
22.502199159593907,12.144829021550846,1.9000467357502238,0.6754421250204904,0.5397174265241914,15.198933217990401,0.5397174265241914,Core_Saturation
25.85391978989731,1.2682260750113157,0.06559711256509027,2.2438433179315393,0.4905353173977465,58.01214516289907,0.04905353173977465,Switch_Open
22.432178237505628,15.099962553546831,1.3132623013506541,2.6412536689174737,0.6731384885441196,59.24907307162245,0.6731384885441196,Overcurrent
23.913964280428758,7.111785833452112,1.142717154745558,0.4808603836395209,0.3304338907062029,11.499278038228772,0.2973905016355826,Cap_Degrade
24.342254915173207,12.182029874754344,0.9580146243159459,1.2625344247847063,0.5004478803301392,30.732934807290896,0.5004478803301392,Overcurrent
24.165497683629752,13.88986835751437,1.3646777525856504,1.404284338022008,0.5747809765541753,33.93522991762838,0.5747809765541753,Overcurrent
22.344128628131774,13.781023210825547,2.8520148352065013,1.2163796895772334,0.6167626153688948,27.1789442445607,0.6167626153688948,Inductor_Short
22.228107656014476,0.0,0.523806043258343,0.0,0.5332074589776545,0.0,0.0,Short_Circuit
22.421933709844144,0.0,0.5515548732662513,0.0,0.6635670976485816,0.0,0.0,Short_Circuit
24.34235073549045,16.474819696598864,2.9174865938168746,1.0176706388511405,0.6767965787535486,24.772495624125096,0.6767965787535486,Inductor_Short
24.177379550537285,7.875241973779981,1.5543212276883895,0.5378826239088286,0.3257276892774334,13.00459235188265,0.3257276892774334,Inductor_Short
22.93496316814698,10.571830352175633,1.3733694396494187,2.4184006632357513,0.4609482158165497,55.46593013713418,0.46094821581654977,Overcurrent
24.551096567382366,7.595706853275662,1.333192678442104,0.6023664451759515,0.30938360868846176,14.78875676446562,0.30938360868846176,Core_Saturation
25.280270008222598,9.823660037927645,0.6191000576093556,1.572043305526826,0.43176666294977717,39.74167922833693,0.38858999665479943,Cap_Degrade
22.166315839386375,22.166315839386375,1.1608864004186685,0.6312978822759522,0.5147472871882408,13.993548247264513,1.0,Switch_Short
23.992519774192168,0.0,0.6565078990804565,0.0,0.6643179722039795,0.0,0.0,Short_Circuit
24.757241648410762,15.019986843114463,0.8248825143541012,1.098664322079586,0.6386217289861611,27.199898112211702,0.606690642536853,Cap_ESR_Increase
23.00924770827875,23.00924770827875,1.9770367078616524,1.0940981586180778,0.3509998906687943,25.174375548815007,1.0,Switch_Short
23.231083621172598,7.8338036523176875,1.2014979005657835,1.9360716983014734,0.3372121498963583,44.97704351982718,0.3372121498963583,Overcurrent
24.454551611957534,13.100472903133571,2.2295978647279497,0.658999204085691,0.5357069355026668,16.11553004855247,0.5357069355026668,Core_Saturation
25.59174117377495,0.0,0.941506743289171,0.0,0.512847188983513,0.0,0.0,Short_Circuit
25.2396976812116,10.261225759854675,1.527277413514665,0.5281239631266441,0.4065510565720095,13.32968916751984,0.4065510565720095,Core_Saturation
24.332520876398334,16.05414064581833,1.0218157013832556,3.4021055684904664,0.6597812338215341,82.78180476900529,0.6597812338215341,Overcurrent
24.920886871028998,24.920886871028998,2.078868710975872,2.238831183197184,0.6709465637846214,55.793658639789015,1.0,Switch_Short
23.459289880831193,23.459289880831193,2.0354813142089245,0.862087924887806,0.461044575336065,20.223970532707266,1.0,Switch_Short
24.563862112395032,16.116866334218194,0.7631621325928768,1.2976517622939456,0.6561210228454081,31.875338958894897,0.6561210228454081,Core_Saturation
23.86472636451023,10.824552029169913,0.5017248221098407,1.419762766661505,0.45357955770518904,33.8822499288968,0.45357955770518904,No_Fault
22.759744545830245,12.859037085976155,0.6574329499387352,0.8460795193288757,0.59472673273188,19.256553725384055,0.564990396095286,Cap_ESR_Increase
24.80695309550903,0.0,0.6015566034291788,0.0,0.49037688701908966,0.0,0.0,Short_Circuit
24.225858549395287,8.455630448851146,2.409793817909592,1.0846839598038256,0.3490332626028732,26.277400181005444,0.3490332626028732,Inductor_Short
23.434486327814366,15.728610439144438,1.0573740487739998,1.5760524053300917,0.6711736804948085,36.93397854462698,0.6711736804948085,Core_Saturation
25.645356760314524,12.351794684418518,2.0920711571334194,0.9180159340281355,0.48163863735101464,23.542846139804897,0.48163863735101464,Core_Saturation
22.083736471306935,12.457547825549133,1.5714669625347215,0.8248823966290331,0.5937948161289615,18.21648546697565,0.5641050753225133,Cap_ESR_Increase
23.263092604997983,10.395567160397592,2.9517866757917974,0.8501192606998971,0.4468695257725168,19.77640308695413,0.4468695257725168,Inductor_Short
22.227525591110584,0.6836127762027538,0.07195406524435101,0.530593576335048,0.30755235143049386,11.793782296466167,0.030755235143049387,Switch_Open
25.06610926488651,25.06610926488651,1.5437766438370493,1.2037785432477452,0.34021214347673434,30.174044495773895,1.0,Switch_Short
24.80842981645517,11.74836442727353,1.1107545291738639,0.6606014435721629,0.49848779179596975,16.388484549508973,0.4735634022061712,Cap_ESR_Increase
23.325408874945268,12.09159266231524,0.675454970196941,0.7096931069388398,0.5759857428505449,16.553881895078696,0.5183871685654905,Cap_Degrade
24.70265160882829,10.718335544110603,1.3062096551724331,0.7027772104789032,0.4338941306317116,17.360460589084536,0.4338941306317116,No_Fault
23.5837489047838,1.3636014746403413,0.06942158525720481,2.5901965077384257,0.57819538367106,61.08654405255092,0.057819538367106016,Switch_Open
25.025015165689737,13.775808486135181,1.4864177232272664,1.1106560408208903,0.5794542357727823,27.7941842654077,0.5504815239841432,Cap_ESR_Increase
23.816734650946824,13.158642167638012,1.0267036435665184,0.9593385006163293,0.5815743629311323,22.8483105096163,0.5524956447845757,Cap_ESR_Increase
23.649118911326664,11.75381883026123,1.8880108270301716,0.5900566750833675,0.49700874160820335,13.954320473468599,0.49700874160820335,Core_Saturation
25.738919661953204,17.14094834571038,1.1951583391525389,0.8595830011284409,0.6659544600486016,22.12473780882557,0.6659544600486016,Inductor_Short
23.003516399562802,10.83223342098632,0.5942692476811758,0.6382805306827081,0.4956786071922462,14.682696655081322,0.4708946768326339,Cap_ESR_Increase
22.481789359986262,9.714279332273247,1.2532364143087609,1.8117846968853886,0.48010607739865524,40.73216192102387,0.43209546965878975,Cap_Degrade
24.33817245303783,9.242477638674774,0.9253552743286837,0.9578120922984472,0.37975232760425076,23.311395879964596,0.37975232760425076,Overcurrent
25.877287249136714,10.400312912291666,1.6451041912135262,0.771512369327083,0.4230620349425346,19.96464719733898,0.4019089331954078,Cap_ESR_Increase
23.511356854908747,7.451543600820342,0.5972542158555324,0.4379833964485425,0.3169337970073213,10.297583930426656,0.3169337970073213,No_Fault
22.248147054515126,0.0,1.3556276815352337,0.0,0.5534141174464681,0.0,0.0,Short_Circuit
23.35722106923827,23.35722106923827,1.9599661310579835,0.9524418559222455,0.39941429757083713,22.246394984371474,1.0,Switch_Short
24.023726617278236,10.12989505837047,2.6543003910077543,0.8477848736415543,0.421662101794186,20.366952034628472,0.421662101794186,Inductor_Short
22.647692026528855,12.399458009805482,1.3171272821701447,1.9126683959236475,0.6083258086657284,43.317524779753725,0.5474932277991555,Cap_Degrade
24.63240887222597,10.61382105178238,2.8319840027241545,1.0248965978786684,0.4308884732645815,25.245672050700723,0.4308884732645815,Inductor_Short
25.990997556040803,9.799501181682373,0.8776350124147131,0.5774245874285571,0.39687835680525685,15.007841040653496,0.37703443896499395,Cap_ESR_Increase
23.806957903925774,0.8751987657961163,0.07248996767310016,1.5714820120676458,0.3676230996534823,37.41220610807102,0.03676230996534823,Switch_Open
23.41891422692085,0.0,0.6516669603576203,0.0,0.6099433608727823,0.0,0.0,Short_Circuit
23.602816667337866,8.305418211379372,0.5819687775934905,1.2077547383088547,0.3518825031960107,28.506413667412517,0.3518825031960107,No_Fault
22.460584713580804,0.0,0.9316155173723492,0.0,0.48150150410014136,0.0,0.0,Short_Circuit
25.533094405704894,11.55359351346214,1.3283229686418427,0.6433200967111706,0.5027720464308777,16.425952762413523,0.4524948417877899,Cap_Degrade
23.65930262208541,23.65930262208541,1.9468422612668912,1.78978905575245,0.5749559650742858,42.34516089974371,1.0,Switch_Short
23.549097645699366,11.727028006971395,1.329286677530514,1.8142016395042295,0.5533133929331981,42.72281155767298,0.49798205363987835,Cap_Degrade
24.638761091721896,15.381689516643034,1.2296868057943051,0.8214153728822498,0.6242882691780699,20.23865712951341,0.6242882691780699,No_Fault
23.768133683724493,7.555903330756224,0.7094283861389336,0.41445909339097636,0.3179005735704952,9.85091913815198,0.3179005735704952,No_Fault
24.592933875231385,10.294019019539569,2.8977632497989276,1.8772355024034488,0.4185762899117589,46.16672857884478,0.41857628991175894,Inductor_Short
22.24578516052315,9.166456917120772,1.1215623372588068,0.5632027627586815,0.4120536475101519,12.528887662142717,0.4120536475101519,Inductor_Short
25.25489337488891,8.598948336874104,1.5381076782981746,0.6102705906512188,0.35840676223684326,15.412318696727008,0.340486424125001,Cap_ESR_Increase
25.76201581151761,10.70853064273398,1.2066651734855611,0.6483687290877631,0.41567130154257725,16.70328545045253,0.41567130154257725,Core_Saturation
24.595061544637545,10.42599724968674,1.0001480831643992,1.6792375813642015,0.42390612565716135,41.30095166172083,0.42390612565716135,Overcurrent
25.818263715435243,13.135139381443237,0.9223518727007345,0.6610309214517298,0.5087537847709913,17.06667065409792,0.5087537847709913,No_Fault
22.605729257479855,12.783128280277431,0.6718345569169162,4.518838520615257,0.5654817915705024,102.1516401552993,0.5654817915705024,Overcurrent
23.909664757921416,10.276808953429057,0.9439615530418625,1.2703423039087902,0.45244020544472563,30.3734586142647,0.42981819517248937,Cap_ESR_Increase
24.40722693578179,14.346277364416581,0.6929344362927953,2.620757882437022,0.5877880925253525,63.965432380379326,0.5877880925253525,Overcurrent
24.326946589684745,1.0569234471676916,0.03519432377302619,0.8997643809124969,0.434466135431832,21.888520037759072,0.0434466135431832,Switch_Open
23.605847116356173,23.605847116356173,1.3741136720527607,0.5219152103043012,0.4161134709259041,12.320250662144215,1.0,Switch_Short
23.352337637465045,10.854813396180711,0.9890173803465943,0.9000630488331253,0.5164752223428097,21.01857621135733,0.4648277001085288,Cap_Degrade
22.507296090201674,6.965705284494236,1.2979313675113155,2.454154108775686,0.30948654412231624,55.236373177199376,0.30948654412231624,Overcurrent
23.566969802249112,7.822246087566897,1.0689700337612411,0.7035694522284202,0.33191564945360014,16.581000034452128,0.33191564945360014,No_Fault
22.65064326042194,10.582104588326503,2.786413177101684,0.940852624720372,0.4671878174346108,21.31091716317279,0.4671878174346108,Inductor_Short
24.937462705968873,0.0,1.1365444885767242,0.0,0.6771650845567025,0.0,0.0,Short_Circuit
22.83532374197836,13.440979153143745,1.1893401156326044,1.9217931200401628,0.5886047119373694,43.884768061223795,0.5886047119373694,Overcurrent
22.234261221138134,7.454050033060714,2.335214459454006,0.5128427935133784,0.3352506278002231,11.40268063635466,0.3352506278002231,Inductor_Short
24.209464551268937,14.685481650328839,1.0444051125021154,0.984687122521021,0.6385272051123494,23.83874798676367,0.6066008448567319,Cap_ESR_Increase
24.380918930877606,13.733144869362674,1.3082727044200912,0.8734396900055644,0.5929203082432724,21.295262273036535,0.5632742928311086,Cap_ESR_Increase
25.48765224512202,13.874932708526497,0.8545616197034418,0.955194559644257,0.5443786102810613,24.345666762645287,0.5443786102810613,Core_Saturation
24.307926449670727,13.741403684732488,1.3598514719156631,1.784105806145196,0.6281171842436709,43.367912714207925,0.5653054658193039,Cap_Degrade
23.381923414893784,10.254417067474208,1.4055933577883093,0.5960084345058664,0.4616439390971828,13.935823570246905,0.4385617421423237,Cap_ESR_Increase
25.21204752610528,8.81767103968388,0.7452299582316788,0.6130357094724366,0.3886004203415411,15.45588544241874,0.34974037830738697,Cap_Degrade
24.161115572749683,11.586919324712591,1.3948356996794908,0.7562446595297173,0.5048093556435037,18.271714620172236,0.4795688878613285,Cap_ESR_Increase
22.31712113852477,11.594563519741493,0.7689639021000277,0.581229168681179,0.5195367022373895,12.97136176670192,0.5195367022373895,Core_Saturation
24.263402241252987,12.50367239283625,0.7172465724808804,1.467748237017739,0.5153305488039648,35.61256586365133,0.5153305488039648,Overcurrent
25.63207418168665,12.134904831939593,0.5651372386708959,0.7732418423988789,0.5260295165920421,19.819792264752124,0.4734265649328379,Cap_Degrade
23.58525050199288,15.224464789742596,1.4082496082796845,0.831595849080498,0.6794819672956722,19.61339641698101,0.6455078689308886,Cap_ESR_Increase
23.1853032075992,14.55696998306762,1.381461566296226,2.108587479960152,0.6608982492384925,48.88824006262363,0.6278533367765678,Cap_ESR_Increase
22.57387782807208,13.945520351192817,1.4449996261820137,1.1775710192379794,0.6502868146235757,26.582344322156466,0.6177724738923969,Cap_ESR_Increase
22.605782087741428,14.028396141863668,0.5044816933255288,1.02333520538851,0.6205667243634508,23.133292655726777,0.6205667243634508,No_Fault
23.731085937367276,15.27101741806096,1.101355999346249,1.617319179115292,0.6773712429061141,38.380740427737294,0.6435026807608083,Cap_ESR_Increase
24.38271929664612,7.8616705356553425,1.3253198172690703,0.4704348287672276,0.3393978566717613,11.470480377197093,0.3224279638381732,Cap_ESR_Increase
22.322461620678407,0.0,0.6554011287390155,0.0,0.4060493045782958,0.0,0.0,Short_Circuit
25.758274356100664,11.545377349271455,1.1497907275126247,0.8112311007700475,0.49802237826183393,20.895913259836426,0.4482201404356505,Cap_Degrade
25.020534469780785,15.978458526955261,0.5841100993096857,1.6012692385163652,0.6386137972493621,40.06461217769834,0.6386137972493621,Overcurrent
24.34649567313465,11.612376894568968,0.7494584417147445,1.3748665799163868,0.502066284609093,33.47318323907175,0.4769629703786383,Cap_ESR_Increase
25.313754683755963,0.0,0.975796814994601,0.0,0.5992138957366354,0.0,0.0,Short_Circuit
22.32074702724845,7.540054681722568,1.2689216679492121,0.5980603964291441,0.3555839620995665,13.349154815710849,0.33780476399458814,Cap_ESR_Increase
23.907355510932497,9.58602535836001,1.2917382539077922,0.9887762557770026,0.40096552519062406,23.639025467629523,0.40096552519062406,Inductor_Short
24.520372507446652,1.453348072918136,0.03426116654154689,1.9616502976015215,0.592710438015069,48.10039602653289,0.0592710438015069,Switch_Open
25.31461162447316,9.262454469876044,1.408892734131326,0.5023497714866939,0.3658936035550896,12.716789364828497,0.36589360355508954,Inductor_Short
25.13387824019707,11.072538384294148,1.1080512070484678,0.7947654115452683,0.4405423738619707,19.97553708329889,0.4405423738619707,Core_Saturation
23.108276998853597,9.380724240938392,0.7265538485262912,1.079857275997212,0.40594650312542857,24.953641052971076,0.4059465031254286,Overcurrent
25.763520678236816,25.763520678236816,1.7902982169952735,0.8599676413471647,0.43994467768899137,22.15579411046222,1.0,Switch_Short
22.497383365723483,22.497383365723483,2.307579301673446,1.5811968290822085,0.5833296196311881,35.572791240528794,1.0,Switch_Short
25.50053447448461,11.402280231974975,0.9380317831344697,1.1330634143506266,0.44713887245712036,28.893722659425393,0.44713887245712036,No_Fault
25.883760998418474,1.3514049552954206,0.06379869543749442,1.2602765464283483,0.5221053290431761,32.62069691966361,0.05221053290431761,Switch_Open
22.708614092890503,22.708614092890503,2.4385370118972296,0.39401353773158154,0.33997275082176387,8.947501375721037,1.0,Switch_Short
24.88826425681514,24.88826425681514,1.2530538280981514,3.0446806999637657,0.6220070772938511,75.7768178383231,1.0,Switch_Short
22.161142075111993,9.927204376516002,0.5488416233207439,1.0035086399564837,0.44795545025924993,22.238897543678043,0.44795545025925,Overcurrent
23.62169130055662,13.21429687118767,2.066912345999409,0.6705407966280817,0.559413663613337,15.839307702377864,0.559413663613337,Core_Saturation
24.065133196790697,14.202178912460788,0.5798310665628734,0.7121648995295696,0.590155840664733,17.138343165258156,0.590155840664733,No_Fault
24.322580903638535,9.336572167248876,0.6483391807197131,1.5370332435097693,0.3838643688446801,37.38461541684831,0.38386436884468017,Overcurrent
25.743748992994238,15.991411749150956,0.5743466031139299,0.8651358688386401,0.6538699939813399,22.271840652217936,0.621176494282273,Cap_ESR_Increase
24.68900274917678,12.817671435488096,1.2411700018285192,1.233976665926445,0.5464897006427811,30.465653297478,0.519165215610642,Cap_ESR_Increase
23.92511180487695,1.128045232144945,0.05411852815791743,2.091134804175886,0.4714900567005926,50.03063398897754,0.04714900567005926,Switch_Open
25.238700145063557,0.0,1.4869036664352557,0.0,0.3729340734312878,0.0,0.0,Short_Circuit
25.802131283817637,1.7465988388581861,0.0693466198158586,0.9106618880819639,0.6769203751604826,23.497017591460075,0.06769203751604827,Switch_Open
22.088264594729164,22.088264594729164,1.8216863549618194,2.5540792261702085,0.60202728165265,56.41517774354868,1.0,Switch_Short
25.930085089024153,9.93666337161932,0.871585840912535,1.506706541788261,0.38320982509329954,39.06902883275893,0.38320982509329954,Overcurrent
22.344528556254723,0.9721753786708552,0.039842601713999254,1.5848901228164831,0.43508430988968977,35.41362260779896,0.04350843098896898,Switch_Open
25.257547117075045,14.181676581941487,0.6524069200378814,1.6950844903393494,0.6238697032352293,42.813676382169255,0.5614827329117064,Cap_Degrade
23.12133901020565,13.370401340273505,0.638083656602009,2.115103719459259,0.5782710652861356,48.90403013936442,0.5782710652861356,No_Fault
22.528718631015487,0.0,0.6322837080096054,0.0,0.6063137170862897,0.0,0.0,Short_Circuit
23.75942255885534,0.0,0.6141147571867785,0.0,0.47648044088517294,0.0,0.0,Short_Circuit
24.575826317790455,13.695149053345412,0.8145632466460907,0.7779117138694832,0.5865905050568667,19.117823170631123,0.5572609798040233,Cap_ESR_Increase
23.5238073800939,10.693863770134609,1.6133372606262328,0.6977915714883314,0.45459748914556547,16.41471451914453,0.45459748914556547,Inductor_Short
22.218261633130794,7.6887327552333575,1.4615789710389158,0.43663918206277724,0.3845051667752786,9.701363586347016,0.34605465009775077,Cap_Degrade
24.397844558634866,0.0,1.0784732510018857,0.0,0.553070813936544,0.0,0.0,Short_Circuit
25.609613104442698,17.681019538986185,1.4875957745132808,2.4252703352723466,0.6904055702395177,62.11023496000682,0.6904055702395177,Overcurrent
23.532861463789008,9.983590291282535,0.8724669478256732,1.4633725662948311,0.42424038855813184,34.43734387252566,0.42424038855813184,Overcurrent
22.865331110523307,11.075688276286042,0.957626632589441,1.806225174488771,0.48438783688501585,41.29993667484848,0.48438783688501585,Overcurrent
23.770309383731263,1.3539581261275169,0.041228932958263964,0.7654068847399627,0.5696005484279414,18.19395845470685,0.056960054842794136,Switch_Open
22.193450844195123,11.465192474901853,0.6828876508965527,1.5633063254485549,0.5166025128489952,34.6951620882618,0.5166025128489952,Overcurrent
25.2819503379211,14.502586463344537,0.6431647077775792,0.9467852038259865,0.6373711182836197,23.936576503807096,0.5736340064552578,Cap_Degrade
25.30536324380075,14.536975360983467,1.5895871175886152,0.9110843164616643,0.6046970825878063,23.055319573792328,0.574462228458416,Cap_ESR_Increase
24.352001853718512,7.873462002724644,2.9736213635975117,1.0009896913501037,0.3233188815449428,24.376102819310848,0.3233188815449428,Inductor_Short
23.412411555753557,23.412411555753557,1.089818993017463,1.1099105358381336,0.6993684935695096,25.985682255109342,1.0,Switch_Short
25.199133457783134,0.0,0.6503458747317665,0.0,0.6009609814877869,0.0,0.0,Short_Circuit
24.21874809915347,15.634687149486211,0.9235240923010226,1.1370841024913363,0.6455613265176452,27.53875344578968,0.6455613265176452,No_Fault
25.303729234200066,14.182211004176507,1.3726669526888147,0.9354082410410214,0.5604790848381386,23.669316854741353,0.5604790848381386,Inductor_Short
24.525835170332083,14.970284029071648,0.9502684329895716,0.7895469663708029,0.6425140512187049,19.36429875644604,0.6103883486577696,Cap_ESR_Increase
25.13762189285119,8.671302860236025,0.6290963498596334,3.1773898316592017,0.3449531899714838,79.8720241944391,0.3449531899714838,Overcurrent
24.39425197287104,1.0711397344315208,0.04782558783608951,1.6818982106713338,0.4390951342237262,41.02864874383746,0.04390951342237263,Switch_Open
23.656564272862664,14.620702003101655,0.8488640777861852,2.500278051921691,0.6505683774417971,59.14798843531334,0.6180399585697072,Cap_ESR_Increase
25.83178343970455,9.833180530685057,0.8519050557586608,0.8959275511286968,0.38066208450675687,23.143406478421323,0.38066208450675687,No_Fault
24.164455299515378,24.164455299515378,1.1886253029254952,0.4621154665427559,0.3312968394320091,11.16676853448712,1.0,Switch_Short
24.420358074162152,15.024566109645182,0.9281280507101417,0.8507274774573449,0.6152475759780875,20.775069623037073,0.6152475759780875,No_Fault
22.881950557658996,1.4511606329313096,0.0741628805480785,0.9038855793406547,0.6341944622573185,20.68266513625382,0.06341944622573185,Switch_Open
24.502603157709107,8.050447844391629,0.8288330468811903,0.48473732648450096,0.36506088727596026,11.877326346578604,0.3285547985483642,Cap_Degrade
24.286430597931776,15.585534946369226,2.0646439122636524,1.5834293015701773,0.6417383931130861,38.45584583931569,0.6417383931130861,Core_Saturation
22.7393535917881,13.068468373351186,1.343199141623685,4.134073905882991,0.5747071182388678,94.00616832045785,0.5747071182388678,Overcurrent
22.238348389412575,10.73292565323752,1.597264260126932,1.9239182754509718,0.5080330732866335,42.78476488223654,0.4826314196223018,Cap_ESR_Increase
24.417437278859083,15.434263986857777,1.2901095122670945,0.8679716554466559,0.632100077112554,21.193643456696208,0.632100077112554,No_Fault
25.054769077401282,10.546297176820135,1.1595968270588148,0.7343762953465471,0.4676996997275863,18.39962849582518,0.4209297297548277,Cap_Degrade
24.093605483688034,9.097687184092962,2.7131688884549154,0.5877351408930759,0.3775975824893589,14.160658613577572,0.3775975824893589,Inductor_Short
22.90709050127858,0.0,0.5756446806573496,0.0,0.41394107064424546,0.0,0.0,Short_Circuit
24.66608790677214,11.764794684803297,1.0591137229186887,1.1575365065037972,0.5020656073173259,28.551897224720584,0.47696232695145957,Cap_ESR_Increase
22.32042290643841,0.0,1.489256238615059,0.0,0.5125323170692703,0.0,0.0,Short_Circuit
23.767334819207818,1.4788804136147522,0.06348000756473662,2.4825629466713592,0.6222323305764934,59.003904763297356,0.062223233057649346,Switch_Open
22.65346703359368,0.0,1.462075378037223,0.0,0.6165410894609338,0.0,0.0,Short_Circuit
22.737836204239535,0.0,1.279634356133479,0.0,0.53254662288183,0.0,0.0,Short_Circuit
22.809175796632815,13.966382078806674,2.062322951163216,2.5003283114338553,0.6123141933461905,57.03042800479289,0.6123141933461905,Core_Saturation
23.54682822817591,8.870311140918504,2.4130592646063818,0.5496348945784926,0.3767093833174684,12.94215845085134,0.3767093833174684,Inductor_Short
22.20460082248159,7.106045382533644,1.2605020044172397,0.713194984738349,0.32002581083731774,15.83620994471089,0.32002581083731774,No_Fault
23.59117376371639,15.321371055368914,1.5347670147592511,0.9677340285382275,0.64945352905388,22.8299816243066,0.64945352905388,Core_Saturation
24.046829788458805,0.7940787357044239,0.07121188504070665,0.508541854468306,0.33022179750510783,12.228819414706544,0.033022179750510784,Switch_Open
23.9331771398653,9.541568296926911,1.9875583659350426,0.7327378705217917,0.3986753718975989,17.536745252285726,0.39867537189759894,Core_Saturation
23.531136401612162,1.3603998938978485,0.06719424828328162,0.8165373059245473,0.5781275798497538,19.21405072271544,0.057812757984975385,Switch_Open
25.35658643228301,11.759856737671658,1.7595136514445784,0.8574089570073823,0.46377917505092364,21.740964326171316,0.4637791750509237,Core_Saturation
22.581306769682016,13.955231970222975,0.885037941795974,1.579615513864928,0.6505255879662035,35.669782496732836,0.6179993085678933,Cap_ESR_Increase
24.022786975125495,10.070158144562983,0.803444693085209,0.6289238232835127,0.4191919178649078,15.108503030321298,0.4191919178649078,Core_Saturation
22.248165667826218,6.780095975307906,2.1534826941143166,0.4899940976498209,0.3047485386677437,10.901469860770233,0.3047485386677437,Core_Saturation
22.284622715511638,0.9365385821528156,0.05430601744027485,1.8041898663521396,0.42026225622429764,40.205690478806794,0.04202622562242977,Switch_Open
24.295463398708385,12.906479499283167,0.7981429711481403,0.69671873283745,0.5312300196739327,16.927104472846754,0.5312300196739327,No_Fault
24.264073699551282,0.0,0.6491351078475378,0.0,0.4503753501613173,0.0,0.0,Short_Circuit
25.512134051377828,25.512134051377828,2.6590463310015093,0.7272528126963259,0.5139491023035021,18.553771246750237,1.0,Switch_Short
24.231494702640294,24.231494702640294,2.6730403888951577,0.8643120459586331,0.6506392475340075,20.943572763074812,1.0,Switch_Short
25.8391640816194,17.182889639799367,2.6290159362610632,1.4718309014573148,0.6649940216921474,38.030880163153356,0.6649940216921474,Inductor_Short
22.19477939359972,22.19477939359972,2.2901653839335725,0.7150059161711626,0.40638962586164484,15.869398574537609,1.0,Switch_Short
22.392030739122966,1.0856914695037871,0.0433007693795938,0.966234384442528,0.48485618930796026,21.635950037634643,0.04848561893079603,Switch_Open
22.176263446281524,22.176263446281524,1.608140569560514,0.9814770941848723,0.5196576060965804,21.765494607134592,1.0,Switch_Short
22.741107401334162,15.455879547616155,1.0171095402363404,0.8387532209874162,0.6796449827552988,19.0741770816898,0.6796449827552988,Inductor_Short
24.165080443766712,16.902191273188418,1.3336075586882403,2.009514956779982,0.6994469276657538,48.560090583540656,0.6994469276657538,Overcurrent
24.582288725709713,9.689426201371875,1.174865394987285,1.4046952070185545,0.39416289953661066,34.53062315055068,0.39416289953661066,Inductor_Short
22.182340631794673,1.310514824499886,0.05653774990203839,0.9258568071016883,0.5907919485383262,20.53767107139546,0.05907919485383262,Switch_Open
25.783883559382396,11.634008623994855,1.0040749468400882,1.1669835248222191,0.45121242489327806,30.089367319733732,0.451212424893278,Overcurrent
25.368661506601523,7.692876092874545,1.5400340383895266,0.5521231791128348,0.30324327875448526,14.00662604086223,0.30324327875448526,Core_Saturation
23.186449928628374,7.041748237857936,1.4267128453077733,0.838898860802345,0.3037010089743609,19.451086431176957,0.3037010089743609,Overcurrent
22.30875012090587,22.30875012090587,1.0632300225424842,0.6532738701374771,0.4842264030249023,14.573723529414087,1.0,Switch_Short
22.67954829287623,11.233950584894597,2.5467844492575447,1.0954861372706524,0.49533396520173384,24.8451307544062,0.49533396520173384,Inductor_Short
22.50777765501989,0.0,0.5520523983673071,0.0,0.30902787862937703,0.0,0.0,Short_Circuit
22.493135117195788,12.928401015642995,0.5381536059353772,1.6301975593974143,0.5747709667097209,36.668253971248845,0.5747709667097209,Overcurrent
24.074246754662937,10.053438075895663,1.394726547212073,0.8042909405288965,0.4176013554379812,19.362698564832588,0.4176013554379812,Core_Saturation
22.983389769973602,12.042313483840132,0.8446127615144501,0.8881704928926647,0.5239572406143798,20.413168620341683,0.5239572406143798,Core_Saturation
23.43255886611658,0.9850289218189341,0.06445719756464562,0.6276633448365829,0.4203676292661675,14.70775827598686,0.042036762926616754,Switch_Open
25.95802133353729,0.9522796844438632,0.05147815468241686,0.5714720904159625,0.36685372594772286,14.834284714538704,0.03668537259477229,Switch_Open
24.73725699570138,11.450121664158779,0.5290387826597744,2.524068964254,0.4628694954395501,62.438542643625,0.46286949543955014,Overcurrent
25.795922668188005,9.6286861477195,0.5945507551301115,1.4073300251095067,0.3929093459162003,36.303376496343915,0.37326387862039023,Cap_ESR_Increase
22.57022622013246,11.599299478765122,1.6690027946092192,1.2370053118516515,0.5139203907676672,27.919489723997277,0.5139203907676672,Core_Saturation
23.528557899330277,8.929826804552757,2.61222363531681,0.7079817484691607,0.37953141211459196,16.657789560525732,0.37953141211459196,Inductor_Short
24.21892721312942,11.58135224611084,1.031579484402251,1.203193151146127,0.5033623906578508,29.14004735094387,0.47819427112495827,Cap_ESR_Increase
22.30703224755495,8.096368716767339,1.5818710073034368,0.5986029207974569,0.362951405947547,13.353054657709453,0.362951405947547,Core_Saturation
22.01674977451183,11.888392953570103,1.429812399454892,2.156864588049653,0.568389883794314,47.48714793259475,0.5399703896045982,Cap_ESR_Increase
24.68173733518767,0.0,1.1105061740418192,0.0,0.6015750737765696,0.0,0.0,Short_Circuit
24.56727806720574,8.45501776009547,0.7247602376588195,1.6074524183349015,0.3441576936999735,39.49073054103585,0.3441576936999735,Overcurrent
23.643155239998446,11.517076591777345,1.1130520258694787,0.8845680046963157,0.48712096481493566,20.913978655370666,0.48712096481493566,No_Fault
23.95857630412813,7.866766910415685,2.256558918130427,0.6938407731623346,0.3283486802619494,16.62343710672505,0.3283486802619494,Inductor_Short
23.66177200236836,1.2760154257604104,0.061705349044056335,1.3774824706469886,0.539272978216801,32.59367615770811,0.0539272978216801,Switch_Open
22.096020179379554,0.0,1.1208741875568013,0.0,0.4057617191718581,0.0,0.0,Short_Circuit
23.34148642486985,23.34148642486985,2.938484260916076,1.5349289334056764,0.5110497827354831,35.827522862228555,1.0,Switch_Short
22.708329021589158,11.512768649253594,1.0459324630756028,0.7563996602418451,0.5069844037537165,17.17657235659007,0.5069844037537165,Core_Saturation
22.393696756405475,1.4997993396573408,0.0725545339783538,0.7948200921983283,0.6697417384775202,17.798960120587605,0.06697417384775202,Switch_Open
25.8268817355574,13.420507501571679,1.5575092355250244,1.0260288089135963,0.5196332890274892,26.499124705086274,0.5196332890274892,Core_Saturation
24.397438900168662,11.707829626660315,1.171956140494912,0.7168857216497692,0.5331993918873262,17.490175592353562,0.4798794526985936,Cap_Degrade
24.914625136946412,11.477202366484855,1.1989231949043797,1.6699523964623713,0.4606612503057521,41.606237954405294,0.4606612503057521,Inductor_Short
23.26145497306447,15.809225474035737,0.880575941378107,2.548471042815903,0.6796318412731267,59.28114441262078,0.6796318412731267,Overcurrent
23.57258851797606,14.399890013468388,1.9040687196947588,1.214629221198251,0.6108743637758438,28.6319548332161,0.6108743637758438,Core_Saturation
22.947695975586893,0.9504066325353557,0.06034555075494952,1.8556170741909828,0.4141621161211366,42.58213646564274,0.04141621161211366,Switch_Open
22.387862683861698,14.276378118261729,0.5401393881654102,1.2255600952124523,0.6376838343104928,27.437671122436853,0.6376838343104928,No_Fault
22.716126549766336,10.74378613997904,1.569891395245867,1.0197751274509916,0.472958544074036,23.16534084748082,0.4729585440740359,Core_Saturation
25.190056181185945,15.906685614801427,0.8824172894526141,1.05713469718252,0.6314668574134376,26.62928241310867,0.6314668574134376,Core_Saturation
24.710183220735104,15.546540941296218,1.4958564291781622,0.8150240838522916,0.6291552273174008,20.139394441301896,0.6291552273174008,No_Fault
24.18771550394191,9.08364998902109,2.7945931770665893,1.4448613221573945,0.37554807470514173,34.94789460299241,0.3755480747051417,Inductor_Short
23.90035949146707,13.873117885168693,0.7816209906428054,1.3996079319335568,0.5804564525534307,33.451132720320786,0.5804564525534307,Core_Saturation
25.689737134624497,10.693537732991958,2.0379743683539466,0.9170366410423103,0.41625718772261244,23.558430251195954,0.41625718772261244,Core_Saturation
22.290939791114674,9.339838415376207,1.4194296005584075,1.5793053110392083,0.41899706799706726,35.204199600162625,0.4189970679970672,Overcurrent
23.122403252951663,9.677632870633301,0.8535482225634551,0.5822132099982983,0.41853923075223226,13.462168620776083,0.4185392307522322,No_Fault
23.399751414282857,13.811172075084707,2.439003310095532,1.1854131955847715,0.5902272990239792,27.73837409989432,0.5902272990239792,Inductor_Short
25.12970324885115,9.849095066297142,1.8842074924155578,1.8214039111598044,0.3919304167170144,45.771339783742725,0.3919304167170144,Inductor_Short
25.970058480647886,7.0203846437282555,1.1552324845763442,0.4983801406870916,0.3003623340984361,12.942961399237289,0.2703261006885925,Cap_Degrade
22.962682059028612,12.112476482769548,0.8403174042981915,0.7365356354029383,0.5860947413930532,16.91283362090229,0.5274852672537478,Cap_Degrade
25.497229336548322,0.0,0.8225592366332684,0.0,0.3684738975340501,0.0,0.0,Short_Circuit
25.322491041727165,25.322491041727165,1.848867777715158,0.6309895719502134,0.34179295812313387,15.978227783132539,1.0,Switch_Short
22.898629590567065,0.0,0.6455677586525012,0.0,0.39500644823762404,0.0,0.0,Short_Circuit
23.59733032079689,23.59733032079689,2.662277928870765,1.2834480476385017,0.45196020892908156,30.285947529707588,1.0,Switch_Short
23.638691477170077,1.1591528582019848,0.042434894768081835,1.3593029306633282,0.4903625309892803,32.13214260196352,0.04903625309892803,Switch_Open
25.912882674106232,8.235840096538485,0.9001495539058452,0.7185888622927065,0.3178280162850523,18.62070887951038,0.3178280162850523,No_Fault
22.723567605515594,0.0,1.3940546127021447,0.0,0.6882293330509441,0.0,0.0,Short_Circuit
25.196631884419126,14.775940430544038,1.4949357210947571,1.1519609926559333,0.5864252213678232,29.025537077161598,0.5864252213678232,Core_Saturation
23.33677085669244,9.01615823540505,1.044253909350863,1.271077649162397,0.4292776261297344,29.66284783956616,0.386349863516761,Cap_Degrade
24.92348138310464,24.92348138310464,2.912996249554197,1.1849502824038605,0.4274789029141589,29.5330863033972,1.0,Switch_Short
23.680044017182652,0.0,1.3867263831449892,0.0,0.4794170197473837,0.0,0.0,Short_Circuit
24.31343905246616,12.715272955418012,0.7364133797772835,0.9327901218743605,0.5504979291052131,22.679335776934742,0.5229730326499524,Cap_ESR_Increase
25.330447093304524,8.173990994074192,0.973215029918105,0.7829157651289254,0.3585492266355871,19.831606367112276,0.3226943039720283,Cap_Degrade
25.216662259935536,9.470670399797989,2.942592454857091,0.8699325030949628,0.3755719255059809,21.936794119486002,0.3755719255059809,Inductor_Short
25.4656927341588,14.754731962380571,0.8723662982286027,1.2170019319071195,0.6437738331334203,30.991797254824355,0.5793964498200783,Cap_Degrade
22.238469301378636,0.0,0.8715731085162001,0.0,0.402501969555629,0.0,0.0,Short_Circuit
24.76820221215898,11.197159299607922,0.6950302317891544,1.8107981579616599,0.45207799919007097,44.850214941799386,0.452077999190071,No_Fault
22.55994950688705,1.463032443774878,0.03071615570595626,2.726377007774157,0.6485087403800468,61.50692763212279,0.06485087403800469,Switch_Open
23.663274272073643,23.663274272073643,2.4806095815119633,1.5253795812566986,0.565259131759929,36.095475400298106,1.0,Switch_Short
24.194353660218752,9.508774789387752,1.2700304687015165,1.6575938788582485,0.4366847517366753,40.10441253011027,0.39301627656300775,Cap_Degrade
23.610957938987323,1.3540407868499702,0.07345064817515,1.3479601953182185,0.5734798182898483,31.826631475087595,0.05734798182898484,Switch_Open
24.07844670321203,7.413110511967295,1.9101273163580443,0.4467343090683506,0.3078732861525655,10.75666825139853,0.3078732861525655,Core_Saturation
25.986105235194476,15.442426601979832,1.4867049880671974,0.9808193345931426,0.594257064004546,25.487674445450825,0.594257064004546,Inductor_Short
22.54086925485142,11.153366734172216,0.5401165782885154,1.5748989248319216,0.4948064162064958,35.49959075424242,0.49480641620649585,Overcurrent
24.701824181345703,15.445380226255681,2.22815607655449,0.8683275923961473,0.6252728589137845,21.449275519180848,0.6252728589137845,Core_Saturation
23.58400386554246,15.27682877022251,0.9244957650979664,1.7420482460917288,0.6818550608025873,41.084472569788794,0.6477623077624578,Cap_ESR_Increase
22.532039195629316,15.103573312319364,1.6239430848648415,0.8264244580048992,0.6703154197978273,18.6210282799931,0.6703154197978273,Inductor_Short
22.63494705349724,14.271803034405565,1.5465507307243207,1.3671411817905892,0.6637060173821363,30.94516826448563,0.6305207165130295,Cap_ESR_Increase
25.797092424982466,13.024126003705012,1.085099898544986,1.1825708928184526,0.5048679823735548,30.506890621131657,0.5048679823735548,No_Fault
25.51840598684705,25.51840598684705,1.4297423476982691,1.0226843361146607,0.4440568456555752,26.097274085363058,1.0,Switch_Short
25.628167841660087,12.45565169429746,2.083644364074359,1.92471827942238,0.4860141298922691,49.32700311294797,0.4860141298922691,Core_Saturation
25.966131103309547,14.955411358866463,1.4933608550547435,0.7617735861796948,0.5759584013253443,19.780312809780227,0.5759584013253443,No_Fault
22.83326156003407,14.923799451125598,0.5866785611508307,4.217191119956212,0.6535991107484747,96.2922278906132,0.6535991107484747,Overcurrent
23.421757349456247,8.965720390248805,2.7245032566049745,0.8865289192972166,0.3827945212000478,20.764065231055085,0.3827945212000478,Inductor_Short
24.676876119699468,24.676876119699468,1.781031395368788,1.6820379267592351,0.6672772633846812,41.50744154727377,1.0,Switch_Short
23.93521015944259,23.93521015944259,2.0481448930134087,2.4484801063522115,0.6260720927879556,58.604885916754526,1.0,Switch_Short
23.673558133513335,14.734142416726614,1.4148159757649807,2.247596063281255,0.6915424060712938,53.20859606474451,0.6223881654641644,Cap_Degrade
23.43124499734237,23.43124499734237,2.9467583915502344,2.6934369905239706,0.6521007093126748,63.11058200987168,1.0,Switch_Short
24.375122527773808,0.0,0.7621639104087994,0.0,0.41197493187676265,0.0,0.0,Short_Circuit
24.30237371456033,8.320704176268046,0.7128507709599138,0.9245301923876409,0.34238236453761905,22.468278245798807,0.3423823645376191,Overcurrent
22.64583133625696,7.810466355005965,0.5805165585915119,1.5479093003875257,0.34489642879663546,35.05369294039942,0.34489642879663546,Overcurrent
23.886959350073756,9.451230452386707,1.167977637928352,1.4512203976584728,0.4164893274313104,34.66524264686581,0.3956648610597449,Cap_ESR_Increase
24.2138871048394,13.21287627312841,0.5136043954506683,1.7994564740663,0.5456734895938157,43.57183591311376,0.5456734895938157,Overcurrent
24.281147754925563,0.0,0.9118982976099366,0.0,0.621728130438869,0.0,0.0,Short_Circuit
22.840428771649407,15.067833665293337,1.146768033304017,1.775850075509728,0.6597001227926258,40.561177158808164,0.6597001227926258,Inductor_Short
24.969085569009145,1.3720546322012512,0.0452612891464667,1.4924075918086543,0.549501353747693,37.26405286370916,0.0549501353747693,Switch_Open
22.10079637928428,0.6680021512342404,0.026996609463280464,0.341205531216699,0.30225252509922146,7.54091396890579,0.030225252509922147,Switch_Open
23.41932742217265,7.894047297657885,1.3352172606087689,1.1418341316489584,0.3745267106074134,26.740987390899146,0.33707403954667203,Cap_Degrade
25.120850594142535,25.120850594142535,1.4194779878771318,0.6739971411242859,0.33989048154134716,16.93138148306239,1.0,Switch_Short
24.25557168422161,10.801728649985021,0.828308710357912,2.513555004877493,0.445329790227604,60.967713603040025,0.445329790227604,Overcurrent
23.044649730043442,10.958039228299967,1.5070527962670313,0.6075643375039002,0.5005403974534983,14.001107346243275,0.47551337758082335,Cap_ESR_Increase
24.77981247737219,7.077683989891049,1.246266061332205,0.3987307711866136,0.3173588714314243,9.880473738962284,0.2856229842882819,Cap_Degrade
24.269563776624295,10.663832516315926,0.7190383616420585,0.6192533621716709,0.4393911903182621,15.02900896711439,0.4393911903182621,No_Fault
25.18497443782555,25.18497443782555,1.143798837314992,0.9628451228574229,0.371671869850129,24.249229806749195,1.0,Switch_Short
24.94010074475929,0.0,1.2156737768553394,0.0,0.5588280665035495,0.0,0.0,Short_Circuit
24.44043168814494,1.1870936357309374,0.04453512753440547,1.3748125713901973,0.485708947729736,33.601012735065005,0.0485708947729736,Switch_Open
23.952710701243255,11.334918664701144,1.3926879990300434,0.6498150003423028,0.4981270587735635,15.564830712527465,0.4732207058348853,Cap_ESR_Increase
22.532728502670093,9.553179355049547,0.9452947723752104,0.5670708168392904,0.4710767152133844,12.77765275762709,0.423969043692046,Cap_Degrade
23.045332071541534,15.726316299503232,1.2690036194584147,1.3937988800843963,0.6824078841946267,32.12055803248761,0.6824078841946267,Core_Saturation
23.67639789166834,0.9136581072978629,0.04756027041061983,0.61534102266103,0.38589405004862526,14.56905889158865,0.03858940500486253,Switch_Open
24.397197148025555,0.0,1.2485589856706767,0.0,0.5066657039375497,0.0,0.0,Short_Circuit
24.05483142086122,24.05483142086122,2.8044405730807482,1.2407420286765392,0.5944069473461343,29.845840336591507,1.0,Switch_Short
23.152738103838118,12.10281057590742,1.099534393177151,0.8362633810157912,0.522737765253825,19.361787046488804,0.522737765253825,Inductor_Short
22.02585743115884,14.792749861094519,1.5361673118404329,1.37210701020202,0.6716083542867204,30.221833387003304,0.6716083542867204,Core_Saturation
23.984956887603257,0.0,0.5328354290838776,0.0,0.45118734225651363,0.0,0.0,Short_Circuit
23.142503954248973,10.673248911027189,1.0652504995267946,2.24028568651286,0.4854703223092712,51.845820358771235,0.4611968061938076,Cap_ESR_Increase
24.93843320284214,8.364573098830018,1.3852828290969004,0.49017675041152287,0.33540892608589135,12.224240147723988,0.33540892608589135,No_Fault
22.095785061081934,12.011260902401931,1.7231805328406193,0.6549192404293555,0.5435996444207714,14.47095476889408,0.5435996444207714,Inductor_Short
24.339311245223165,0.0,1.4324504210806432,0.0,0.4152847873792424,0.0,0.0,Short_Circuit
25.765896950024263,8.443774405740136,1.1306084716506093,0.5942066949355707,0.36412361580622754,15.310268468724418,0.32771125422560476,Cap_Degrade
22.697637068446,11.753120584037076,1.4341553437930064,0.8882423678369655,0.5178125171618032,20.161002893980555,0.5178125171618032,No_Fault
23.88659796300238,0.0,1.2571666254125198,0.0,0.5129241053519642,0.0,0.0,Short_Circuit
22.365687967268553,7.3884749714532045,1.2068703332975246,0.36961794326284364,0.33034865648961903,8.266759586120333,0.33034865648961903,Inductor_Short
24.50272764904541,13.484386956963265,0.8042665043189449,1.0251185440201214,0.5792861813977891,25.118200492111004,0.5503218723278996,Cap_ESR_Increase
24.202126722384904,1.3299283458328102,0.04470852272917531,0.8739575200953414,0.5495088762603412,21.151630651328706,0.05495088762603411,Switch_Open
23.62946209685133,8.875389316378673,1.340213764024152,0.5825239875345847,0.37560691309859884,13.764728483955166,0.37560691309859884,Inductor_Short
24.085508085894965,11.748283293053374,1.989823209553321,0.6645416329051674,0.4877739448616175,16.005822872751253,0.48777394486161757,Inductor_Short
25.58629863387604,13.543243642530724,0.9713681557014906,2.924740694389225,0.5881291665914239,74.8332888332927,0.5293162499322815,Cap_Degrade
22.785177209244267,0.0,1.4562591980273814,0.0,0.5117742962165106,0.0,0.0,Short_Circuit
22.09025804682139,9.615576727429842,1.0271006711855757,0.6755424785381088,0.45819563047342804,14.922907672496123,0.43528584894975664,Cap_ESR_Increase
25.446659538796403,10.914972661257469,1.2856268042879977,0.592329866873761,0.42893538323237745,15.072816456997193,0.42893538323237745,No_Fault
24.308468329551626,12.566254664752636,1.586101599336628,0.8656783860170167,0.5441575466576214,21.04331563007202,0.5169496693247403,Cap_ESR_Increase
25.56263382184737,15.5441041704727,1.3769888309739855,1.5417476680089652,0.6756434793240962,39.411131083000285,0.6080791313916867,Cap_Degrade
24.38778089365269,13.869280662498422,1.0630014367673877,1.3305994742970964,0.5686979361909933,32.450368436367036,0.5686979361909933,Core_Saturation
25.24064435983881,8.326847216367252,0.9960298942535443,0.518186144192607,0.32989836145452617,13.079352177761747,0.3298983614545262,No_Fault
23.71869345342059,23.71869345342059,1.6954795645918515,0.7126159168739532,0.4842739893928535,16.902318482361547,1.0,Switch_Short
24.999439725153074,24.999439725153074,1.799717390274431,1.1631947353031578,0.656329652604251,29.07921667382668,1.0,Switch_Short
25.652165867559425,25.652165867559425,1.7216136524915024,0.9245530440966938,0.33778497032043475,23.716788040525373,1.0,Switch_Short
24.288491854888825,16.89386742836669,2.6527184203500083,0.8949292267988629,0.6955502848550172,21.736481235806135,0.6955502848550174,Inductor_Short
22.72314060224952,15.443277089913497,1.4282085826836712,1.163055090275916,0.6796277574581685,26.428264344501645,0.6796277574581685,Core_Saturation
23.075190460120794,7.262784730517824,1.126063765469157,0.4535125941868336,0.33130979229195034,10.464889486924656,0.3147443026773528,Cap_ESR_Increase
22.794578307589624,14.5816247676702,1.6306920927517823,1.8685065596514756,0.673365328179822,42.59181909222045,0.6396970617708309,Cap_ESR_Increase
22.987428110382933,22.987428110382933,1.1199585443830329,1.0073430941363197,0.44525303610378486,23.156226958949357,1.0,Switch_Short
23.225661797404147,14.815270311889616,1.481936459686123,0.8176787652252439,0.6378836668303449,18.99113046004054,0.6378836668303449,Core_Saturation
24.220535147012754,1.1319547878507346,0.0637030853473058,1.9680675210917915,0.4673533350853086,47.667648566298,0.04673533350853086,Switch_Open
24.35196651785533,11.5998655328594,0.6511619581882265,0.9144747925803538,0.4763420450810063,22.269259530339475,0.4763420450810063,No_Fault
23.705998988967444,11.813351513471565,1.111531594614774,1.0736458938202307,0.553697236391017,25.451848473411435,0.4983275127519153,Cap_Degrade
24.461683119283343,24.461683119283343,1.4789295590689335,0.9168980955770752,0.6097909677103933,22.428870666680787,1.0,Switch_Short
22.326299702445464,6.999644595038347,2.051106169836851,0.7584889710152118,0.31351566037929945,16.934252087885092,0.31351566037929945,Core_Saturation
22.351152948232638,12.00843403574506,1.6541993308001586,1.4492433818561545,0.5372623982108536,32.392260487080826,0.5372623982108536,Inductor_Short
22.687317841430634,8.075744484463968,0.9119690985910006,0.44996755271526434,0.37469319763894837,10.208556886781896,0.355958537757001,Cap_ESR_Increase
24.07230999216138,10.025173881309872,1.208013266369683,0.7773343206457579,0.43837980714528113,18.712232734130858,0.41646081678801705,Cap_ESR_Increase
22.855978714793252,10.038059385261425,1.3671258162398174,1.5277830372499286,0.43918746646208656,34.918976580206554,0.4391874664620865,Inductor_Short
23.13313761397031,10.152248619624988,0.784888638903061,1.4286892052627207,0.48762413608846145,33.050063992936394,0.4388617224796153,Cap_Degrade
23.601251344691978,10.234790379448828,1.833263700238823,0.5121904798279564,0.4336545647504693,12.088336250777985,0.4336545647504693,Inductor_Short
25.24746449604152,25.24746449604152,1.7072757262802207,1.0912944915478877,0.3429444473802671,27.55241893008098,1.0,Switch_Short
22.05544854365144,0.7901397422705418,0.05124386090027913,0.5581213093579839,0.3582514954101806,12.309615819660381,0.03582514954101806,Switch_Open
24.59751528094649,7.708251128605213,2.1992802881379325,0.6820301612862505,0.31337519422443905,16.776247314304946,0.31337519422443905,Inductor_Short
24.67550612416274,1.2044105511213463,0.053333372687508235,0.6587242646510124,0.4880996341315017,16.254354626530656,0.04880996341315017,Switch_Open
25.194623121426545,16.318308574762007,1.2695851431911254,1.0520371479595065,0.6817790779411954,26.50567945258022,0.6476901240441356,Cap_ESR_Increase
25.73101175624125,0.0,0.8077495166078202,0.0,0.3462700894592466,0.0,0.0,Short_Circuit
22.08055139579716,0.0,0.626426227155028,0.0,0.6785057972012327,0.0,0.0,Short_Circuit
22.615134822052866,13.41856825820434,1.260807541431077,0.7374084337377295,0.5933446058928373,16.67659114789759,0.5933446058928373,No_Fault
25.54468517622397,1.417728804133633,0.06753901913153411,1.214847762393925,0.5549995211736652,31.032903627392955,0.055499952117366524,Switch_Open
23.83407424874806,11.971855302482998,0.7570062322224322,0.7010802388852878,0.5581111021294252,16.709598467921975,0.5022999919164827,Cap_Degrade
24.258362555733854,15.299532378578663,1.3606379342370296,1.2305499513043314,0.6306910593585128,29.85112686168111,0.6306910593585128,Core_Saturation
24.65210881489259,8.449952696933742,0.9985692169635553,1.0964447303144909,0.34276794575192854,27.02967480122839,0.34276794575192854,Overcurrent
24.71626641798255,12.405136860144564,2.066653685505873,2.054038137972073,0.5019017294262167,50.76815385081456,0.5019017294262167,Inductor_Short
25.726961613266035,14.891703265972794,1.159490171087652,1.8410645114715618,0.5788364553043034,47.364996014175254,0.5788364553043034,Overcurrent
25.987797669646678,0.0,0.5416032333553213,0.0,0.5347281780294254,0.0,0.0,Short_Circuit
24.88062984372376,15.75221607620942,1.8322156241010257,1.5337512417001524,0.6331116284093178,38.16069691709318,0.6331116284093178,Core_Saturation
23.148884836820603,6.852482314732597,0.5619710069794103,1.1230164509045082,0.32890868360454056,25.996578491843458,0.2960178152440865,Cap_Degrade
25.519009609177374,1.470610546837242,0.0484144283836434,2.0417044236184183,0.5762804157996664,52.10227480541837,0.05762804157996664,Switch_Open
22.196883658163046,11.400565658081891,2.6553422711383883,1.4641665450209698,0.5136110921538871,32.49993445600501,0.5136110921538871,Inductor_Short
22.924323411497983,9.318689578613775,0.9512153132783963,1.0434347459706497,0.4516643455919773,23.920035575425416,0.40649791103277966,Cap_Degrade
25.58954286985486,11.15985535912319,1.2981794975364955,0.6071887588949821,0.4361099928936123,15.537682775837112,0.4361099928936123,Inductor_Short
23.024766057757418,11.362716242627572,1.4850338450059597,1.1996727432429213,0.5483330531096772,27.622184259036345,0.4934997477987095,Cap_Degrade
22.882604238486994,15.02009908606896,1.3892854620742634,0.9467180563228735,0.6563981498577058,21.663374608265954,0.6563981498577058,No_Fault
22.552501172560987,10.679665933152815,1.3984449965475154,1.8012130669718043,0.49847037044044606,40.62185980491379,0.4735468519184237,Cap_ESR_Increase
25.436447030587665,15.221037693335152,1.0026627631891316,1.155458533243726,0.629889265630768,29.39075977689455,0.5983948023492295,Cap_ESR_Increase
24.000233036764346,11.060808663620186,0.6838457268892978,1.8090407876748447,0.460862552737587,43.417400477208,0.460862552737587,Overcurrent
24.69957281221662,24.69957281221662,2.882822362837002,0.4281536205821766,0.3409577851172706,10.575211526383638,1.0,Switch_Short
22.95626553630012,7.451656468150116,1.032351126517139,0.4211613283536957,0.3246022945834554,9.668291287308323,0.3246022945834554,No_Fault
25.032161684044866,0.0,1.3523554603874852,0.0,0.32053374852947103,0.0,0.0,Short_Circuit
25.040022179848393,11.319593848471545,1.2631425086391386,0.680790133123012,0.45206005678306793,17.047000033222158,0.45206005678306793,Core_Saturation
23.2503920996332,10.111481604982652,0.8352883170794706,1.2806507148827204,0.4348951003343368,29.775631263698813,0.4348951003343368,No_Fault
23.64273053204113,13.188295005255664,1.6340945287414432,1.0332988007927768,0.5871748094490278,24.430005106224872,0.5578160689765764,Cap_ESR_Increase
22.838761109720803,12.273909715494518,1.02183304849485,2.2286387386797544,0.5971286006339462,50.899347752576396,0.5374157405705516,Cap_Degrade
25.90624409329162,8.298847359875289,0.6406954238607463,1.6238283877969562,0.3203415875334959,42.06729457988415,0.32034158753349595,Overcurrent
24.582410308233648,0.9549020203283366,0.03598373389973537,1.138423556448255,0.38844930515560594,27.985194969169594,0.038844930515560594,Switch_Open
25.73817552286206,1.054505251230448,0.04909721396963604,0.6680998604899686,0.40970474006355984,17.195671476090467,0.040970474006355985,Switch_Open
23.213542174516533,1.2048868208022876,0.02712354552442057,0.9755094053468821,0.5190447936571237,22.645028722657393,0.05190447936571239,Switch_Open
25.127563651987558,0.0,0.9625339853783005,0.0,0.3578060895627801,0.0,0.0,Short_Circuit
25.063434575538967,8.861841168421616,1.3784112631201915,0.6961694340818285,0.3535764877600001,17.448397064599895,0.35357648776000006,Core_Saturation
24.766622607466168,15.94078347437847,1.407269891851436,2.6646119750264186,0.6775155556831831,65.99343918081438,0.6436397778990239,Cap_ESR_Increase
25.862555901067203,16.07826382863601,0.8549419644892418,2.0059572737874882,0.6216811629191124,51.87918212848128,0.6216811629191124,Overcurrent
23.57422134442526,8.775785862868668,2.2238231423093993,0.5015182144545084,0.3722619608364681,11.822901395811517,0.3722619608364681,Core_Saturation
22.52286929435903,10.419690227007486,1.3615398386018063,0.5616184973051714,0.46262712316219634,12.649260008098706,0.4626271231621964,Inductor_Short
24.686835436976242,10.371837173445432,1.2000853534649485,0.8039632161727349,0.4422487997030262,19.847307615038464,0.4201363597178749,Cap_ESR_Increase
24.917239201908824,13.823124164857358,0.5896992970082546,0.9420530997816581,0.6164016296261629,23.473362428159255,0.5547614666635465,Cap_Degrade
24.300242293835257,1.2249391684895656,0.0616931991996991,0.7523889008734543,0.5040851665912488,18.283232590417338,0.05040851665912488,Switch_Open
22.827271572533586,8.015565738490821,1.4947536880619716,1.09259767253536,0.3511398947973868,24.941023790482785,0.3511398947973868,No_Fault
24.01782376667742,14.30493958514723,2.638277275503264,1.916701703043329,0.5955968252624975,46.03500371698516,0.5955968252624975,Inductor_Short
23.248758946276517,23.248758946276517,2.1114070814406025,1.759028827104316,0.45875519128996756,40.895237180899755,1.0,Switch_Short
23.709866112666756,9.606519317452765,0.984741357399692,0.9803866716135641,0.4051696990528588,23.244836722600592,0.4051696990528588,No_Fault
24.580874303378657,11.066296062606883,1.335029961266847,1.828742536971952,0.45019944880828805,44.95209043454935,0.45019944880828805,Overcurrent
24.98085897076334,0.0,1.4359740847107243,0.0,0.4991026254427585,0.0,0.0,Short_Circuit
22.92889876360537,9.524295304883688,1.6381271783779023,0.8744580319555348,0.43724620656680374,20.050359687730047,0.41538389623846356,Cap_ESR_Increase
23.621301442587814,9.372042102813147,0.8965392275644841,1.1793450454570487,0.3967623090367031,27.857664823563375,0.39676230903670306,Overcurrent
23.076646283966518,1.0601430030050951,0.07454587373972561,0.6883618424166421,0.4594008115215921,15.88508275282835,0.04594008115215921,Switch_Open
22.794526455447475,7.013172905160838,0.9838893782607472,0.8693409700602287,0.3076691642999593,19.816215740842253,0.3076691642999593,Core_Saturation
25.133548879983355,15.30630961381243,1.1303246638978637,2.6041735873375464,0.6089991384385255,65.45212414930982,0.6089991384385255,Core_Saturation
25.63701077774797,9.444109664841662,0.8835241871008443,0.7159997841844419,0.3683779574270343,18.35609418400176,0.36837795742703433,Core_Saturation
23.480928742738307,7.083814711253028,0.8489123681329299,0.4809317760424957,0.3175618454522549,11.29272476337242,0.30168375317964213,Cap_ESR_Increase
25.005115697495068,14.03985928820564,1.9019063274270167,0.7029145960565695,0.5614794771620316,17.57646079985253,0.5614794771620316,Core_Saturation
25.587981157457644,14.817890600813445,1.488216793996295,1.502797036301456,0.6095744515294689,38.45354224836485,0.5790957289529954,Cap_ESR_Increase
25.384496842120924,15.878806261014095,1.2788926451025717,0.8608513424436199,0.6255316526371373,21.85227818379563,0.6255316526371373,No_Fault
22.731253554156904,11.306609011192203,1.1310657781676963,2.1076750641741016,0.49740367306423994,47.91009629351543,0.49740367306423994,Overcurrent
25.825167526053445,8.882115630724957,1.0139665125226456,0.6433025478472376,0.3821472738759941,16.613396068091923,0.3439325464883947,Cap_Degrade
23.50670576171785,13.284732895722007,1.329574718135011,1.0007253152717697,0.5948910708999307,23.52375553439582,0.5651465173549342,Cap_ESR_Increase
23.356962644695344,13.544357675448076,1.3362503239008328,2.3373772556049563,0.5798852308617348,54.594033245725484,0.5798852308617348,Core_Saturation
22.24972530911112,8.866700066920835,1.341308351499702,1.4357107026814717,0.3985082936412693,31.944168758013653,0.3985082936412693,No_Fault
23.944694616419532,15.044330640410564,1.294909103374464,2.981502920762937,0.6613631023451172,71.3911769356314,0.6282949472278613,Cap_ESR_Increase
22.436054462563714,0.0,1.1978046984944086,0.0,0.34174858323313156,0.0,0.0,Short_Circuit
22.994159283709703,15.9366837480694,1.5539039896936069,0.9845350132740178,0.6930752958365303,22.638554915612012,0.6930752958365303,Core_Saturation
23.267770487069125,13.48807553752648,1.3852289842111727,1.974192770043056,0.6440991243909858,45.93506427059306,0.5796892119518873,Cap_Degrade
25.235305293966736,14.514324520178281,1.504029467358105,1.0302765627110737,0.5751594581916301,25.99934359723261,0.5751594581916301,Inductor_Short
25.501954601583584,16.365240734049824,0.9692624186971559,1.8458851277907644,0.6754999553119331,47.073678728658386,0.6417249575463364,Cap_ESR_Increase
23.209865269845878,23.209865269845878,2.5552851393553784,0.8061897220829833,0.5889244673294831,18.711554831480534,1.0,Switch_Short
25.434792484978296,9.568131424202026,0.9927488961293377,0.5636288867930834,0.3761827988120183,14.335783774121401,0.3761827988120183,No_Fault
25.428923749479164,11.51979406274681,1.52813541476661,0.7291167258039678,0.47686245524512466,18.540653624939004,0.4530193324828684,Cap_ESR_Increase
25.058603801539494,8.234287523397162,1.2695989796442784,0.6396803877855228,0.3286012097326541,16.02949739713256,0.3286012097326541,Core_Saturation
22.586780456060726,10.2964767969367,1.7386603376392895,1.1109107270339436,0.45586296891524614,25.09189669779849,0.45586296891524614,Inductor_Short
24.761291387602917,0.0,1.3887357893866255,0.0,0.5966412078948834,0.0,0.0,Short_Circuit
25.780096258322274,11.719047591650718,1.928740640364082,1.5040794344647204,0.45457734037232694,38.77531260066342,0.454577340372327,Inductor_Short
24.730161915068628,0.0,1.0161245842024869,0.0,0.4321176701872536,0.0,0.0,Short_Circuit
23.326467396431337,12.552958559095647,1.6655274306713588,1.617812832959035,0.5381422890041248,37.73785830154715,0.5381422890041248,Inductor_Short
24.002317269723324,15.574667112565425,1.1650049132686229,1.0305372892668736,0.6488818115995579,24.73528297526414,0.6488818115995579,Core_Saturation
24.582900173404216,7.842763200938446,2.3118974216767842,0.5128154099485844,0.31903327701844497,12.606490030149411,0.31903327701844497,Inductor_Short
24.042281634914016,24.042281634914016,1.2396813230824077,0.7384351179237698,0.45418817387989413,17.753665074234217,1.0,Switch_Short
22.47981176692388,8.166832366023367,2.0689089617743637,0.7269731502986415,0.3632962967261051,16.342219578321124,0.36329629672610514,Core_Saturation
23.24825617860808,13.440786355941855,1.279203136765108,4.133995164265695,0.5781417002927478,96.10817861997587,0.5781417002927478,Overcurrent
25.20958412221453,8.197534910820822,0.7598230900763832,0.4622452864726809,0.34228982417245396,11.653011434430203,0.3251753329638312,Cap_ESR_Increase
25.44567218438207,13.680279082926242,1.313421940407022,1.1414342373069568,0.5659231034320978,29.04456142254299,0.537626948260493,Cap_ESR_Increase
22.549200130862282,9.346019930957265,1.1026329212856347,1.683272572270821,0.4144723483191629,37.95645010692609,0.4144723483191629,Overcurrent
25.809547009594898,8.816800720444526,0.6845350507366441,0.708225910518131,0.37956672549488985,18.27898993093085,0.34161005294540087,Cap_Degrade
23.315290471394437,23.315290471394437,1.546407012100465,1.9928289135568567,0.6745410231299941,46.46338497937151,1.0,Switch_Short
24.64925495492288,7.577423292534105,0.9089865037338344,1.0843119736703974,0.30740983069838235,26.72748228967725,0.30740983069838235,No_Fault
25.007300583826726,11.881241305912054,1.1992427352454738,1.0720357077698437,0.47511090875582757,26.80871918079591,0.4751109087558276,No_Fault
25.247784938551533,7.792748943382676,1.708085113225509,0.926791300750008,0.3086507969847175,23.399427444256638,0.3086507969847175,Core_Saturation
25.78299880890372,25.78299880890372,2.064469695353396,1.4683484333770642,0.49343721924173156,37.85842590881649,1.0,Switch_Short
23.25167819211529,11.053801391994885,1.3952515974254378,0.632792460744067,0.5004189511177672,14.713486659617793,0.47539800356187883,Cap_ESR_Increase
25.43402581820622,10.902676386342671,2.515875479212332,0.8411658283974092,0.4286649885578988,21.394233396852528,0.4286649885578988,Inductor_Short
22.526747613744828,7.948894286719488,2.235718308124512,0.6487815012561166,0.35286471101000944,14.61493713526301,0.35286471101000944,Inductor_Short
24.82016362541437,11.18284919687891,1.2869900833848251,0.7288950501764497,0.4505550150937901,18.0912944111341,0.45055501509379003,No_Fault
24.967910918055942,13.494155066789688,0.9176897122571301,0.7370004855347616,0.5689051759730264,18.401362469395906,0.540459917174375,Cap_ESR_Increase
24.710892964805282,24.710892964805282,2.7624990566452112,2.266466605797502,0.6129583234577836,56.00641370416759,1.0,Switch_Short
23.009258944540612,0.0,1.1149100858019407,0.0,0.512300240955257,0.0,0.0,Short_Circuit
25.492172588060814,13.662115848991279,1.3223635138124306,1.985731134234853,0.5359337577759022,50.620600787400626,0.5359337577759022,Overcurrent
22.67543385348158,8.622255457389503,1.046279104790284,1.1987874959887113,0.38024654844986105,27.183026569672837,0.38024654844986105,No_Fault
22.214539166083323,8.756649819947715,0.7902820694875484,0.9746528945398448,0.41493213329105977,21.651464899091863,0.39418552662650674,Cap_ESR_Increase
24.86985996244765,9.07148644894917,1.563615193017463,0.7414118619900265,0.36475824402094337,18.438809182189523,0.36475824402094337,Core_Saturation
23.901902860930935,9.55402415407608,1.7422233275531762,0.6216968565357656,0.3997181400018445,14.859737873863985,0.3997181400018445,Inductor_Short
25.396392079834705,9.9034427616221,2.394998072074189,1.146350515487787,0.3899547120902127,29.11316715224847,0.3899547120902127,Inductor_Short
23.533588564233035,0.0,0.9757937917347358,0.0,0.5077795145564951,0.0,0.0,Short_Circuit
22.67311435403085,1.1905096908517474,0.06680564024638438,0.7796358149869907,0.5250755023162917,17.676771987698082,0.052507550231629174,Switch_Open
25.345768769879477,1.7183898162098181,0.058903625616095835,1.464814183181205,0.6779789683286017,37.1268415777507,0.06779789683286018,Switch_Open
24.195638526560288,8.693900519865776,1.3029988763344564,0.5099624209251735,0.3782282588406092,12.338866398835082,0.3593168458985787,Cap_ESR_Increase
22.75678316956142,22.75678316956142,1.43431066698213,0.7021452508018261,0.5566702840645984,15.978567226034478,1.0,Switch_Short
24.881535994345782,24.881535994345782,2.9684995329825807,1.2933541350714914,0.6269037075950091,32.18063746521727,1.0,Switch_Short
24.044454553958,24.044454553958,2.6833504185429775,0.6431402506583737,0.524096585513221,15.463956528776423,1.0,Switch_Short
24.417251928961278,8.834193854152208,1.2890048845606947,1.6002818380094839,0.40200146100043027,39.07448479601877,0.36180131490038725,Cap_Degrade
23.84359335282633,0.9657134373563058,0.04151076125800138,1.912138871833321,0.40502009200800004,45.59226169412581,0.04050200920080001,Switch_Open
25.314835935272026,7.991924619961963,1.0356316528472318,0.7462097799225396,0.31570122122839994,18.890178152034533,0.31570122122839994,No_Fault
25.3182508627322,10.688800679750726,1.2742063761486573,0.7625893977985413,0.42217769061939264,19.307429678723345,0.42217769061939264,Inductor_Short
24.837555287297544,14.848920603937906,2.0769519533254117,1.0284608792752221,0.597841471601352,25.544453949820973,0.597841471601352,Inductor_Short
22.42160550958585,7.152651415594997,0.6458892464832873,0.5888562023786083,0.3190071028828441,13.203101471606002,0.3190071028828441,No_Fault
25.355415447616274,9.830753831729826,2.106075687979202,1.4302919670906722,0.38771811300193226,36.2656470369723,0.38771811300193226,Inductor_Short
24.68405192213164,0.0,1.1487218801549055,0.0,0.5824929994127127,0.0,0.0,Short_Circuit
24.788096664017196,1.5196606036604194,0.04450979836249512,0.8545955591373976,0.6130606251291506,21.183797328537636,0.06130606251291506,Switch_Open
23.451931361615486,1.1306817848665542,0.04992724391656467,0.6275057896163952,0.48212736402477135,14.716222707100028,0.04821273640247714,Switch_Open
25.517118224628028,13.302246273483494,1.375653387674586,0.9782768039751139,0.5792297353914595,24.962804863444237,0.5213067618523136,Cap_Degrade
24.90148640093943,0.0,0.6085631447028094,0.0,0.4551808674619568,0.0,0.0,Short_Circuit
22.45036186611678,7.762595014674413,1.4209061822996185,0.5851068348588974,0.363965298009651,13.135860172920477,0.34576703310916845,Cap_ESR_Increase
23.63111213762465,1.0852819772878701,0.03353772754980982,1.3492007083690947,0.45925979740916256,31.883113235632692,0.045925979740916265,Switch_Open
25.545521447840567,13.589888590374862,0.5367079828046284,1.189616027553894,0.5319871280812571,30.389361746572895,0.5319871280812571,No_Fault
22.188786806789516,15.07109690304122,0.6855746027450478,0.9762072236449463,0.679221312741156,21.660853964705606,0.679221312741156,No_Fault
25.845666478568198,8.464465614677648,1.2650431899704897,0.6481817574125314,0.3275003808354709,16.752689519576485,0.32750038083547084,No_Fault
24.71665027327825,12.4314280293006,0.90512607333686,2.3550147249759292,0.5029576375379842,58.208075345650606,0.5029576375379842,No_Fault
24.525503910573505,24.525503910573505,2.745041033692364,0.548320335276971,0.43156791128428973,13.447832527082328,1.0,Switch_Short
23.082237025951965,10.456073560735874,1.024707541182266,0.6574072666231962,0.5033246777106778,15.174430350779813,0.4529922099396101,Cap_Degrade
22.995167154956707,22.995167154956707,1.044500703852662,0.799162313870432,0.30959017895061264,18.37687099139256,1.0,Switch_Short
25.768232877954382,10.956913958048162,1.2167136096019266,1.538148824248571,0.4252101418806325,39.635377104188905,0.4252101418806325,Overcurrent
23.193089816936492,13.835835319609782,0.671256199593356,0.7726857337575829,0.627947259010802,17.920969623305098,0.5965498960602619,Cap_ESR_Increase
25.102021186875998,13.092629211868374,1.2893796334619245,2.0329648141730794,0.521576693541855,51.03152583754606,0.521576693541855,No_Fault
23.572487192828316,11.320286174336728,0.66810254980518,1.8046850773507648,0.48023299712644696,42.54091587293928,0.4802329971264469,Overcurrent
22.557016283138815,0.0,0.8454463858055135,0.0,0.4142100286861358,0.0,0.0,Short_Circuit
22.042861190781437,9.240742340770499,1.2612714296253604,0.8285376252832891,0.41921700911654236,18.263339865459226,0.41921700911654236,No_Fault
24.177029348061005,0.0,1.4542313574764216,0.0,0.45324057343623375,0.0,0.0,Short_Circuit
25.90311527419573,16.428488350240148,0.8714339506467323,3.067966481713016,0.6342282839858241,79.46988943318095,0.6342282839858241,Overcurrent
23.476544775236817,16.125693095304925,1.3294002201989357,2.7079476904180764,0.6868852827233073,63.573255203099095,0.6868852827233073,No_Fault
23.42876933597218,1.113949309984799,0.03453961327379194,1.860437589064736,0.4754621525401498,43.5877631381699,0.047546215254014985,Switch_Open
23.37636647139777,9.621876587285032,1.3071797702024912,1.895169919637865,0.4573411354991047,44.302186567024194,0.4116070219491943,Cap_Degrade
24.082175349219433,13.841429665401455,1.157494059256251,1.3809029270334812,0.6386203103279451,33.25514642907066,0.5747582792951507,Cap_Degrade
23.762659533697175,11.186560175070875,1.3854870144247369,0.7090829997422101,0.4707621282545214,16.84969790400682,0.4707621282545214,Inductor_Short
25.51965850690806,0.0,0.8025039603514116,0.0,0.5208072689182605,0.0,0.0,Short_Circuit
24.02208316689396,0.9425704899544975,0.0315885444298518,0.6413340862969221,0.39237666583949776,15.406180758788611,0.039237666583949775,Switch_Open
24.031031352754276,14.356162505089989,1.32445051659647,0.9379234109265481,0.5974010143116301,22.53926689445811,0.5974010143116301,Core_Saturation
22.553486378882226,11.565322429602483,0.7036486411232774,1.3100680437843333,0.5127953273083127,29.546601780898843,0.5127953273083127,No_Fault
25.930958163641545,0.0,1.1439979536304734,0.0,0.6236138200961366,0.0,0.0,Short_Circuit
22.99989156347532,22.99989156347532,2.989010208441117,0.9220619116875185,0.6122930920114679,21.20732398362368,1.0,Switch_Short
22.293456269838412,8.605316640645373,0.5120091630842641,1.434314542090412,0.3860019073080114,31.975828521285905,0.3860019073080114,Overcurrent
24.652584995900835,14.45268199325566,2.081839626574597,1.4379706479509946,0.5862542202231049,35.44969362022249,0.5862542202231049,Inductor_Short
24.38146548062749,24.38146548062749,2.1473331950980192,1.0580772780584942,0.6200217631805485,25.79747463081947,1.0,Switch_Short
23.660582615970984,1.0373814370598342,0.07071043948404059,0.5274542037149267,0.438442896312958,12.479873763138212,0.043844289631295795,Switch_Open
23.688768935522713,23.688768935522713,2.012010669533875,0.7666824609530001,0.3690436451609098,18.161763664433533,1.0,Switch_Short
25.140255684185725,7.568545930964278,1.5655521294673762,0.6958925642321327,0.30105286223183525,17.494916993519453,0.30105286223183525,Core_Saturation
22.782850560398597,0.0,0.9716528013283886,0.0,0.48036146123725926,0.0,0.0,Short_Circuit
25.281013275779557,10.590834278241202,0.8457947350176296,1.8147071346142865,0.44097309261553663,45.877635161835656,0.41892443798475976,Cap_ESR_Increase
24.594988455580072,12.837696919403538,1.1120582664978274,0.9654255286917933,0.5219639335301636,23.744629732896943,0.5219639335301636,Inductor_Short
23.6758790951181,23.6758790951181,1.8173153644196722,0.8945787279443814,0.37521643703551427,21.17993780387572,1.0,Switch_Short
23.832114466335476,0.0,0.5525914712406785,0.0,0.64386621906659,0.0,0.0,Short_Circuit
23.026588828744384,8.3538593965048,1.050492469465918,0.7739020524563109,0.40310208625124383,17.820324355632838,0.3627918776261194,Cap_Degrade
25.0084573307879,9.767599246141028,1.2109404648634396,1.933887105229155,0.39057184203505996,48.36353315368425,0.39057184203505996,Core_Saturation
24.051498969221072,11.24819678715696,1.1369626416779706,1.0737684586522516,0.49228562259374237,25.82574097645673,0.4676713414640552,Cap_ESR_Increase
23.283418170999376,0.0,0.6342969643951867,0.0,0.49954040949770967,0.0,0.0,Short_Circuit
24.3842004630438,0.0,1.4326299657393595,0.0,0.3860340915140371,0.0,0.0,Short_Circuit
25.982937808205293,10.089358610243433,1.5339733679049286,0.6115218874899497,0.4087442906903663,15.889135171007679,0.3883070761558479,Cap_ESR_Increase
23.741049118626215,8.733906902977015,0.6899965092022845,0.4659641356392187,0.36788209566209795,11.0624774317289,0.36788209566209795,No_Fault
25.68276560311448,15.085647422952631,1.6868885665880198,1.85895562030466,0.5873840713292666,47.743121462876864,0.5873840713292666,Inductor_Short
23.380067359698266,14.215913577383567,1.1134927718519796,1.0860569052297953,0.6080356125016327,25.39208360073805,0.6080356125016327,No_Fault
22.218930827699943,10.774657210198882,0.5956862073059063,2.3501406182975617,0.484931398983713,52.2176118333215,0.484931398983713,Overcurrent
22.816968425473714,12.694290400124945,0.9400246032277659,1.0772956728323455,0.5856348090740069,24.580621351915088,0.5563530686203065,Cap_ESR_Increase
23.674780573310738,14.071677740094204,1.1266684302285093,1.2183830052313533,0.5943741567749782,28.8449503031032,0.5943741567749782,Core_Saturation
22.878539714378277,22.878539714378277,2.831033457433393,0.8996446932408961,0.3553102110711234,20.582556843141504,1.0,Switch_Short
22.000908152873023,15.102990039345471,2.028765954433808,0.9740154677133624,0.6864712099338146,21.429224844639347,0.6864712099338146,Core_Saturation
25.66000615099011,16.125075770358556,2.1596654825337276,2.337860501352635,0.6284127788385724,59.98951484486544,0.6284127788385724,Inductor_Short
25.375517644923715,9.203794526317742,1.1223809705587318,1.671506458412861,0.3817933844783294,42.4153416290595,0.3627037152544129,Cap_ESR_Increase
24.969168925947788,9.35010516804383,1.4307257945453973,1.1323076865065245,0.3744660142984281,28.27278190053054,0.3744660142984281,Overcurrent
22.671258382584114,7.146842431328756,1.4324277829788152,0.5297859947965365,0.3502644582318331,12.010915175506643,0.3152380124086498,Cap_Degrade
22.481454304839943,7.988816823674213,2.2039951880274904,0.6402377029630926,0.35535142501676736,14.393474663400454,0.35535142501676736,Core_Saturation
22.270418997889532,13.345876396400413,0.6253788841081876,1.110597221409003,0.5992647196114784,24.733465458670388,0.5992647196114784,No_Fault
24.896116755091686,12.145861912764886,0.9908367161447553,0.9746966968521236,0.4878617027806494,24.266162765632675,0.4878617027806494,Core_Saturation
25.715231842751543,14.191112754605602,1.1767366986798866,1.364553030200943,0.6131736690959468,35.0897975333464,0.5518563021863522,Cap_Degrade
23.722143283652148,23.722143283652148,2.08286895321969,1.3033368351734227,0.5985019577400821,30.917943150845655,1.0,Switch_Short
22.47656268798419,12.178815029216194,0.518465904893236,0.9746670733526822,0.5418450854020886,21.90716557412565,0.5418450854020886,No_Fault
24.049571282928426,12.435840393599507,0.5619750359895194,1.0688344386356523,0.5745466426314718,25.705010021616907,0.5170919783683247,Cap_Degrade
23.39532762983452,6.471336206919187,1.388080382258805,0.4675590814241544,0.3073422897516567,10.938697896222568,0.276608060776491,Cap_Degrade
23.49929969739999,23.49929969739999,2.7377415910787724,0.636989024385617,0.42471105872200876,14.968795987992046,1.0,Switch_Short
24.48532249662283,13.59250945085302,1.7145418439920903,1.2745642801232822,0.555128871703764,31.20811744149448,0.555128871703764,Inductor_Short
24.87487245304881,7.555443546334641,2.0865759253958016,0.6744060356699648,0.30373798139449765,16.77576411885666,0.30373798139449765,Core_Saturation
22.442414395492644,7.028757212896427,1.6405126115968527,0.6627490782346016,0.31319077747303736,14.873689453971704,0.31319077747303736,Core_Saturation
22.142360923225905,13.478441109246209,1.4364962117207922,1.0873538430913197,0.6407551929881532,24.076581244984748,0.6087174333387455,Cap_ESR_Increase
25.977321210742858,14.90084978254642,0.9274310711602143,1.2627514476347825,0.5736099446768287,32.802899964539286,0.5736099446768287,No_Fault
22.93091339566221,9.313342165903702,0.6133983273449087,1.0154131161402034,0.40614789324813755,23.284350227030494,0.40614789324813755,Overcurrent
22.215322099633838,12.139026911005729,1.027099768910618,0.827295333400577,0.5751851360474836,18.37863230301778,0.5464258792451093,Cap_ESR_Increase
22.75950131638368,12.637996053026347,0.9572997979968979,0.7598666147901209,0.6169826676557053,17.294185219591768,0.5552844008901349,Cap_Degrade
22.155831385393856,9.365662378254234,1.050944193840603,1.197880605278326,0.4227177132440405,26.540040710380126,0.42271771324404056,Overcurrent
23.567243578468688,0.0,0.605582712904428,0.0,0.314414950999675,0.0,0.0,Short_Circuit
25.209607137805296,16.968880253231063,2.237102794574417,1.1673651576089354,0.6731116498750938,29.428817009683424,0.6731116498750938,Core_Saturation
23.364977799030882,9.21198693878051,0.7441368208069064,0.5261609218330845,0.43807193531825217,12.293738257347643,0.394264741786427,Cap_Degrade
23.776733627513465,23.776733627513465,1.3971048070741858,1.1048737971575242,0.34259270531388253,26.270289967033797,1.0,Switch_Short
24.702347094269754,0.0,1.0268029188559367,0.0,0.4967427485572589,0.0,0.0,Short_Circuit
24.03557628027952,1.4598899412733275,0.051860408969744434,1.0666347467599582,0.6073871182656535,25.637180818945605,0.06073871182656536,Switch_Open
25.445782744085296,9.889730588652922,0.9398207378332443,0.5006850583455748,0.38865892584702366,12.740323217871165,0.3886589258470237,No_Fault
25.464142700183025,0.0,1.2718921463252544,0.0,0.4077960200533453,0.0,0.0,Short_Circuit
22.039642781964616,8.314051803470527,1.118319840801463,1.0697967782790325,0.39708599471943323,23.577938842566482,0.3772316949834616,Cap_ESR_Increase
25.112185225932798,15.74539787006098,1.1096954551449842,1.364323514965815,0.6966692211326713,34.26114481591725,0.6270022990194042,Cap_Degrade
23.842934400966694,8.131998626844567,1.2237463854077855,0.6133292617171815,0.37896149349221697,14.62356935331609,0.3410653441429953,Cap_Degrade
25.955362165214652,25.955362165214652,1.0500502031277332,1.4146993222714186,0.5302080867864496,36.71903326443839,1.0,Switch_Short
23.93292830350174,16.037595423267064,2.1412883650900896,1.020103312919052,0.6701058566627857,24.41405945025627,0.6701058566627857,Inductor_Short
25.947583781553192,8.843473568450632,1.5226139183512062,0.47429833825298945,0.3587586275511117,12.3068958692709,0.3408206961735561,Cap_ESR_Increase
25.018277444822946,1.7221123105736944,0.025869437146271698,0.9331692934730785,0.68834167914708,23.346288287098886,0.06883416791470799,Switch_Open
22.994419538453226,22.994419538453226,1.8103642076019222,1.6656034673350282,0.6789908937582498,38.29958491260401,1.0,Switch_Short
24.15357991714783,15.79230604789715,1.4262274502058299,3.1900892708057236,0.653828794823305,77.0520761452419,0.653828794823305,Overcurrent
25.968542557914333,1.0019250829468787,0.04265772011412689,0.947615498279377,0.3858226085320009,24.6081933956072,0.03858226085320009,Switch_Open
25.430122431007696,25.430122431007696,1.9174576484004817,1.2894577492663715,0.5536220224043933,32.79106843345545,1.0,Switch_Short
22.389467575164886,13.531222257383519,1.4815413930443126,4.1603855257659745,0.604356589184496,93.1488168293226,0.604356589184496,Overcurrent
24.825487987239985,1.7239096190781436,0.034966192947528695,1.0492806498659393,0.6944111712785719,26.04890416849024,0.0694411171278572,Switch_Open
23.382318343483252,8.702186400906811,0.5652551891250059,1.6607084995117558,0.37216952883254817,38.83121481131228,0.3721695288325482,Overcurrent
22.027929047521393,0.0,1.3594225908613042,0.0,0.6064103598077185,0.0,0.0,Short_Circuit
23.613923876107997,23.613923876107997,2.7369306824247372,0.5440270677915048,0.43552046797084515,12.846613765370838,1.0,Switch_Short
22.939017686899884,7.643866271445733,0.9720778346800132,1.5826391121928753,0.3702505862272009,36.304186586571895,0.3332255276044809,Cap_Degrade
25.275477082081885,11.842844412851987,1.0142071744772863,1.1945849863246405,0.46855077648554194,30.193705444447552,0.46855077648554194,Overcurrent
23.349322435383062,1.4419009000032705,0.06679031848089181,0.921322354916517,0.6175343648594465,21.512252731872188,0.061753436485944654,Switch_Open
25.31009477581527,12.299185468052054,1.8578392471736929,0.9604324116958434,0.48593992148162085,24.308635365786625,0.48593992148162085,Core_Saturation
22.002391755339183,11.33143505788652,1.5302980044340213,1.0450543946617963,0.5150092400812194,22.99369619698769,0.5150092400812194,Inductor_Short
23.231276600104476,16.216912387853682,0.7753400326072777,1.2691502400911074,0.6980637640800484,29.48398027464552,0.6980637640800486,Core_Saturation
22.96466085723105,0.0,0.9797001625335457,0.0,0.45964371982297036,0.0,0.0,Short_Circuit
22.934269444274445,1.2525787523166956,0.06794561630478206,0.8734665589132236,0.5461603018836959,20.032317412679088,0.0546160301883696,Switch_Open
22.27274647906185,9.43902951863271,1.5354181443591786,1.553757659156175,0.44609768064614874,34.60645043228608,0.42379279661384134,Cap_ESR_Increase
22.748497081642007,10.398662376180367,1.4562261970761539,0.7263239004403561,0.45711425853148197,16.52277712949428,0.4571142585314819,No_Fault
24.22219827954248,0.0,1.379563237612781,0.0,0.5782563013781632,0.0,0.0,Short_Circuit
23.16544429135098,14.076234617336238,1.0800435552980985,2.970879291845288,0.6751547904379533,68.82173873157026,0.607639311394158,Cap_Degrade
23.669579129316592,12.235836976863418,0.9446055992361009,0.9206393550668767,0.5169435801969285,21.791146064318433,0.5169435801969285,No_Fault
23.507467521388755,14.277494805696973,1.274849846534099,2.0878541973187676,0.6073599715795119,49.080164732866116,0.6073599715795119,Overcurrent
25.50361969999958,25.50361969999958,2.479643268731193,0.7510721261324125,0.3356826235267855,19.155057872151165,1.0,Switch_Short
25.62119599604206,0.9850407384085813,0.051907171504072716,1.6189895183559513,0.38446321497277075,41.48044776533556,0.03844632149727708,Switch_Open
23.97182788662344,1.2006353675007366,0.029366368627923457,0.6525141044783249,0.500852656367813,15.64195580614863,0.0500852656367813,Switch_Open
23.320623801262418,6.8237184171371545,1.5686894814656107,0.5068539461045769,0.3080046894515099,11.820150199290175,0.2926044549789344,Cap_ESR_Increase
22.427202816009455,22.427202816009455,1.9112050750033243,1.3356434339353542,0.4011419915050235,29.954746182739516,1.0,Switch_Short
25.81361151752838,11.777833631648186,0.8633337819162643,1.0333642248639614,0.5069605159299865,26.67486265675014,0.4562644643369878,Cap_Degrade
22.24090777960119,0.0,1.1295673951687717,0.0,0.30598447930252026,0.0,0.0,Short_Circuit
23.19060111027312,9.411175292710846,2.347675922333954,1.5934863908346426,0.40581851449041667,36.95390726449497,0.40581851449041667,Inductor_Short
23.192264804680015,11.72629499462442,1.4213758340606029,0.8314813755577827,0.5056123277903478,19.283936242095688,0.5056123277903478,Inductor_Short
23.28160514456086,12.322015335528802,2.0054082672149343,0.7195381126500525,0.5292596991924983,16.752002225181073,0.5292596991924983,Core_Saturation
22.657147373089636,15.187101228103408,1.5798741873247557,0.9354473799334072,0.6703006772221222,21.19456914692178,0.6703006772221222,Inductor_Short
25.13264572369479,14.027490884506252,1.3733678518286334,1.7437278912530905,0.5581382493002431,43.824495329389315,0.5581382493002431,Inductor_Short
22.489991447863957,10.477959295168208,0.9063998528544974,1.1684769313886634,0.46589432101199746,26.27903619395736,0.46589432101199746,Overcurrent
24.539626636612653,16.494076202095222,1.845840121346198,1.6269343714611908,0.672140470853227,39.924362037929704,0.6721404708532271,Core_Saturation
22.49538410682327,22.49538410682327,2.9309163568796066,0.7194177625083201,0.6139531933551177,16.183578900896023,1.0,Switch_Short
22.282142550371827,0.8467293681743675,0.06546406321857166,1.3935134721130773,0.380003568445099,31.050465831487184,0.038000356844509905,Switch_Open
25.637718014743506,0.9033115230280739,0.07201741888350958,0.7348100109094878,0.3523369445395279,18.838851854108047,0.035233694453952795,Switch_Open
22.760515065274824,11.68279459760398,0.6406058040765268,0.930071493458797,0.5703246542970931,21.168906238651605,0.5132921888673838,Cap_Degrade
25.28500061823882,25.28500061823882,1.1423535977273536,1.5201992501286392,0.5239532662307935,38.43823897934883,1.0,Switch_Short
24.178523484428542,14.89081385177724,1.586557142860007,0.8986229494198993,0.6158694455171022,21.727376086195477,0.6158694455171022,Core_Saturation
22.31142607843508,13.28694552801258,0.7902974830440344,0.9224844869390422,0.5955220200314746,20.58194443884355,0.5955220200314746,No_Fault
25.82179276575227,0.0,1.328054972969273,0.0,0.550084613543006,0.0,0.0,Short_Circuit
22.987844667967572,14.369646112427946,1.171987871402326,1.1303133224954478,0.6945528686515569,25.98346708365969,0.6250975817864012,Cap_Degrade
25.438581381410426,25.438581381410426,2.941456327971589,1.055681987220717,0.5134358920441634,26.85505214480329,1.0,Switch_Short
22.675240023138258,0.782845207761153,0.03773961778656521,0.985896754362831,0.34524230260068794,22.355445543210173,0.034524230260068796,Switch_Open
25.41577152856741,16.045216133176314,0.9857841143552324,1.609654527490248,0.6313094259263953,40.91061171061628,0.6313094259263953,Overcurrent
22.052915251621176,8.395639171857423,1.1013645251678885,0.4788052030254223,0.40074134493828356,10.559050564354909,0.3807042776913694,Cap_ESR_Increase
24.047121826277923,14.690888328781108,1.1087651922860644,1.5649222579970439,0.6109208592575672,37.631876186708844,0.6109208592575672,Core_Saturation
25.077770317686227,17.124175864472647,2.1801867989760155,1.305588026251648,0.6828428384000205,32.74123665186012,0.6828428384000205,Inductor_Short
25.739182069971132,14.895733260778256,1.886571972158479,1.5281543174230328,0.5787182055857365,39.3334422071639,0.5787182055857365,Inductor_Short
25.636808544825946,25.636808544825946,1.8934431119797472,0.8298944775673461,0.5384120643799204,21.275845833802403,1.0,Switch_Short
25.27849947819058,12.238698524084242,0.8627366479724836,0.645672219840052,0.48415447027001624,16.321624872308906,0.48415447027001624,No_Fault
25.552765398645217,10.25145139093783,0.5169293524255351,1.0970940838314942,0.4457639463981613,28.03378774438778,0.4011875517583452,Cap_Degrade
22.796878743348305,1.0058026224496819,0.05110476184573945,0.5887476775754188,0.44120190038873447,13.421609416114746,0.04412019003887346,Switch_Open
23.136737182846915,23.136737182846915,1.6704956714006622,1.0284017327428763,0.5545490822838363,23.7938606088563,1.0,Switch_Short
23.155874099684233,13.905316514020386,0.5013198689843297,1.2700452037237615,0.6005092467750983,29.409006838335234,0.6005092467750983,No_Fault
23.508215724006796,13.432754973946247,0.807943707661932,1.4083166454065827,0.5714068277937657,33.10701150792753,0.5714068277937657,Overcurrent
23.573282681540753,23.573282681540753,1.557256666179514,0.7066060421324153,0.37936404047742506,16.65702397567212,1.0,Switch_Short
24.178221298618702,12.03095893366159,0.8934481532236358,2.003297172615254,0.49759487205739644,48.43616236638876,0.49759487205739644,Overcurrent
22.639519053465765,12.564716323598924,0.631851989643397,0.9253823671330843,0.6166560288732251,20.950211732450715,0.5549904259859026,Cap_Degrade
24.764986655143957,24.764986655143957,2.0153676492701686,1.3614173164302559,0.49028163127562246,33.715481673477186,1.0,Switch_Short
22.670266157218027,10.500513190443513,1.19244035251813,1.1818641880743774,0.5146493118941975,26.79317570533052,0.46318438070477774,Cap_Degrade
23.24123392841819,14.141231492995068,2.2603711381091447,0.7450326264803127,0.6084544192683288,17.31547755633276,0.6084544192683288,Inductor_Short
24.013380522424615,12.200130294278312,1.3037549475691907,0.8931181350328568,0.5645061225060366,21.4467856280222,0.5080555102554329,Cap_Degrade
25.18576224609391,11.095614504652985,1.0472091167857893,0.6712581285864417,0.463737968352957,16.906147632336054,0.4405510699353091,Cap_ESR_Increase
24.95787693295491,16.426403179961998,1.5286375955095923,1.811733694098176,0.6581650844776875,45.21702657259006,0.6581650844776875,Core_Saturation
24.582137425642088,0.8973139636800398,0.06552009704294917,0.682012616529174,0.36502682746539145,16.765327865541895,0.03650268274653915,Switch_Open
22.62309304232068,0.0,0.9277011708192385,0.0,0.6982065794361298,0.0,0.0,Short_Circuit
24.18818138246231,8.406385505121317,2.403198699799194,0.8594995385641848,0.34754103139049486,20.789730736933162,0.34754103139049486,Inductor_Short
22.34978600719954,0.0,0.9346023687179918,0.0,0.30597998844169555,0.0,0.0,Short_Circuit
23.509452707186604,13.880140846361648,0.9177361945115626,1.2178808641300718,0.6560075604595058,28.631712578253477,0.5904068044135552,Cap_Degrade
23.654066121159836,8.472490586772581,1.2602056245291604,0.8702600665268195,0.39798140334638243,20.585189156230346,0.3581832630117442,Cap_Degrade
22.159245757783015,13.115611076916743,1.3496738309324223,1.7739000376419163,0.5918798509786883,39.308286883847764,0.5918798509786883,Inductor_Short
23.095952397879888,14.421254716715879,1.6771719438831472,0.7868311703192744,0.6244061499728277,18.172615254862084,0.6244061499728277,Inductor_Short
25.82259786906596,16.619283420968827,1.0862584151203527,0.8367857456161859,0.6435945564128467,21.607981811613293,0.6435945564128467,Core_Saturation
25.814530431318758,17.983374958224786,1.7182198859351943,1.3292726926644693,0.6966376942656667,34.31455037630797,0.6966376942656667,Inductor_Short
23.409308217010157,9.7760989452497,1.460749644732048,0.5882075702011815,0.4176158840159996,13.769532306418098,0.4176158840159996,Inductor_Short
22.172400435793296,0.0,1.0794056310866547,0.0,0.5840973367709036,0.0,0.0,Short_Circuit
22.716379757312726,7.863500729052763,1.947256203926768,0.5068409623158853,0.3461599433123313,11.513591776529479,0.3461599433123313,Core_Saturation
23.56887117373416,23.56887117373416,2.5732261224358037,1.9260366289135615,0.46272371654273975,45.394509182756956,1.0,Switch_Short
25.79111879187692,14.836851996581421,0.8645009645487924,2.2384901815430176,0.6391886773250361,57.73316618662609,0.5752698095925325,Cap_Degrade
22.56479625414874,9.079101392808155,1.4887604058942618,1.663340497673205,0.4470632184236433,37.532939431270236,0.402356896581279,Cap_Degrade
25.05406337467285,13.439955462168111,2.1877087294116015,2.610615528876781,0.5364381522142456,65.40652690738395,0.5364381522142456,Inductor_Short
22.43473015749877,11.251227555440053,1.3491004526674422,1.1732315699510776,0.5015093774898536,26.321133684111068,0.5015093774898536,Core_Saturation
25.92503030956511,14.476034301905434,2.6710785584828507,1.3298652215014344,0.558380612444818,34.4767961750612,0.558380612444818,Inductor_Short
23.52646599643654,16.21344650695236,1.8448110189639613,1.8819044928269235,0.6891577557550779,44.27456205903377,0.689157755755078,Core_Saturation
25.100938155596225,0.0,1.2492753368241045,0.0,0.32229421060056085,0.0,0.0,Short_Circuit
23.370364331244527,11.138926688841769,0.6961393497338716,0.9558724498289128,0.5295846070006519,22.339087406700948,0.4766261463005868,Cap_Degrade
24.510675508635234,15.02384149783162,1.0651567381054108,1.737904978732009,0.6452115117001138,42.5972249985419,0.6129509361151081,Cap_ESR_Increase
22.768064338960148,11.214480322788566,1.3618281308246027,0.661990046076797,0.492553084699371,15.072231960827708,0.492553084699371,No_Fault
22.58408407718785,7.110380498465326,1.104441808391633,1.4616127664895637,0.33141087437662914,33.00918560669144,0.31484033065779765,Cap_ESR_Increase
25.752256558272524,0.0,1.1834527434210504,0.0,0.5242157409667083,0.0,0.0,Short_Circuit
25.670589111617733,11.11098969589912,2.175867466068529,0.5750641372297796,0.43282955632952813,14.762235179652626,0.43282955632952813,Inductor_Short
25.549875760851528,9.248460074474973,1.3423567877183822,0.5875012597129625,0.36197671413517435,15.01058419500996,0.36197671413517435,No_Fault
24.501733800666372,14.888064833368912,0.863016923737763,0.979192699779344,0.6396138053133892,23.991918869549313,0.6076331150477197,Cap_ESR_Increase
25.233072844865113,0.0,1.075475277886365,0.0,0.5086398051964486,0.0,0.0,Short_Circuit
22.2761477476455,14.998765624913098,0.623234668009804,3.6869808035423186,0.6733105649516267,82.13172912244141,0.6733105649516267,Overcurrent
23.339156167562717,14.526444880094438,1.1902107766994678,1.45858944163363,0.6224066018412275,34.0422467626454,0.6224066018412275,Overcurrent
23.254812499028624,13.422415402237451,1.2319678383527122,0.808471215187371,0.5771887175094669,18.800846520044136,0.5771887175094669,No_Fault
24.542581287810453,0.0,0.5428373211889984,0.0,0.3020102013461248,0.0,0.0,Short_Circuit
23.423831093882562,10.483872328548765,1.2933700599907836,1.0594542120222428,0.47112938265529997,24.816476514111457,0.4475729135225349,Cap_ESR_Increase
22.594027126574723,8.563012299881374,1.3720352312486797,0.6493691972505232,0.3789945126608129,14.671865257840373,0.3789945126608129,Core_Saturation
24.385868301654174,16.19999965380002,0.9361453141645235,1.0939465686930585,0.6643191644195471,26.676836953195405,0.6643191644195471,Core_Saturation
25.257535682676327,9.341085193837692,1.8398150953969352,0.652987897166396,0.3698335938705441,16.49286511303603,0.3698335938705441,Inductor_Short
23.528493977839894,9.263234420735476,0.7636562226651399,0.6260621080876426,0.4144240206637142,14.730298539893848,0.3937028196305285,Cap_ESR_Increase
22.529074860393926,11.416264150476001,0.9155595321233165,1.8307834553195754,0.5067347070937996,41.24585751806537,0.5067347070937996,No_Fault
22.78675278925129,9.236506508692106,0.8843390279585277,1.7874699471567161,0.4053454475992317,40.73063580407616,0.4053454475992317,Overcurrent
22.949933220677536,7.930378887999489,1.2383916369360575,0.7655544663080873,0.38394587091164845,17.569423878562034,0.3455512838204836,Cap_Degrade
23.199590371978147,12.519420685398412,1.9113233372495382,1.4051861208765632,0.539639730041101,32.59974240072523,0.539639730041101,Core_Saturation
24.571180282025235,8.245395419010832,2.2140573087690933,1.08643444572584,0.3355718091020095,26.694976630531773,0.33557180910200946,Inductor_Short
24.403781938150875,0.7888939901307831,0.02613434210912238,1.11364168273619,0.3232671034883699,27.17706878272938,0.03232671034883699,Switch_Open
24.784319446268157,24.784319446268157,2.8620445581419878,1.0600131882232215,0.44889811807442853,26.2717054741815,1.0,Switch_Short
23.450007938126053,1.3794837253011678,0.059311664004822386,1.1123410591317404,0.5882657818031449,26.084406666542854,0.0588265781803145,Switch_Open
25.29599060751991,13.202551800770514,0.5341954499211888,2.2209144940398478,0.5219227033095791,56.18023218133683,0.5219227033095791,No_Fault
22.816350644623043,10.704304306946074,1.3188328992141178,0.5576067096240792,0.4691505873867115,12.722550208577493,0.4691505873867115,No_Fault
23.876162990072615,12.56603952074765,1.4005323094359923,0.7625648727619019,0.5263006256898329,18.207123192567153,0.5263006256898329,Inductor_Short
25.203754886165722,0.0,1.0792211895711068,0.0,0.4461805938613094,0.0,0.0,Short_Circuit
22.720634590930477,13.791713311508227,0.9666343699501871,2.0182157026391,0.6744585341728451,45.85514150534099,0.6070126807555605,Cap_Degrade
22.43945245496313,0.7224650012143843,0.04599193911775384,0.5139534816323373,0.32196195636430974,11.532834715151601,0.032196195636430974,Switch_Open
25.53473587075196,13.084533164774093,1.3897137201243974,1.1230118535131677,0.5693565916119341,28.675811059182326,0.5124209324507406,Cap_Degrade
23.371718651036783,15.343838667671235,0.9373612915626147,1.5548273047075387,0.6565130659311001,36.338986316574434,0.6565130659311001,Overcurrent
24.73548049963613,24.73548049963613,1.1506882351463015,0.948156730317836,0.6215538834941013,23.453112313375584,1.0,Switch_Short
22.101394417055754,22.101394417055754,2.893277454429905,0.6055430036412625,0.3736164139285787,13.38334475996417,1.0,Switch_Short
24.7601875536378,10.358933027217425,2.1308028468594413,0.5832013411035913,0.41837053959211534,14.440174587258015,0.4183705395921154,Core_Saturation
23.26440524618788,13.651999104666672,1.1844326895815986,1.8633944228976596,0.5868191754828418,43.35076298777755,0.5868191754828418,No_Fault
22.222963414349767,7.045186363450443,1.0646817809452276,1.4184456673123718,0.3337082236723062,31.52206616992578,0.31702281248869085,Cap_ESR_Increase
24.439251046192467,15.26829207265657,0.5928594729435213,1.9889005205908075,0.6247446799330336,48.607239128621636,0.6247446799330336,Overcurrent
22.963215264292693,13.492330548869704,1.290748118577476,2.083863205709952,0.5875627778419161,47.852199374056674,0.5875627778419161,No_Fault
23.54722896820752,13.936254620970766,0.575477914424029,2.0703030673830156,0.591842659694137,48.74990036125023,0.591842659694137,No_Fault
22.322323249146056,6.83257057448762,0.5686009848951457,0.4694895528214309,0.34009654810703654,10.480097560177013,0.3060868932963329,Cap_Degrade
22.588653004379783,22.588653004379783,2.0747676848787364,1.4641046894010188,0.5871042179264923,33.07215279096485,1.0,Switch_Short
23.191908941983375,1.326408470547957,0.03300641200923201,0.9192358644689672,0.571927250087988,21.318834464969658,0.0571927250087988,Switch_Open
22.359038002240627,14.139162420353067,0.7615954010105235,0.7536423497362009,0.6323689963287402,16.850717937849637,0.6323689963287402,Core_Saturation
25.643305058745263,8.119654635821528,1.8462268619915725,0.8330313285431945,0.3166383825025878,21.361676481324988,0.3166383825025878,Inductor_Short
22.024188172735915,6.8108539362737215,0.9558258474150989,0.8248419533324917,0.30924426738711686,18.166474392961852,0.30924426738711686,Core_Saturation
23.935440875457246,10.751868016744801,0.6605154152806912,3.258910503406821,0.4492028399514243,78.00345967270057,0.44920283995142435,Overcurrent
22.492989832530206,8.086574292086507,0.5769106387353347,1.1623759316972635,0.35951531353966115,26.145310013244373,0.3595153135396611,No_Fault
23.230716357911795,12.157883474211372,1.057640630585415,2.0490790333452327,0.5233537910280888,47.601573818587184,0.5233537910280888,Core_Saturation
25.70423823927306,17.143173356927882,1.8232262696615842,2.7148317367831307,0.6669395606026995,69.78268174181305,0.6669395606026995,Core_Saturation
22.64677821309595,9.82331854929523,1.4398200379395707,0.900720672170612,0.4565918921336063,20.398421294598556,0.43376229752692597,Cap_ESR_Increase
25.86332927887333,0.0,0.9525336440293006,0.0,0.6379801509090416,0.0,0.0,Short_Circuit
22.823177507957688,6.84915226113867,1.0065538158814178,0.43909291322743405,0.30009634980714656,10.02149550107599,0.30009634980714656,No_Fault
24.96626443386732,0.9172751789992541,0.026632751729710132,0.5080836593294119,0.36740585738367365,12.684950993345057,0.03674058573836737,Switch_Open
24.186709059589248,7.5503508387472715,0.8539743920569753,0.45018672743809957,0.3121694158616342,10.888535399033918,0.3121694158616342,Core_Saturation
25.537914910387038,11.013452382747007,0.7575677256495169,1.6996647046762612,0.43125887220602743,43.40589260421047,0.43125887220602743,Overcurrent
24.215973022012523,0.0,1.0438984207131474,0.0,0.663275838278601,0.0,0.0,Short_Circuit
24.138236876625236,0.0,1.2395511487349928,0.0,0.3387808494395951,0.0,0.0,Short_Circuit
22.7818320014736,12.360599863573427,1.105003061338033,2.3673797828080683,0.5425639106975201,53.93324849561847,0.5425639106975201,Overcurrent
22.664917448206634,0.0,0.8921278549867883,0.0,0.48059837564777763,0.0,0.0,Short_Circuit
25.665956604462057,17.334460746637827,0.6183240730031382,0.982846548261635,0.6753872849463249,25.225696856528447,0.6753872849463249,No_Fault
23.311352795400136,8.135840620968885,1.2807732348871894,1.6153361491023561,0.34900765701483755,37.6556708548881,0.34900765701483755,Overcurrent
23.488329019851584,8.58664213796564,0.9501646567589629,1.0924417347320192,0.3848111402008916,25.659630900403094,0.36557058319084706,Cap_ESR_Increase
25.039294633713553,7.807672412563305,1.2360540144827896,0.4320366889037847,0.3118167874445973,10.817893946035909,0.3118167874445973,No_Fault
23.35529392969123,1.1060462299545237,0.05064894209571709,0.5968302130889886,0.4735740998525495,13.93914505281358,0.04735740998525495,Switch_Open
25.80824978655601,0.0,1.2386620535618253,0.0,0.4111331598258617,0.0,0.0,Short_Circuit
24.951711075995203,16.167769933088586,2.110934342178858,1.5663375883532389,0.6479623735561283,39.08280295206112,0.6479623735561282,Core_Saturation
24.38971697029368,12.557716719249266,1.5631324676591822,0.9652574946111894,0.541976325279102,23.542357097021686,0.514877509015147,Cap_ESR_Increase
25.52358064217901,13.926591981588919,1.0351067800006035,0.8703237476318346,0.5456362951902807,22.213778357484582,0.5456362951902807,No_Fault
22.19842363339793,11.382558683822205,1.517262547148458,1.9139235102207688,0.512764278752521,42.486084881800636,0.512764278752521,Core_Saturation
23.028250768756834,7.754536270190618,0.7656784655028372,1.1157481840317909,0.33674013489168036,25.69372897666913,0.33674013489168036,Overcurrent
23.86014533688364,23.86014533688364,2.871599663058583,0.5911854595723691,0.47800747349014205,14.105770986449075,1.0,Switch_Short
22.907914157886083,1.6031005881847564,0.04789595835998105,1.794902333464333,0.6998020758834066,41.11746857679036,0.06998020758834067,Switch_Open
24.97562074920861,1.583683422748279,0.031379561964368856,0.8499617466381679,0.6340917163384059,21.228322235369816,0.06340917163384059,Switch_Open
25.6768321242149,16.035552450010613,1.025975406089205,0.8767436373690248,0.6573836216668463,22.511999192697996,0.624514440583504,Cap_ESR_Increase
23.695080479723693,14.165535574164029,0.6897585752618044,1.6499488192567588,0.6292905436985997,39.09567005971398,0.5978260165136697,Cap_ESR_Increase
23.36853040044758,0.0,1.002531684257075,0.0,0.3412166773723931,0.0,0.0,Short_Circuit
25.846202928550266,10.105330370686387,1.061275514856212,2.355108787376603,0.3909793016259198,60.87061963734762,0.3909793016259198,Overcurrent
23.779409731310164,0.0,0.8377557614935853,0.0,0.30124866054256383,0.0,0.0,Short_Circuit
23.956193601797132,1.0095237005213404,0.028582530711574235,0.595192424020771,0.4214040499512446,14.25854494016452,0.04214040499512446,Switch_Open
23.406599489367622,7.234948650719042,1.443503535633239,0.9231457112760569,0.343442960938597,21.607701934166066,0.3090986648447373,Cap_Degrade
25.638193892048555,0.0,1.2733531134834295,0.0,0.4891173381206332,0.0,0.0,Short_Circuit
24.275821933127403,24.275821933127403,2.677762161010242,0.8065548527633604,0.5708509954295607,19.57978198498313,1.0,Switch_Short
25.048698348726578,16.276697240527145,0.8668683942862294,3.136563109702764,0.6498021180152308,78.56682318668832,0.6498021180152308,Overcurrent
25.247226873403545,0.0,1.2608310300194505,0.0,0.5996868660363592,0.0,0.0,Short_Circuit
23.367396167669032,15.783139431830307,0.9853728951691942,2.474052408547337,0.675434238311402,57.81216277010139,0.675434238311402,No_Fault
23.73477732528152,7.63213876586843,0.701083488406046,1.1198433620498276,0.3215593161575155,26.57923283744727,0.3215593161575155,Overcurrent
25.393887097625058,7.74188347546164,0.6244233769072133,0.39355893439052425,0.30487193416661656,9.9939911461746,0.30487193416661656,No_Fault
23.45302140670324,23.45302140670324,1.6901017386441137,0.7633684670098574,0.5645352455344851,17.90329699798442,1.0,Switch_Short
25.175740533807407,1.0466586641177051,0.03187760557375698,0.9071723369163286,0.4157409640888985,22.838735373653204,0.04157409640888985,Switch_Open
25.763969290297748,1.0341667744692689,0.07491344881020344,0.7925066487791932,0.40140040644230923,20.418116961503916,0.04014004064423092,Switch_Open
24.492841492272028,9.530638599573951,0.5491889902320221,1.1519300096089733,0.4323548350775177,28.214039135543977,0.389119351569766,Cap_Degrade
24.966509149807557,1.0184299044122955,0.04705717996845383,1.3677565730561185,0.40791842315694565,34.148106995915015,0.04079184231569457,Switch_Open
25.22038924816454,12.725566871492747,0.9520935223903841,2.0808340630230875,0.5045745625206349,52.47944503028201,0.5045745625206349,Overcurrent
25.380158595586572,0.0,0.8006319285816755,0.0,0.476059378889653,0.0,0.0,Short_Circuit
23.580213351427183,11.311967141309987,1.1784867222776398,0.9281612672934034,0.5049714205506625,21.886240707309486,0.4797228495231293,Cap_ESR_Increase
22.205053836703993,1.26365729350315,0.032498851207577235,0.655013885595619,0.5690854446001744,14.54461859343939,0.05690854446001744,Switch_Open
23.607505084946958,10.201029423658186,1.4123036186459572,0.7638069179388217,0.4548522035884593,18.0315756991584,0.43210959340903626,Cap_ESR_Increase
24.695024919136358,24.695024919136358,1.6648954364952766,0.702152618663988,0.40052307485686267,17.339676414944034,1.0,Switch_Short
23.80140154312317,8.72274274824398,1.6370138846979625,1.2604443013203832,0.3664802147234982,30.000340938467776,0.3664802147234982,Core_Saturation
24.995852603441595,10.992917213254493,1.2156392360669592,1.1021941847868872,0.4397896478130502,27.5502833833035,0.43978964781305024,Overcurrent
23.427929717874655,13.979974901895051,1.389042117690161,0.8425389882380051,0.5967225900984687,19.738944201009204,0.5967225900984687,No_Fault
24.538976564416117,14.789198591486416,2.6715748729044,0.8144706320349737,0.6026819640445877,19.986275751911403,0.6026819640445877,Inductor_Short
22.745679219415898,11.602251147521336,1.1083090281035597,1.149528116522626,0.5667621546736841,26.146797792122992,0.5100859392063157,Cap_Degrade
24.99747774657983,0.9839288965696462,0.04441965901919435,0.7851380983618081,0.3936112701227498,19.626472141791304,0.03936112701227499,Switch_Open
24.182783875252102,12.943460195980641,1.504807005112446,1.0087445101711159,0.5352344983418791,24.39425047481514,0.5352344983418791,Core_Saturation
22.816257554186404,0.0,1.2687347933788025,0.0,0.5282758646307392,0.0,0.0,Short_Circuit
23.167644693991228,10.294214664819423,1.377545542559473,0.7455198016515198,0.49370647924389016,17.271937876997224,0.44433583131950116,Cap_Degrade
24.99443483432733,1.2996896024466558,0.030189096408833594,0.700843392879498,0.5199915945535457,17.51718451239548,0.05199915945535458,Switch_Open
23.93040494264608,11.88662107706761,1.769712524986107,1.5943239135013627,0.4967162530494672,38.15281685983185,0.49671625304946715,Inductor_Short
22.86412576157229,12.030703915111713,2.552233196827001,1.9112209143025962,0.5261825464296432,43.698395342761735,0.5261825464296432,Inductor_Short
25.86908476148119,25.86908476148119,1.863303525187922,0.9434611804746234,0.5862023818484514,24.406477246865133,1.0,Switch_Short
24.860500079267553,8.548314718042933,1.2483416460994259,0.9395789077845058,0.34385127776137586,23.358401511454826,0.3438512777613758,Core_Saturation
25.828539330159185,15.493257087960242,0.9113226968232696,1.0790725627784958,0.5998503008596094,27.870868127820046,0.5998503008596094,No_Fault
23.708420181441372,8.401184432057782,1.654267120179526,0.5442459381833106,0.35435446005103766,12.903211384492694,0.35435446005103766,Core_Saturation
23.900401362766882,0.0,1.4998051441338016,0.0,0.3266511993641499,0.0,0.0,Short_Circuit
25.591820864740075,16.785938408657692,1.0922916720149851,1.025671071713704,0.690431874488587,26.248790333443086,0.6559102807641577,Cap_ESR_Increase
24.10019736098154,24.10019736098154,1.416988949908521,1.2419426915532314,0.6827967075481766,29.9310639774615,1.0,Switch_Short
24.829115647622668,7.2440721717800445,0.6628465752790947,0.446297368627607,0.3241746179762256,11.08116897888454,0.2917571561786031,Cap_Degrade
23.00869150998212,10.982080131248763,0.5423497474764143,0.6676278731036881,0.47730137658998484,15.36124377570825,0.47730137658998484,No_Fault
23.78690587481056,8.908148089241823,1.0588172349183216,0.49411108194835557,0.37449797531990986,11.753373798006342,0.3744979753199098,No_Fault
22.49379946324142,10.559288145950475,1.149029300637718,2.096219956111461,0.4941379588537672,47.15195132361594,0.46943106091107883,Cap_ESR_Increase
22.82392014350785,1.4426335682724392,0.03526169633901546,1.6672844965314597,0.6320708971998349,38.05396820534273,0.0632070897199835,Switch_Open
22.003773661070525,1.4967950630717604,0.05976647032262836,2.3571133673619893,0.680244709897156,51.865389028916994,0.0680244709897156,Switch_Open
22.15706020659464,11.041548978119076,1.2411070416296808,1.0547785281370388,0.5537010613806149,23.370791352555646,0.4983309552425535,Cap_Degrade
25.909135292707717,10.296446861583988,0.7590982053821113,0.623480624734279,0.4415622668847268,16.153843858622363,0.3974060401962541,Cap_Degrade
22.969414780547048,12.434038500163693,1.266149646044605,1.0350396174438483,0.5413302262578393,23.774254287366492,0.5413302262578393,Core_Saturation
24.65324283801601,10.47271043751272,2.9809433446945133,0.5901549667608176,0.4248005224433801,14.549233707615702,0.4248005224433801,Inductor_Short
25.356398795198444,16.83486006665438,1.3113967017761012,1.699173872374765,0.6639294563328241,43.08493033031616,0.6639294563328241,Core_Saturation
24.202641836946256,15.687188816388966,1.2608016717561017,3.108358727920831,0.6481601852423348,75.23049299261375,0.6481601852423348,Overcurrent
22.612578000335823,11.832996998285875,0.95272542662994,1.283863024403055,0.5232927001118644,29.031452781061137,0.5232927001118644,Overcurrent
24.912465749344666,10.71035646673841,1.293344827860976,0.9405562973430258,0.4299195661521442,23.431576542888568,0.4299195661521442,No_Fault
24.40100564039833,10.183902943613456,1.903534858173972,0.6045121320897427,0.4173558702331913,14.750703944811034,0.4173558702331913,Core_Saturation
24.925002357389502,0.0,1.1677560251985355,0.0,0.3133671978820238,0.0,0.0,Short_Circuit
25.07898649142835,25.07898649142835,2.7095566925911587,0.8167465590577568,0.6263283404101181,20.48317592153007,1.0,Switch_Short
25.90164147073898,0.0,1.4392184948776852,0.0,0.4801532852156032,0.0,0.0,Short_Circuit
24.29425312010684,10.447820600127091,1.079983320452084,0.6374566180135391,0.43005317136010573,15.486532431108179,0.43005317136010573,No_Fault
23.366564450762407,10.271935372157417,0.7374689072227457,1.7994225882753059,0.4884441419991015,42.04632388309264,0.43959972779919143,Cap_Degrade
24.593858227600947,15.432527893397326,1.79725792328815,1.2455668681813308,0.6274951961818608,30.633294969048567,0.6274951961818608,Inductor_Short
22.273762836970505,7.792379774528874,2.5166114270265867,0.4208553467389068,0.34984568308300845,9.374032181933398,0.34984568308300845,Inductor_Short
25.589589273286347,25.589589273286347,2.301766970247739,0.9063716545684735,0.6430623952967309,23.193678369356206,1.0,Switch_Short
22.477524045352787,14.812767782431674,1.3555966771304975,2.597724294411634,0.6590035340433416,58.39041029083461,0.6590035340433416,Inductor_Short
23.311371351543272,15.82103531298308,0.5512395411464247,1.6557033470784346,0.6786831660135553,38.59671557173853,0.6786831660135553,No_Fault
25.262981522504482,10.4360284619527,1.182961593542065,0.9953464508586846,0.4589951969690511,25.145418996533365,0.413095677272146,Cap_Degrade
24.38924951332285,8.963374878826448,0.82618692643228,1.2440883462515722,0.38685616161506875,30.342381093346784,0.3675133535343153,Cap_ESR_Increase
